Ingredient,Ingredient Class,Product Count,Top Indications,Indication Profile,Breadth Score,Specificity Score,Most Related Indication,Rx Count,OTC Count,待人工確認 Count,中藥 Count,含防腐劑 Count,Common Co-occurring Ingredients,Representative Products,Notes
Chlorpheniramine Maleate,抗過敏成分,55,眼睛疲勞(51)；眼睛癢(46)；眼睛紅(31)；結膜炎(8)；角膜炎(8)；麥粒腫(6)；角膜潰瘍(1),眼睛疲勞:51；眼睛癢:46；眼睛紅:31；結膜炎:8；角膜炎:8；麥粒腫:6；角膜潰瘍:1,7,92.7,眼睛疲勞,0,0,55,0,0,Chondroitin sulfate(32)；Neostigmine Methylsulfate(26)；Pyridoxine HCL(19)；Cyanocobalamin (Vit B12)(17)；Tetrahydrozoline(15)；Taurine (EQ TO 2-Aminoethane Sulfonic Acid)(14)；Aminocaproic Acid Epsilon-(13)；Panthenol(13),"""三友""舒目眼藥水；""派頓""眼晶眼藥水；“佐藤”視樂優點眼液；參天維生素涼感眼藥水；參天維生素溫和眼藥水；參天維視眼藥水；新鮮視點眼液；樂敦舒視齡眼藥水",依 TFDA 開放資料與規則分類自動整理，藥品分類欄位待人工確認時請回查原始許可證。
Chondroitin sulfate,角膜修復／其他成分,46,眼睛疲勞(40)；眼睛癢(27)；眼睛紅(24)；角膜炎(12)；結膜炎(10)；麥粒腫(6)；眼睛乾澀(4)；角膜潰瘍(2),眼睛疲勞:40；眼睛癢:27；眼睛紅:24；角膜炎:12；結膜炎:10；麥粒腫:6；眼睛乾澀:4；角膜潰瘍:2；術後發炎:1；角膜修復:1；抗病毒:1,11,87.0,眼睛疲勞,0,0,46,0,0,Chlorpheniramine Maleate(32)；Pyridoxine HCL(14)；Cyanocobalamin (Vit B12)(13)；Neostigmine Methylsulfate(12)；Taurine (EQ TO 2-Aminoethane Sulfonic Acid)(10)；Naphazoline(9)；Tetrahydrozoline(9)；Panthenol(8),"樂敦乾眼淚液眼藥水；樂敦視涵點眼液-水潤型；""中美"" 可愛Ｂ１２眼藥水；""應元 "" 益眼乙１２眼藥水；""杏輝""欣吉視點眼液；""派頓""舒適優眼藥水；""西德有機"" 愛視力點眼液；""陽生""涼爽B12眼藥水",依 TFDA 開放資料與規則分類自動整理，藥品分類欄位待人工確認時請回查原始許可證。
Atropine,散瞳／睫狀肌麻痺成分,41,睫狀肌麻痺(39)；散瞳(38)；待人工確認(2),睫狀肌麻痺:39；散瞳:38；待人工確認:2,3,95.1,睫狀肌麻痺,0,0,41,0,0,,"""五福"" 樂托品點眼液0.05%；""五福"" 硫酸阿托品點眼液 0.125%；""五福"" 硫酸阿托品點眼液 0.25%；""五福""樂托品點眼液0.01%；""五福""樂托品點眼液單支裝0.01%；""五福""樂托品點眼液單支裝0.05%；""五福""硫酸阿托品點眼液0.5%；""信東""硫酸阿托品眼藥水0.01%",依 TFDA 開放資料與規則分類自動整理，藥品分類欄位待人工確認時請回查原始許可證。
Neostigmine Methylsulfate,其他成分,41,眼睛疲勞(32)；眼睛癢(27)；眼睛紅(21)；待人工確認(5)；結膜炎(1)；角膜炎(1)；麥粒腫(1),眼睛疲勞:32；眼睛癢:27；眼睛紅:21；待人工確認:5；結膜炎:1；角膜炎:1；麥粒腫:1,7,78.0,眼睛疲勞,0,0,41,0,0,Chlorpheniramine Maleate(26)；Aminocaproic Acid Epsilon-(12)；Chondroitin sulfate(12)；Pyridoxine Hydrochloride(11)；Taurine (EQ TO 2-Aminoethane Sulfonic Acid)(10)；Potassium L-Aspartate(10)；Tetrahydrozoline(10)；Pyridoxine HCL(8),"""台灣塩野義""硫酸甲酯新斯狄明點眼液０．０１％；""杏輝"" 舒明視眼藥水；寧舒通點眼液 0.005%；寧舒通點眼液 0.01%；愛視明點眼液（硫酸甲酯新斯狄明）；舒視明點眼液；視明眼藥水 ０．０１％；護眼眼藥水 0.01%",依 TFDA 開放資料與規則分類自動整理，藥品分類欄位待人工確認時請回查原始許可證。
Timolol,青光眼成分,35,青光眼(35)；降眼壓(21),青光眼:35；降眼壓:21,2,100.0,青光眼,0,0,35,0,0,Latanoprost(5)；Dorzolamide(4)；Brimonidine(2)；Brinzolamide(1)；Tafluprost(1)；Travoprost(1),"""五福"" 滴目露眼藥水０．５％（第莫洛）；""杏輝""滴青點眼液５毫克/毫升（第莫洛）；""瑞化""視壓穩複方點眼液劑0.05毫克+5毫克/毫升；""聯邦""複方樂舒坦眼藥水；""麥迪森"" 克壓眼藥水0.25%；“政德”樂目朗眼藥水 0.25%；“派頓”壓解眼藥水 0.25%；“派頓”壓解眼藥水 0.5%",依 TFDA 開放資料與規則分類自動整理，藥品分類欄位待人工確認時請回查原始許可證。
Tetrahydrozoline,退紅／血管收縮成分,28,眼睛紅(22)；眼睛疲勞(17)；眼睛癢(15)；結膜炎(12)；過敏性結膜炎(4)；角膜炎(4),眼睛紅:22；眼睛疲勞:17；眼睛癢:15；結膜炎:12；過敏性結膜炎:4；角膜炎:4,6,78.6,眼睛紅,0,0,28,0,0,Chlorpheniramine Maleate(15)；Neostigmine Methylsulfate(10)；Chondroitin sulfate(9)；Potassium L-Aspartate(8)；Aminocaproic Acid Epsilon-(6)；Pyridoxine Hydrochloride(6)；Zinc Sulfate Hydrate(5)；Antazoline HCL(4),“應元”傑敏眼藥水；“杏輝”舒明麗眼藥水；“派頓”復舒寧眼藥水；“派頓”沙芬眼藥水；“聯邦”敏克安眼藥水；參天極滴晰睛眼藥水；參天極滴潤睛眼藥水；參天沁涼眼藥水,依 TFDA 開放資料與規則分類自動整理，藥品分類欄位待人工確認時請回查原始許可證。
Cyanocobalamin (Vit B12),其他成分,27,眼睛疲勞(25)；眼睛癢(12)；眼睛紅(11)；結膜炎(6)；角膜炎(6)；麥粒腫(5),眼睛疲勞:25；眼睛癢:12；眼睛紅:11；結膜炎:6；角膜炎:6；麥粒腫:5,6,92.6,眼睛疲勞,0,0,27,0,0,Chlorpheniramine Maleate(17)；Chondroitin sulfate(13)；Pyridoxine HCL(11)；Neostigmine Methylsulfate(6)；Pyridoxine Hydrochloride(5)；Panthenol(5)；Tetrahydrozoline(4)；Taurine (EQ TO Aminoethyl Sulfonic Acid )(3),"""應元""舒視B12眼藥水0.02%；""麥迪森"" 眼爽朗眼藥水；參天潤澤眼藥水；參天維視眼藥水；散克巴點眼液；新鮮視點眼液；水潤澤眼藥水；眼爽點眼液",依 TFDA 開放資料與規則分類自動整理，藥品分類欄位待人工確認時請回查原始許可證。
Neomycin (Sulfate),其他成分,27,結膜炎(22)；角膜炎(19)；角膜潰瘍(11)；消炎(9)；麥粒腫(4)；待人工確認(4)；術後發炎(3)；抗菌(3),結膜炎:22；角膜炎:19；角膜潰瘍:11；消炎:9；麥粒腫:4；待人工確認:4；術後發炎:3；抗菌:3；角膜修復:2；眼睛紅:1；過敏性結膜炎:1,11,81.5,結膜炎,0,0,27,0,0,Betamethasone(11)；Dexamethasone(9)；Hydrocortisone Acetate(5)；Triamcinolone Acetonide(1)；Prednisolone(1)；Polymyxin B Sulfate(1),"康體邁新眼藥膏；眼用溫拿可通軟膏；""派頓""欣可爽點眼液；康體邁新點眼液；明晶點眼液；視可定眼用懸浮液；""應元""明美眼藥水；""杏輝""滴朗眼液",依 TFDA 開放資料與規則分類自動整理，藥品分類欄位待人工確認時請回查原始許可證。
Betamethasone,類固醇成分,26,角膜炎(20)；角膜潰瘍(13)；結膜炎(13)；消炎(9)；待人工確認(5)；術後發炎(2)；抗菌(1),角膜炎:20；角膜潰瘍:13；結膜炎:13；消炎:9；待人工確認:5；術後發炎:2；抗菌:1,7,76.9,角膜炎,0,0,26,0,0,Neomycin (Sulfate)(11)；Gentamicin(8)；Neomycin Sulfate(2)；Fradiomycin Sulfate (EQ TO Neomycin Sulfate)(1),"""三友""睛寧眼藥水；""人人""美佳健眼藥水；""杏輝""怡視點眼液；""永信""佳爽眼藥水；""派頓""健得隆眼藥水；""溫士頓""佳必得點眼液；亮眼眼藥水；視敏樂眼藥水",依 TFDA 開放資料與規則分類自動整理，藥品分類欄位待人工確認時請回查原始許可證。
Dexamethasone,類固醇成分,25,結膜炎(21)；角膜炎(18)；角膜潰瘍(7)；消炎(4)；抗菌(3)；角膜修復(3)；術後發炎(2)；麥粒腫(2),結膜炎:21；角膜炎:18；角膜潰瘍:7；消炎:4；抗菌:3；角膜修復:3；術後發炎:2；麥粒腫:2；過敏性結膜炎:2；待人工確認:1；抗病毒:1,11,84.0,結膜炎,0,0,25,0,0,Neomycin (Sulfate)(9)；Neomycin Sulfate(5)；Polymyxin B Sulfate(2)；Chloramphenicol(1)；Tobramycin(1)；Gentamicin(1)；Ofloxacin(1)；Chondroitin sulfate(1),"""派頓"" 克滴康 眼藥水；可必妥眼藥膏；得夏新點眼液；黛珂莎點眼液；""中美"" 滴佳眼藥水；""應元""明美眼藥水；""杏輝""滴朗眼液；""派頓""派敏鬆眼藥水",依 TFDA 開放資料與規則分類自動整理，藥品分類欄位待人工確認時請回查原始許可證。
Gentamicin,抗菌成分,23,角膜炎(22)；角膜潰瘍(13)；結膜炎(12)；麥粒腫(8)；抗菌(3)；消炎(2)；術後發炎(1),角膜炎:22；角膜潰瘍:13；結膜炎:12；麥粒腫:8；抗菌:3；消炎:2；術後發炎:1,7,95.7,角膜炎,0,0,23,0,0,Betamethasone(8)；Hydrocortisone Acetate(1)；Dexamethasone(1),"""三友""睛寧眼藥水；""五福"" 見達眼藥水（紫菌素）３毫克/毫升；""人人""紫菌素眼用軟膏３公絲/公克；""人人""美佳健眼藥水；""人人""見大黴素眼藥水；""杏輝""怡視點眼液；""杏輝""見大黴素點眼液；""永信""佳爽眼藥水",依 TFDA 開放資料與規則分類自動整理，藥品分類欄位待人工確認時請回查原始許可證。
Naphazoline,退紅／血管收縮成分,23,眼睛紅(23)；眼睛疲勞(18)；眼睛癢(11)；角膜炎(3)；結膜炎(2)；眼睛乾澀(1)；角膜潰瘍(1)；術後發炎(1),眼睛紅:23；眼睛疲勞:18；眼睛癢:11；角膜炎:3；結膜炎:2；眼睛乾澀:1；角膜潰瘍:1；術後發炎:1；角膜修復:1,9,100.0,眼睛紅,0,0,23,0,0,Chlorpheniramine Maleate(10)；Chondroitin sulfate(9)；Neostigmine Methylsulfate(7)；Allantoin(5)；Taurine (EQ TO 2-Aminoethane Sulfonic Acid)(4)；Pyridoxine HCL(3)；Cyanocobalamin (Vit B12)(3)；Aspartate Potassium Magnesium L- ( EQ TO Magnesium Potassium L-Aspartate)(3),"""佐藤"" 視朗點眼液；""派頓"" 晶潤 眼藥水；""派頓""保滴明點眼液；""派頓""保麗晶眼藥水；""派頓""舒明點眼液；""溫士頓""溫美眼眼藥水；e視界－５０點眼液；“佐藤”視敏寧點眼液",依 TFDA 開放資料與規則分類自動整理，藥品分類欄位待人工確認時請回查原始許可證。
Pyridoxine HCL,其他成分,23,眼睛疲勞(21)；眼睛癢(13)；眼睛紅(12)；結膜炎(7)；角膜炎(7)；麥粒腫(5)；角膜潰瘍(1),眼睛疲勞:21；眼睛癢:13；眼睛紅:12；結膜炎:7；角膜炎:7；麥粒腫:5；角膜潰瘍:1,7,91.3,眼睛疲勞,0,0,23,0,0,Chlorpheniramine Maleate(19)；Chondroitin sulfate(14)；Cyanocobalamin (Vit B12)(11)；Neostigmine Methylsulfate(8)；Panthenol(7)；Taurine (EQ TO 2-Aminoethane Sulfonic Acid)(6)；Glycyrrhizinate Dipotassium (EQ TO Dipotassium Glycyrrhizinate)(4)；Dipotassium Glycyrrhizinate(4),"""三友""舒目眼藥水；""派頓""眼晶眼藥水；參天維生素涼感眼藥水；愛力舒酷爾點眼液；新鮮視點眼液；迪多眼藥水；""中美"" 可愛Ｂ１２眼藥水；""應元 "" 益眼乙１２眼藥水",依 TFDA 開放資料與規則分類自動整理，藥品分類欄位待人工確認時請回查原始許可證。
Sodium chloride,人工淚液／潤滑成分,20,眼睛乾澀(17)；眼睛疲勞(6)；抗菌(1)；潤滑保濕(1)；待人工確認(1),眼睛乾澀:17；眼睛疲勞:6；抗菌:1；潤滑保濕:1；待人工確認:1,5,85.0,眼睛乾澀,0,0,20,0,1,Potassium Chloride(13)；Chondroitin sulfate(5)；Hypromellose(3)；Sodium Phosphate Monobasic (EQ TO Monosodium Phosphate)(EQ TO Sodium Dihydrogen Phosphate)(3)；Boric Acid(3)；Sodium Carbonate Anhydrous(3)；Calcium Chloride Hydrate(2)；Sodium Bicarbonate ( EQ TO Sodium Hydrogen Carbonate)(2),"""信東"" 人工淚液；""派頓""派滴兒點眼液；""派頓""滴潤人工淚液；參天柔潤人工淚液點眼液；新一點靈玻潤人工淚液；新鮮視人工淚液；樂敦乾眼保濕人工淚液；樂敦乾眼淚液眼藥水",依 TFDA 開放資料與規則分類自動整理，藥品分類欄位待人工確認時請回查原始許可證。
Taurine (EQ TO 2-Aminoethane Sulfonic Acid),其他成分,19,眼睛疲勞(16)；眼睛癢(13)；眼睛紅(10)；結膜炎(4)；角膜潰瘍(3)；麥粒腫(3)；角膜炎(2),眼睛疲勞:16；眼睛癢:13；眼睛紅:10；結膜炎:4；角膜潰瘍:3；麥粒腫:3；角膜炎:2,7,84.2,眼睛疲勞,0,0,19,0,0,Chlorpheniramine Maleate(14)；Neostigmine Methylsulfate(10)；Chondroitin sulfate(10)；Aminocaproic Acid Epsilon-(7)；Pyridoxine HCL(6)；Potassium L-Aspartate(6)；Panthenol(4)；Pyridoxine Hydrochloride(4),"""派頓""好明亮眼藥水；""派頓""眼晶眼藥水；參天維生素涼感眼藥水；參天維生素溫和眼藥水；樂敦舒視齡眼藥水；補又晶眼藥水；明晶可寧點眼劑；舒敏明眼藥水",依 TFDA 開放資料與規則分類自動整理，藥品分類欄位待人工確認時請回查原始許可證。
Tropicamide,散瞳／睫狀肌麻痺成分,18,睫狀肌麻痺(11)；散瞳(9)；待人工確認(4),睫狀肌麻痺:11；散瞳:9；待人工確認:4,3,61.1,睫狀肌麻痺,0,0,18,0,0,Phenylephrine(2),"""五福""特必邁眼藥水10毫克/毫升(挫匹卡邁)；""杏輝""露光眼藥水１０毫克/毫升（挫匹卡邁）；""杏輝""露光點眼液５毫克/毫升（挫匹卡邁）；""派頓""瞳必康眼藥水 １．０％；""溫士頓"" 視必康點眼液；""麥迪森"" 眼亮眼藥水0.5%；“應元”必康眼藥水0.5%；“派頓”瞳必康眼藥水 0.5%",依 TFDA 開放資料與規則分類自動整理，藥品分類欄位待人工確認時請回查原始許可證。
Latanoprost,青光眼成分,17,青光眼(17)；降眼壓(17),青光眼:17；降眼壓:17,2,100.0,青光眼,0,0,17,0,0,Timolol(5),"""日東""拉坦素眼藥水；""瑞化""舒壓明點眼液劑0.05毫克/毫升；""瑞化""視壓穩複方點眼液劑0.05毫克+5毫克/毫升；""聯邦"" 優舒坦眼藥水 0.05 毫克/毫升；""聯邦""複方樂舒坦眼藥水；博士倫凡視達眼用液劑；博士倫博舒坦眼用液劑0.005%；吉緩而舒點眼液",依 TFDA 開放資料與規則分類自動整理，藥品分類欄位待人工確認時請回查原始許可證。
Fluorometholone,類固醇成分,16,結膜炎(13)；角膜炎(10)；消炎(8)；術後發炎(2),結膜炎:13；角膜炎:10；消炎:8；術後發炎:2,4,81.2,結膜炎,0,0,16,0,0,Tetrahydrozoline(2),"“派頓”復舒寧眼藥水；舒眼康眼用懸浮液；""杏輝""如視點眼液0.02%；""溫士頓"" 好視多眼用懸浮液１公絲/公撮；“派頓”復爾朗點眼懸液0.2毫克/毫升；“派頓”復爾朗點眼懸液1.0毫克/毫升（膚樂每爽）；〝杏輝〞如視點眼液0.1％；好視多眼用懸浮液0.02%",依 TFDA 開放資料與規則分類自動整理，藥品分類欄位待人工確認時請回查原始許可證。
Hypromellose,人工淚液／潤滑成分,15,眼睛乾澀(15)；眼睛疲勞(2),眼睛乾澀:15；眼睛疲勞:2,2,100.0,眼睛乾澀,0,0,15,0,1,Sodium chloride(3)；Dextran 70(2)；Chondroitin sulfate(2)；Potassium Chloride(2)；Calcium Chloride Hydrate(2)；Magnesium Sulfate Hydrate(1)；Sodium Bicarbonate ( EQ TO Sodium Hydrogen Carbonate)(1)；Benzalkonium chloride(1),"""五福""益視點眼液；""信東"" 人工淚液；""愛爾康法國廠""淚然人工淚液點眼液；""愛特淚""單劑量眼用滴劑0.32% Ｗ/Ｖ；""應元""潤眼眼藥水(人工淚液)；""派頓""點亮點眼液；“愛爾康”淚然點眼液；五福滴視點眼液",依 TFDA 開放資料與規則分類自動整理，藥品分類欄位待人工確認時請回查原始許可證。
Panthenol,角膜修復／其他成分,14,眼睛疲勞(13)；眼睛癢(10)；眼睛紅(9)；結膜炎(4)；角膜炎(4)；麥粒腫(3)；角膜潰瘍(1),眼睛疲勞:13；眼睛癢:10；眼睛紅:9；結膜炎:4；角膜炎:4；麥粒腫:3；角膜潰瘍:1,7,92.9,眼睛疲勞,0,0,14,0,0,Chlorpheniramine Maleate(13)；Chondroitin sulfate(8)；Neostigmine Methylsulfate(7)；Pyridoxine HCL(7)；Aminocaproic Acid Epsilon-(5)；Cyanocobalamin (Vit B12)(5)；Taurine (EQ TO 2-Aminoethane Sulfonic Acid)(4)；Taurine (EQ TO Aminoethyl Sulfonic Acid )(3),"""派頓""好晶光 眼藥水；參天維生素涼感眼藥水；參天維生素溫和眼藥水；""中美"" 可愛Ｂ１２眼藥水；""派頓""舒適優眼藥水；""陽生""涼爽B12眼藥水；參天金潤修護眼藥水；新一點靈Ｂ１２眼藥水",依 TFDA 開放資料與規則分類自動整理，藥品分類欄位待人工確認時請回查原始許可證。
Potassium Chloride,其他成分,14,眼睛乾澀(10)；眼睛疲勞(6)；抗菌(1)；潤滑保濕(1)；待人工確認(1)；結膜炎(1)；角膜炎(1)；麥粒腫(1),眼睛乾澀:10；眼睛疲勞:6；抗菌:1；潤滑保濕:1；待人工確認:1；結膜炎:1；角膜炎:1；麥粒腫:1,8,71.4,眼睛乾澀,0,0,14,0,1,Sodium chloride(13)；Chondroitin sulfate(5)；Sodium Phosphate Monobasic (EQ TO Monosodium Phosphate)(EQ TO Sodium Dihydrogen Phosphate)(3)；Boric Acid(3)；Sodium Carbonate Anhydrous(3)；Calcium Chloride Hydrate(2)；Hypromellose(2)；Sodium Bicarbonate ( EQ TO Sodium Hydrogen Carbonate)(2),"""派頓""派滴兒點眼液；""派頓""滴潤人工淚液；參天柔潤人工淚液點眼液；新鮮視人工淚液；樂敦乾眼淚液眼藥水；樂敦溫和保濕人工淚液；樂敦視涵點眼液-水潤型；視麗兒點眼液",依 TFDA 開放資料與規則分類自動整理，藥品分類欄位待人工確認時請回查原始許可證。
Pyridoxine Hydrochloride,其他成分,14,眼睛疲勞(14)；眼睛癢(12)；眼睛紅(7),眼睛疲勞:14；眼睛癢:12；眼睛紅:7,3,100.0,眼睛疲勞,0,0,14,0,0,Chlorpheniramine Maleate(12)；Neostigmine Methylsulfate(11)；Potassium L-Aspartate(7)；Tetrahydrozoline(6)；Cyanocobalamin (Vit B12)(5)；Chondroitin sulfate(5)；Aminocaproic Acid Epsilon-(4)；Taurine (EQ TO 2-Aminoethane Sulfonic Acid)(4),參天潤澤眼藥水；參天維生素溫和眼藥水；樂敦舒視齡眼藥水；水潤澤眼藥水；補又晶眼藥水；樂敦藍視光高效眼藥水；樂敦視涵維他點眼液；醫立明點眼液,依 TFDA 開放資料與規則分類自動整理，藥品分類欄位待人工確認時請回查原始許可證。
Aminocaproic Acid Epsilon-,其他成分,13,眼睛疲勞(13)；眼睛癢(13)；眼睛紅(10),眼睛疲勞:13；眼睛癢:13；眼睛紅:10,3,100.0,眼睛疲勞,0,0,13,0,0,Chlorpheniramine Maleate(13)；Neostigmine Methylsulfate(12)；Taurine (EQ TO 2-Aminoethane Sulfonic Acid)(7)；Tetrahydrozoline(6)；Panthenol(5)；Potassium L-Aspartate(5)；Chondroitin sulfate(5)；Tocopherol Acetate Alpha D-(4),“佐藤”視樂優點眼液；參天維生素涼感眼藥水；參天維生素溫和眼藥水；補又晶眼藥水；e視界－５０點眼液；參天極滴晰睛眼藥水；參天極滴潤睛眼藥水；參天沁涼眼藥水,依 TFDA 開放資料與規則分類自動整理，藥品分類欄位待人工確認時請回查原始許可證。
Potassium L-Aspartate,其他成分,13,眼睛疲勞(13)；眼睛癢(11)；眼睛紅(10),眼睛疲勞:13；眼睛癢:11；眼睛紅:10,3,100.0,眼睛疲勞,0,0,13,0,0,Chlorpheniramine Maleate(11)；Neostigmine Methylsulfate(10)；Tetrahydrozoline(8)；Pyridoxine Hydrochloride(7)；Taurine (EQ TO 2-Aminoethane Sulfonic Acid)(6)；Aminocaproic Acid Epsilon-(5)；Chondroitin sulfate(5)；Zinc Sulfate Hydrate(4),愛力舒酷爾點眼液；樂敦舒視齡眼藥水；補又晶眼藥水；樂敦藍視光高效眼藥水；參天極滴晰睛眼藥水；參天極滴潤睛眼藥水；參天沁涼眼藥水；樂敦勁眼藥水,依 TFDA 開放資料與規則分類自動整理，藥品分類欄位待人工確認時請回查原始許可證。
Glycyrrhizinate Dipotassium (EQ TO Dipotassium Glycyrrhizinate),其他成分,11,眼睛疲勞(10)；眼睛癢(10)；眼睛紅(3)；結膜炎(1)；角膜炎(1),眼睛疲勞:10；眼睛癢:10；眼睛紅:3；結膜炎:1；角膜炎:1,5,90.9,眼睛疲勞,0,0,11,0,0,Chlorpheniramine Maleate(8)；Pyridoxine HCL(4)；Chondroitin sulfate(4)；Taurine (EQ TO 2-Aminoethane Sulfonic Acid)(3)；Neostigmine Methylsulfate(3)；Allantoin(2)；Aspartate Potassium Magnesium L- ( EQ TO Magnesium Potassium L-Aspartate)(2)；Cyanocobalamin (Vit B12)(2),"""三友""舒目眼藥水；""派頓""好明亮眼藥水；""派頓""眼晶眼藥水；參天維視眼藥水；迪多眼藥水；明康眼藥水（賜法每卓唑）；""杏輝""欣吉視點眼液；""西德有機"" 愛視力點眼液",依 TFDA 開放資料與規則分類自動整理，藥品分類欄位待人工確認時請回查原始許可證。
Taurine (EQ TO Aminoethyl Sulfonic Acid ),其他成分,11,眼睛疲勞(11)；眼睛癢(9)；眼睛紅(6)；眼睛乾澀(1),眼睛疲勞:11；眼睛癢:9；眼睛紅:6；眼睛乾澀:1,4,100.0,眼睛疲勞,0,0,11,0,0,Chlorpheniramine Maleate(9)；Neostigmine Methylsulfate(8)；Chondroitin sulfate(6)；Tetrahydrozoline(4)；Aminocaproic Acid Epsilon-(4)；Potassium L-Aspartate(3)；Panthenol(3)；Pyridoxine Hydrochloride(3),愛力舒酷爾點眼液；參天金潤修護眼藥水；樂敦藍視光高效眼藥水；獅美露康德目耀眼藥水；醫立明點眼液；參天沁涼眼藥水；參天清涼眼藥水；參天玫瑰亮澤眼藥水,依 TFDA 開放資料與規則分類自動整理，藥品分類欄位待人工確認時請回查原始許可證。
Brimonidine,青光眼成分,10,青光眼(10)；降眼壓(10),青光眼:10；降眼壓:10,2,100.0,青光眼,0,0,10,0,0,Timolol(2)；Brinzolamide(1),"""派頓"" 白治寧眼藥水0.2%；勝克壓10毫克/2毫克複方點眼液；康皕庚眼用液劑；必目寧眼藥水0.15%；必目寧眼藥水0.2%；必目寧複方眼藥水；愛明定點眼液0.15%；愛苜明點眼液0.2%",依 TFDA 開放資料與規則分類自動整理，藥品分類欄位待人工確認時請回查原始許可證。
Carteolol HCL,青光眼成分,10,青光眼(10)；降眼壓(10),青光眼:10；降眼壓:10,2,100.0,青光眼,0,0,10,0,0,,"""麥迪森"" 凱特羅眼藥水1%；""麥迪森""凱特羅眼藥水2%；“派頓”卡狄奧眼藥水 1.0%；可利壓點眼液2%；大塚美特朗持續性點眼液 2%；欣克朗點眼液1% (鹽酸卡特洛)；欣克朗點眼液２％(鹽酸卡特洛)；美特朗點眼液２％",依 TFDA 開放資料與規則分類自動整理，藥品分類欄位待人工確認時請回查原始許可證。
Neomycin Sulfate,抗菌成分,10,結膜炎(9)；角膜炎(7)；消炎(4)；角膜潰瘍(3)；抗菌(2)；術後發炎(1)；過敏性結膜炎(1)；麥粒腫(1),結膜炎:9；角膜炎:7；消炎:4；角膜潰瘍:3；抗菌:2；術後發炎:1；過敏性結膜炎:1；麥粒腫:1,8,90.0,結膜炎,0,0,10,0,0,Dexamethasone(5)；Betamethasone(2)；Triamcinolone Acetonide(1)；Bacitracin(1)；Polymyxin B Sulfate(1)；Prednisolone(1),"利美可通眼用軟膏；紐安必新眼軟膏；""中菱""必佳恩點眼液；""人人""益眼滴液；利視明眼藥水；吉麗康眼藥水；得視欣點眼液；欣舒敏眼藥膏",依 TFDA 開放資料與規則分類自動整理，藥品分類欄位待人工確認時請回查原始許可證。
Allantoin,其他成分,9,眼睛疲勞(9)；眼睛癢(7)；眼睛紅(6),眼睛疲勞:9；眼睛癢:7；眼睛紅:6,3,100.0,眼睛疲勞,0,0,9,0,0,Chlorpheniramine Maleate(6)；Neostigmine Methylsulfate(5)；Naphazoline(5)；Pyridoxine HCL(3)；Chondroitin sulfate(3)；Glycyrrhizinate Dipotassium (EQ TO Dipotassium Glycyrrhizinate)(2)；Pyridoxine Hydrochloride(2)；Aspartate Potassium Magnesium L- ( EQ TO Magnesium Potassium L-Aspartate)(2),"""三友""舒目眼藥水；迪多眼藥水；樂敦藍視光高效眼藥水；""派頓""保麗晶眼藥水；樂敦勁極酷眼藥水；樂敦維他眼藥水；獅之施美露眼藥水；第一眼藥水",依 TFDA 開放資料與規則分類自動整理，藥品分類欄位待人工確認時請回查原始許可證。
Cromolyn sodium,抗過敏成分,9,過敏性結膜炎(9)；結膜炎(9)；眼睛癢(1)；眼睛紅(1),過敏性結膜炎:9；結膜炎:9；眼睛癢:1；眼睛紅:1,4,100.0,過敏性結膜炎,0,0,9,0,0,,"""應元"" 療敏眼藥水2%；""杏輝""眸朗明眼藥水；“派頓”克樂敏眼藥水 2%；“麥迪森”麥敏眼藥水 2%；信妥單劑量點眼液2%；唯敏準眼用液劑；悅力舒點眼液；樂舒敏點眼液",依 TFDA 開放資料與規則分類自動整理，藥品分類欄位待人工確認時請回查原始許可證。
Sulfamethoxazole Sodium,其他成分,9,結膜炎(9)；角膜炎(4)；麥粒腫(3)；眼睛紅(3)；角膜潰瘍(1),結膜炎:9；角膜炎:4；麥粒腫:3；眼睛紅:3；角膜潰瘍:1,5,100.0,結膜炎,0,0,9,0,0,Tetrahydrozoline(3)；Glycyrrhizinate Dipotassium (EQ TO Dipotassium Glycyrrhizinate)(1),“麥迪森”舒美佐眼藥水 4%；信柔點眼液 4%；景明眼藥水（賜法每卓唑）；眼光眼藥水；適樂明點眼液；明康眼藥水（賜法每卓唑）；“杏輝”舒明麗眼藥水；“派頓”沙芬眼藥水,依 TFDA 開放資料與規則分類自動整理，藥品分類欄位待人工確認時請回查原始許可證。
Vitamin A,角膜修復／其他成分,9,眼睛疲勞(6)；眼睛癢(5)；眼睛紅(4)；角膜炎(3)；角膜修復(2)；結膜炎(1)；麥粒腫(1),眼睛疲勞:6；眼睛癢:5；眼睛紅:4；角膜炎:3；角膜修復:2；結膜炎:1；麥粒腫:1,7,66.7,眼睛疲勞,0,0,9,0,0,Chlorpheniramine Maleate(6)；Chondroitin sulfate(5)；Neostigmine Methylsulfate(4)；Taurine (EQ TO 2-Aminoethane Sulfonic Acid)(4)；Tetrahydrozoline(3)；Zinc Sulfate(2)；Aminocaproic Acid Epsilon-(2)；Tocopherol Acetate Alpha D-(2),"""溫士頓""維他命A眼藥膏；""綠洲"" 維他命Ａ眼藥膏；明亮眼藥水；瑩光眼藥水；達靈眼藥水；""派頓"" 晶潤 眼藥水；參天極滴晰睛眼藥水；獅美露保視捷眼藥水",依 TFDA 開放資料與規則分類自動整理，藥品分類欄位待人工確認時請回查原始許可證。
Carbomer,人工淚液／潤滑成分,8,乾眼(8),乾眼:8,1,100.0,乾眼,0,0,8,0,0,,博士倫愛特淚單劑量點眼凝膠；博士倫愛特淚眼用凝膠；博士倫維帝斯眼用凝膠；卡特斯眼用凝膠 0.2%；淚保舒眼用凝膠；睛潤眼用凝膠；睛瑩眼用凝膠；維蒂斯眼用凝膠,依 TFDA 開放資料與規則分類自動整理，藥品分類欄位待人工確認時請回查原始許可證。
Chloramphenicol,抗菌成分,8,待人工確認(5)；結膜炎(3)；角膜炎(3)；抗菌(1)；麥粒腫(1)；抗病毒(1),待人工確認:5；結膜炎:3；角膜炎:3；抗菌:1；麥粒腫:1；抗病毒:1,6,62.5,待人工確認,0,0,8,0,0,Dexamethasone(1)；Hydrocortisone Acetate(1),"""健喬"" 氯絲菌素眼藥水０．２５％；""應元"" 視益眼藥水 0.25%；""派頓"" 克滴康 眼藥水；""綠洲"" 氯黴素眼藥膏；”杏輝”氯黴素眼藥水 ０．２５％；可利明眼藥膏1%(氯絲菌素)；可氯松眼藥膏；氯黴素點眼液",依 TFDA 開放資料與規則分類自動整理，藥品分類欄位待人工確認時請回查原始許可證。
Ofloxacin,抗菌成分,8,抗菌(8)；結膜炎(3)；角膜潰瘍(3)；術後發炎(1)；消炎(1),抗菌:8；結膜炎:3；角膜潰瘍:3；術後發炎:1；消炎:1,5,100.0,抗菌,0,0,8,0,0,Dexamethasone(1),"""派頓"" 晰普瓏眼藥水 0.3%；""麥迪森""歐普欣眼藥水0.3%；“應元”西普信眼藥水 0.3%；可樂必妥眼藥水；施樂舒點眼液；樂福星眼藥水0.5%；歐芙必妥眼藥水；黛珂莎點眼液",依 TFDA 開放資料與規則分類自動整理，藥品分類欄位待人工確認時請回查原始許可證。
Pilocarpine HCL,其他成分,8,青光眼(5)；降眼壓(3)；待人工確認(1),青光眼:5；降眼壓:3；待人工確認:1,3,62.5,青光眼,0,0,8,0,0,,"""五福"" 鹽酸毛果芸香鹼眼藥水２％；""五福""毛果芸香鹼眼藥水1%；""健喬"" 芸香眼藥水１％（毛果芸香生僉）；""健喬"" 芸香眼藥水２％（毛果芸香生僉）；""綠洲""綠賜明點眼液１％（毛果芸香碱）；""綠洲""綠賜明點眼液２％（毛果芸香碱）；愛舒特開明眼藥水２％；綠賜明點眼液４％",依 TFDA 開放資料與規則分類自動整理，藥品分類欄位待人工確認時請回查原始許可證。
Tobramycin,抗菌成分,8,抗菌(6)；待人工確認(1)；結膜炎(1)；角膜炎(1)；麥粒腫(1),抗菌:6；待人工確認:1；結膜炎:1；角膜炎:1；麥粒腫:1,5,75.0,抗菌,0,0,8,0,0,Dexamethasone(1),"""五福"" 特視眼藥水（泰百黴素）３毫克/毫升；""應元"" 康明眼藥水 0.3%；""派頓""多安欣眼藥水 ０．３％；""瑞安"" 麗明眼藥水３公絲/公撮（泰百黴素）；“麥迪森”特百欣眼藥水 0.3%；可必妥眼藥膏；百福眼藥水0.3%；百福眼藥膏",依 TFDA 開放資料與規則分類自動整理，藥品分類欄位待人工確認時請回查原始許可證。
Aspartate Potassium L- (EQ TO Potassium L-Aspartate),其他成分,7,眼睛疲勞(6)；眼睛癢(5)；眼睛紅(4)；眼睛乾澀(1),眼睛疲勞:6；眼睛癢:5；眼睛紅:4；眼睛乾澀:1,4,85.7,眼睛疲勞,0,0,7,0,0,Chlorpheniramine Maleate(5)；Neostigmine Methylsulfate(4)；Aminocaproic Acid Epsilon-(2)；Tetrahydrozoline(2)；Naphazoline(2)；Allantoin(2)；Pyridoxine HCL(2)；Aminoethylsulfonic Acid(1),獅美露睛漾眼藥水；“佐藤”視樂優點眼液；達靈眼藥水；參天清涼眼藥水；樂敦維他眼藥水；樂敦養潤眼藥水；獅之施美露眼藥水,依 TFDA 開放資料與規則分類自動整理，藥品分類欄位待人工確認時請回查原始許可證。
Aspartate Potassium Magnesium L- ( EQ TO Magnesium Potassium L-Aspartate),其他成分,7,眼睛疲勞(7)；眼睛癢(5)；眼睛紅(5)；眼睛乾澀(1),眼睛疲勞:7；眼睛癢:5；眼睛紅:5；眼睛乾澀:1,4,100.0,眼睛疲勞,0,0,7,0,0,Neostigmine Methylsulfate(4)；Dl-Chlorpheniramine Maleate(3)；Naphazoline(3)；Glycyrrhizinate Dipotassium (EQ TO Dipotassium Glycyrrhizinate)(2)；Chondroitin sulfate(2)；Allantoin(2)；Taurine (EQ TO 2-Aminoethane Sulfonic Acid)(1)；Panthenol(1),"""派頓""好明亮眼藥水；""派頓""好晶光 眼藥水；獅美露康德目耀眼藥水；""派頓""保麗晶眼藥水；“佐藤”視敏寧點眼液；獅美露保視捷眼藥水；視安達琪眼藥水",依 TFDA 開放資料與規則分類自動整理，藥品分類欄位待人工確認時請回查原始許可證。
Dipotassium Glycyrrhizinate,其他成分,7,眼睛疲勞(6)；眼睛紅(6)；眼睛癢(5),眼睛疲勞:6；眼睛紅:6；眼睛癢:5,3,85.7,眼睛疲勞,0,0,7,0,0,Chlorpheniramine Maleate(5)；Chondroitin sulfate(4)；Pyridoxine HCL(4)；Neostigmine Methylsulfate(3)；Tetrahydrozoline(3)；Aminocaproic Acid Epsilon-(2)；Taurine (EQ TO 2-Aminoethane Sulfonic Acid)(2)；Naphazoline(2),"補又晶眼藥水；視樂明點眼液；""佐藤"" 視朗點眼液；參天藍盾眼藥水；愛力舒視明點眼液；樂敦養潤眼藥水；睛晶點眼液",依 TFDA 開放資料與規則分類自動整理，藥品分類欄位待人工確認時請回查原始許可證。
Dorzolamide,青光眼成分,7,青光眼(7)；降眼壓(7),青光眼:7；降眼壓:7,2,100.0,青光眼,0,0,7,0,0,Timolol(4),可多舒明點眼液；多舒明點眼液2%；安視眼藥水；康舒目(單支裝) 點眼液劑；康舒目點眼液劑；得舒適點眼液劑2%；舒露瞳點眼液劑２％,依 TFDA 開放資料與規則分類自動整理，藥品分類欄位待人工確認時請回查原始許可證。
Hydrocortisone Acetate,其他成分,7,結膜炎(6)；角膜炎(6)；消炎(4)；麥粒腫(2)；角膜潰瘍(2)；術後發炎(1)；抗病毒(1)；眼睛紅(1),結膜炎:6；角膜炎:6；消炎:4；麥粒腫:2；角膜潰瘍:2；術後發炎:1；抗病毒:1；眼睛紅:1；過敏性結膜炎:1；抗菌:1,10,85.7,結膜炎,0,0,7,0,0,Neomycin (Sulfate)(5)；Gentamicin(1)；Chloramphenicol(1),"可敵炎點眼液；可氯松眼藥膏；康體邁新眼藥膏；""派頓""欣可爽點眼液；康體邁新點眼液；明晶點眼液；視可定眼用懸浮液",依 TFDA 開放資料與規則分類自動整理，藥品分類欄位待人工確認時請回查原始許可證。
D-Alpha-Tocopherol Acetate,其他成分,6,眼睛疲勞(6)；眼睛癢(6)；眼睛紅(1),眼睛疲勞:6；眼睛癢:6；眼睛紅:1,3,100.0,眼睛疲勞,0,0,6,0,0,Neostigmine Methylsulfate(6)；Chlorpheniramine Maleate(6)；Pyridoxine Hydrochloride(3)；Potassium L-Aspartate(2)；Taurine (EQ TO Aminoethyl Sulfonic Acid )(2)；Chondroitin sulfate(2)；Flavineadenine Dinucleotide Sodium(1)；Aspartate Potassium L- (EQ TO Potassium L-Aspartate)(1),“佐藤”視樂優點眼液；參天維視眼藥水；樂敦舒視齡眼藥水；參天金潤修護眼藥水；樂敦藍視光高效眼藥水；獅美露保視捷眼藥水,依 TFDA 開放資料與規則分類自動整理，藥品分類欄位待人工確認時請回查原始許可證。
Norfloxacin (Baccidal),其他成分,6,結膜炎(6)；角膜炎(6)；麥粒腫(6)；術後發炎(6)；抗菌(6)；角膜潰瘍(5),結膜炎:6；角膜炎:6；麥粒腫:6；術後發炎:6；抗菌:6；角膜潰瘍:5,6,100.0,結膜炎,0,0,6,0,0,,"""應元"" 樂富眼藥水0.3%；""杏輝""能視眼藥水0.3%；""派頓"" 護睛眼藥水3.0公絲/公撮 (諾弗酒欣)；“麥迪森”拿普欣眼藥水 0.3 %；諾杏點眼液 0.3%；點特靈單劑量點眼液",依 TFDA 開放資料與規則分類自動整理，藥品分類欄位待人工確認時請回查原始許可證。
Phenylephrine,退紅／血管收縮成分,6,眼睛紅(4)；散瞳(3)；角膜炎(1)；過敏性結膜炎(1)；結膜炎(1)；睫狀肌麻痺(1),眼睛紅:4；散瞳:3；角膜炎:1；過敏性結膜炎:1；結膜炎:1；睫狀肌麻痺:1,6,66.7,眼睛紅,0,0,6,0,1,Tropicamide(2)；Chlorobutanol(1),"""人人""眼用滴劑；內視新點眼液５％；每瞳令－普益點眼液；睫舒瞳眼藥水；非尼乙非林點眼液１０％（鹽酸去甲 麻黃 ）；非尼乙非林點眼液５％（鹽酸去甲羥麻黃鹼）",依 TFDA 開放資料與規則分類自動整理，藥品分類欄位待人工確認時請回查原始許可證。
Prednisolone,類固醇成分,6,角膜炎(5)；結膜炎(5)；消炎(2)；麥粒腫(2)；抗菌(2)；過敏性結膜炎(1),角膜炎:5；結膜炎:5；消炎:2；麥粒腫:2；抗菌:2；過敏性結膜炎:1,6,83.3,角膜炎,0,0,6,0,0,Neomycin (Sulfate)(1)；Neomycin Sulfate(1),倍力特眼用懸浮液１％；嘉黴露眼藥水；復眼康眼藥水 1 %；景視康點眼液 0.125% (磷酸鈉培尼皮質醇)；景視康點眼液１% (磷酸鈉塔尼皮質醇)；黴露霜眼藥水,依 TFDA 開放資料與規則分類自動整理，藥品分類欄位待人工確認時請回查原始許可證。
Tocopherol Acetate Alpha D-,其他成分,6,眼睛疲勞(6)；眼睛癢(5)；眼睛紅(3),眼睛疲勞:6；眼睛癢:5；眼睛紅:3,3,100.0,眼睛疲勞,0,0,6,0,0,Neostigmine Methylsulfate(6)；Chlorpheniramine Maleate(5)；Aminocaproic Acid Epsilon-(4)；Chondroitin sulfate(4)；Pyridoxine HCL(3)；Taurine (EQ TO 2-Aminoethane Sulfonic Acid)(3)；Potassium L-Aspartate(3)；Tetrahydrozoline(2),參天維生素涼感眼藥水；愛力舒酷爾點眼液；大正明涼點眼液；e視界－５０點眼液；參天極滴晰睛眼藥水；獅美露活視捷眼藥水,依 TFDA 開放資料與規則分類自動整理，藥品分類欄位待人工確認時請回查原始許可證。
Zinc Sulfate,其他成分,6,眼睛疲勞(3)；結膜炎(2)；角膜潰瘍(2)；麥粒腫(2)；眼睛癢(2)；眼睛紅(2)；眼睛乾澀(1),眼睛疲勞:3；結膜炎:2；角膜潰瘍:2；麥粒腫:2；眼睛癢:2；眼睛紅:2；眼睛乾澀:1,7,50.0,眼睛疲勞,0,0,6,0,0,Procaine HCL(2)；Taurine (EQ TO 2-Aminoethane Sulfonic Acid)(2)；Vitamin A(2)；Chlorpheniramine Maleate(2)；Naphazoline(2)；Homosulfamine(1)；Mafenide (Homosulfamine)(1)；Chondroitin sulfate(1),"明晶可寧點眼劑；舒敏明眼藥水；瑩光眼藥水；達靈眼藥水；""派頓""保滴明點眼液；""派頓""保麗晶眼藥水",依 TFDA 開放資料與規則分類自動整理，藥品分類欄位待人工確認時請回查原始許可證。
Boric Acid,其他成分,5,潤滑保濕(2)；眼睛乾澀(2)；眼睛疲勞(2)；抗菌(1)；眼睛紅(1)；結膜炎(1)；角膜炎(1)；角膜潰瘍(1),潤滑保濕:2；眼睛乾澀:2；眼睛疲勞:2；抗菌:1；眼睛紅:1；結膜炎:1；角膜炎:1；角膜潰瘍:1,8,40.0,潤滑保濕,0,0,5,0,1,Sodium chloride(3)；Potassium Chloride(3)；Sodium Phosphate Monobasic (EQ TO Monosodium Phosphate)(EQ TO Sodium Dihydrogen Phosphate)(2)；Sodium Carbonate Anhydrous(2)；Edetate Disodium Dihydrate (EQ TO Disodium Edetate Dihydrate)(1)；Sorbic Acid(1)；Sodium Borate Decahydrate (Borax)(1)；Benzalkonium chloride(1),"""五福"" 潔聖舒眼液；""派頓""派滴兒點眼液；視麗兒點眼液；""杏輝""旺滴點眼液；碧佳眼藥水",依 TFDA 開放資料與規則分類自動整理，藥品分類欄位待人工確認時請回查原始許可證。
Carboxymethylcellulose,人工淚液／潤滑成分,5,眼睛乾澀(5),眼睛乾澀:5,1,100.0,眼睛乾澀,0,0,5,0,0,Glycerin (EQ TO Glycerol)(4)；Polysorbate 80(1),優麗舒保濕型單支裝點眼液；優麗舒保濕型點眼液；優麗舒加強型單支裝眼用乳劑；優麗舒單支裝眼用點眼液；優麗舒眼用點眼液,依 TFDA 開放資料與規則分類自動整理，藥品分類欄位待人工確認時請回查原始許可證。
Flavineadenine Dinucleotide Sodium,其他成分,5,眼睛疲勞(4)；眼睛癢(3)；眼睛紅(2),眼睛疲勞:4；眼睛癢:3；眼睛紅:2,3,80.0,眼睛疲勞,0,0,5,0,0,Chlorpheniramine Maleate(3)；Neostigmine Methylsulfate(3)；Pyridoxine HCL(2)；Taurine (EQ TO 2-Aminoethane Sulfonic Acid)(2)；Chondroitin sulfate(2)；Glycyrrhizinate Dipotassium (EQ TO Dipotassium Glycyrrhizinate)(1)；Aspartate Potassium L- (EQ TO Potassium L-Aspartate)(1)；D-Alpha-Tocopherol Acetate(1),"""派頓""眼晶眼藥水；“佐藤”視樂優點眼液；大正明涼點眼液；康愛富點眼液；樂敦藍視光眼藥水",依 TFDA 開放資料與規則分類自動整理，藥品分類欄位待人工確認時請回查原始許可證。
Glycerin (EQ TO Glycerol),其他成分,5,眼睛乾澀(5),眼睛乾澀:5,1,100.0,眼睛乾澀,0,0,5,0,0,Carboxymethylcellulose(4)；Dextran 70(1)；Polysorbate 80(1),“新一點靈”水潤人工淚液；優麗舒保濕型單支裝點眼液；優麗舒保濕型點眼液；優麗舒加強型單支裝眼用乳劑；優麗舒眼用點眼液,依 TFDA 開放資料與規則分類自動整理，藥品分類欄位待人工確認時請回查原始許可證。
Propylene glycol,人工淚液／潤滑成分,5,眼睛乾澀(5),眼睛乾澀:5,1,100.0,眼睛乾澀,0,0,5,0,0,Polyethylene glycol(3)；Sodium hyaluronate(1),"""愛爾康""視舒坦康復力人工淚液點眼液；“愛爾康法國廠”視舒坦單支裝人工淚液點眼液；視舒坦人工淚液點眼液；視舒坦倍潤濕人工淚液點眼液；視舒坦玻尿酸人工淚液點眼液",依 TFDA 開放資料與規則分類自動整理，藥品分類欄位待人工確認時請回查原始許可證。
Zinc Sulfate Hydrate,其他成分,5,眼睛疲勞(5)；眼睛癢(5)；眼睛紅(5),眼睛疲勞:5；眼睛癢:5；眼睛紅:5,3,100.0,眼睛疲勞,0,0,5,0,0,Tetrahydrozoline(5)；Chlorpheniramine Maleate(5)；Potassium L-Aspartate(4)；Pyridoxine Hydrochloride(4)；Chondroitin sulfate(3)；Neostigmine Methylsulfate(3)；Cyanocobalamin (Vit B12)(2)；Taurine (EQ TO 2-Aminoethane Sulfonic Acid)(1),參天極滴潤睛眼藥水；樂敦勁極酷眼藥水；樂敦勁眼藥水；樂敦妮婕眼藥水；樂敦藍視光極禦眼藥水,依 TFDA 開放資料與規則分類自動整理，藥品分類欄位待人工確認時請回查原始許可證。
Antazoline HCL,其他成分,4,過敏性結膜炎(4)；結膜炎(4)；角膜炎(4),過敏性結膜炎:4；結膜炎:4；角膜炎:4,3,100.0,過敏性結膜炎,0,0,4,0,0,Tetrahydrozoline(4),“應元”傑敏眼藥水；“聯邦”敏克安眼藥水；可舒炎眼藥水；睛釆眼藥水,依 TFDA 開放資料與規則分類自動整理，藥品分類欄位待人工確認時請回查原始許可證。
Bimatoprost,青光眼成分,4,青光眼(4)；降眼壓(4),青光眼:4；降眼壓:4,2,100.0,青光眼,0,0,4,0,0,,明目坦點眼液0.01%；明目坦點眼液0.03%；露明目單支裝眼用液劑0.03% (愛爾蘭廠)；露明目點眼液劑0.01%,依 TFDA 開放資料與規則分類自動整理，藥品分類欄位待人工確認時請回查原始許可證。
Dl-Chlorpheniramine Maleate,抗過敏成分,4,眼睛疲勞(4)；眼睛癢(4)；眼睛紅(2),眼睛疲勞:4；眼睛癢:4；眼睛紅:2,3,100.0,眼睛疲勞,0,0,4,0,0,Aspartate Potassium Magnesium L- ( EQ TO Magnesium Potassium L-Aspartate)(3)；Neostigmine Methylsulfate(2)；Taurine (EQ TO 2-Aminoethane Sulfonic Acid)(1)；Glycyrrhizinate Dipotassium (EQ TO Dipotassium Glycyrrhizinate)(1)；Panthenol(1)；Ephedrine HCL (EQ TO Ephedrine Hydrochloride)(1)；Chondroitin sulfate(1)；Cyanocobalamin (Vit B12)(1),"""派頓""好明亮眼藥水；""派頓""好晶光 眼藥水；萬應明眼眼藥水；視安達琪眼藥水",依 TFDA 開放資料與規則分類自動整理，藥品分類欄位待人工確認時請回查原始許可證。
Ketorolac,NSAID 成分,4,過敏性結膜炎(4)；眼睛癢(4)；結膜炎(4)；術後發炎(4)；消炎(4),過敏性結膜炎:4；眼睛癢:4；結膜炎:4；術後發炎:4；消炎:4,5,100.0,過敏性結膜炎,0,0,4,0,0,,"""派頓"" 克多樂眼藥水 0.5%；克炎多樂點眼液 0.5%；可特樂點眼液；舒腫眼藥水 0.5%",依 TFDA 開放資料與規則分類自動整理，藥品分類欄位待人工確認時請回查原始許可證。
Sulfamethoxazole,其他成分,4,結膜炎(4)；麥粒腫(3)；角膜炎(1)；眼睛紅(1),結膜炎:4；麥粒腫:3；角膜炎:1；眼睛紅:1,4,100.0,結膜炎,0,0,4,0,0,Tetrahydrozoline(1),"""應元"" 仕隆眼藥水 4%；“杏輝”孟克杏點眼液４０毫克/毫升（美坐磺胺）；止膿敏點眼液；善得明眼藥水",依 TFDA 開放資料與規則分類自動整理，藥品分類欄位待人工確認時請回查原始許可證。
Travoprost,青光眼成分,4,青光眼(4)；降眼壓(4),青光眼:4；降眼壓:4,2,100.0,青光眼,0,0,4,0,0,Timolol(1),全平坦點眼液0.004%；易舒壓點眼液 0.003%；舒波特眼藥水0.004%；複方舒壓坦點眼液,依 TFDA 開放資料與規則分類自動整理，藥品分類欄位待人工確認時請回查原始許可證。
Aminoethylsulfonic Acid,其他成分,3,眼睛疲勞(2)；眼睛癢(2)；眼睛乾澀(1),眼睛疲勞:2；眼睛癢:2；眼睛乾澀:1,3,66.7,眼睛疲勞,0,0,3,0,0,Neostigmine Methylsulfate(2)；Chlorpheniramine Maleate(2)；Aspartate Potassium L- (EQ TO Potassium L-Aspartate)(1)；Sodium chloride(1)；Cyanocobalamin (Vit B12)(1)；Pyridoxine HCL(1)；Flavineadenine Dinucleotide Sodium(1)；Tocopherol Acetate Alpha D-(1),獅美露睛漾眼藥水；新鮮視點眼液；大正明涼點眼液,依 TFDA 開放資料與規則分類自動整理，藥品分類欄位待人工確認時請回查原始許可證。
Brinzolamide,青光眼成分,3,青光眼(3)；降眼壓(3),青光眼:3；降眼壓:3,2,100.0,青光眼,0,0,3,0,0,Brimonidine(1)；Timolol(1),勝克壓10毫克/2毫克複方點眼液；愛舒壓點眼懸液劑；複方愛舒壓懸浮液,依 TFDA 開放資料與規則分類自動整理，藥品分類欄位待人工確認時請回查原始許可證。
Dextran 70,其他成分,3,眼睛乾澀(3),眼睛乾澀:3,1,100.0,眼睛乾澀,0,0,3,0,0,Hypromellose(2)；Glycerin (EQ TO Glycerol)(1),"""愛爾康法國廠""淚然人工淚液點眼液；“愛爾康”淚然點眼液；“新一點靈”水潤人工淚液",依 TFDA 開放資料與規則分類自動整理，藥品分類欄位待人工確認時請回查原始許可證。
Ketotifen,抗過敏成分,3,過敏性結膜炎(3)；眼睛癢(3)；結膜炎(3),過敏性結膜炎:3；眼睛癢:3；結膜炎:3,3,100.0,過敏性結膜炎,0,0,3,0,0,,“派頓”多蒂芬眼藥水 0.025%；凱迪芬眼藥水0.025%；景克敏點眼液0.25毫克/毫升,依 TFDA 開放資料與規則分類自動整理，藥品分類欄位待人工確認時請回查原始許可證。
Mineral Oil,其他成分,3,眼睛乾澀(3),眼睛乾澀:3,1,100.0,眼睛乾澀,0,0,3,0,0,Mineral Oil Light (EQ TO Light Mineral Oil)(1),凱舒諾人工淚液；溫舒眼潤眼油；“愛爾康比利時廠”淚膜眼藥膏,依 TFDA 開放資料與規則分類自動整理，藥品分類欄位待人工確認時請回查原始許可證。
Moxifloxacin,抗菌成分,3,結膜炎(3)；抗菌(3)；角膜炎(1)；角膜潰瘍(1)；麥粒腫(1)；術後發炎(1),結膜炎:3；抗菌:3；角膜炎:1；角膜潰瘍:1；麥粒腫:1；術後發炎:1,6,100.0,結膜炎,0,0,3,0,0,,威爾眸點眼液 0.5%；欣克炎眼藥水；默菌殺點眼液,依 TFDA 開放資料與規則分類自動整理，藥品分類欄位待人工確認時請回查原始許可證。
Polyethylene glycol,人工淚液／潤滑成分,3,眼睛乾澀(3),眼睛乾澀:3,1,100.0,眼睛乾澀,0,0,3,0,0,Propylene glycol(3)；Sodium hyaluronate(1),“愛爾康法國廠”視舒坦單支裝人工淚液點眼液；視舒坦人工淚液點眼液；視舒坦玻尿酸人工淚液點眼液,依 TFDA 開放資料與規則分類自動整理，藥品分類欄位待人工確認時請回查原始許可證。
Sodium Carbonate Anhydrous,其他成分,3,眼睛乾澀(2)；眼睛疲勞(1)；抗菌(1)；潤滑保濕(1),眼睛乾澀:2；眼睛疲勞:1；抗菌:1；潤滑保濕:1,4,66.7,眼睛乾澀,0,0,3,0,0,Sodium chloride(3)；Potassium Chloride(3)；Boric Acid(2)；Sodium Phosphate Dibasic (EQ TO Disod. Hydrogen Phosphate) (EQ TO Disodium Phosphate)(1)；Sodium Phosphate Monobasic (EQ TO Monosodium Phosphate)(EQ TO Sodium Dihydrogen Phosphate)(1)；Sodium Phosphate Dibasic Heptahydrate(1),"""派頓""滴潤人工淚液；視麗兒點眼液；""杏輝""旺滴點眼液",依 TFDA 開放資料與規則分類自動整理，藥品分類欄位待人工確認時請回查原始許可證。
Sodium Carboxymethyl Cellulose,其他成分,3,眼睛乾澀(3),眼睛乾澀:3,1,100.0,眼睛乾澀,0,0,3,0,0,,麗眼舒單支裝人工淚液點眼液 0.5%；麗眼舒巧滴瓶點眼液0.5%；麗眼護單支裝人工淚液點眼液1%,依 TFDA 開放資料與規則分類自動整理，藥品分類欄位待人工確認時請回查原始許可證。
Sodium Phosphate Monobasic (EQ TO Monosodium Phosphate)(EQ TO Sodium Dihydrogen Phosphate),其他成分,3,眼睛乾澀(2)；待人工確認(1),眼睛乾澀:2；待人工確認:1,2,66.7,眼睛乾澀,0,0,3,0,1,Sodium chloride(3)；Potassium Chloride(3)；Boric Acid(2)；Sodium Borate Decahydrate (Borax)(1)；Benzalkonium chloride(1)；Sodium Carbonate Anhydrous(1),"""派頓""派滴兒點眼液；視麗兒點眼液；眼樂點眼液",依 TFDA 開放資料與規則分類自動整理，藥品分類欄位待人工確認時請回查原始許可證。
Tafluprost,青光眼成分,3,青光眼(3)；降眼壓(3),青光眼:3；降眼壓:3,2,100.0,青光眼,0,0,3,0,0,Timolol(1),泰福羅坦(單支裝)眼藥水0.0015%；泰福羅坦眼藥水；複方泰福羅坦(單支裝)眼藥水,依 TFDA 開放資料與規則分類自動整理，藥品分類欄位待人工確認時請回查原始許可證。
Acyclovir,其他成分,2,角膜炎(2),角膜炎:2,1,100.0,角膜炎,0,0,2,0,0,,力克眼用軟膏；迪威樂（艾賽可威）眼藥膏３％,依 TFDA 開放資料與規則分類自動整理，藥品分類欄位待人工確認時請回查原始許可證。
Antazoline Phosphate,其他成分,2,眼睛疲勞(2)；眼睛紅(2)；結膜炎(2),眼睛疲勞:2；眼睛紅:2；結膜炎:2,3,100.0,眼睛疲勞,0,0,2,0,0,Tetrahydrozoline(2)；Chlorhexidine Gluconate(1)；20% Chlorhexidine Gluconate Solution(1),安敏易眼藥水；安舒敏眼藥水,依 TFDA 開放資料與規則分類自動整理，藥品分類欄位待人工確認時請回查原始許可證。
Bacitracin,其他成分,2,待人工確認(1)；角膜潰瘍(1),待人工確認:1；角膜潰瘍:1,2,50.0,待人工確認,0,0,2,0,0,Neomycin Sulfate(1),"""人人""桿菌素眼軟膏；紐安必新眼軟膏",依 TFDA 開放資料與規則分類自動整理，藥品分類欄位待人工確認時請回查原始許可證。
Benzalkonium chloride,防腐劑,2,眼睛乾澀(2),眼睛乾澀:2,1,100.0,眼睛乾澀,0,0,2,0,2,Sodium chloride(1)；Potassium Chloride(1)；Sodium Phosphate Monobasic (EQ TO Monosodium Phosphate)(EQ TO Sodium Dihydrogen Phosphate)(1)；Boric Acid(1)；Sodium Borate Decahydrate (Borax)(1)；Hypromellose(1),"""派頓""派滴兒點眼液；麗克舒人工淚液點眼液",依 TFDA 開放資料與規則分類自動整理，藥品分類欄位待人工確認時請回查原始許可證。
Calcium Chloride Hydrate,其他成分,2,眼睛乾澀(2)；眼睛疲勞(2),眼睛乾澀:2；眼睛疲勞:2,2,100.0,眼睛乾澀,0,0,2,0,0,Chondroitin sulfate(2)；Potassium Chloride(2)；Sodium chloride(2)；Hypromellose(2)；Magnesium Sulfate Hydrate(1)；Sodium Bicarbonate ( EQ TO Sodium Hydrogen Carbonate)(1),樂敦乾眼淚液眼藥水；樂敦視涵點眼液-水潤型,依 TFDA 開放資料與規則分類自動整理，藥品分類欄位待人工確認時請回查原始許可證。
Cyanocobalamin,其他成分,2,眼睛疲勞(2)；眼睛癢(2)；眼睛紅(2),眼睛疲勞:2；眼睛癢:2；眼睛紅:2,3,100.0,眼睛疲勞,0,0,2,0,0,Chlorpheniramine Maleate(2)；Potassium L-Aspartate(2)；Neostigmine Methylsulfate(1)；Aminocaproic Acid Epsilon-(1)；Dipotassium Glycyrrhizinate(1)；Pyridoxine Hydrochloride(1)；Taurine (EQ TO 2-Aminoethane Sulfonic Acid)(1)；Tetrahydrozoline(1),補又晶眼藥水；樂敦藍視光極禦眼藥水,依 TFDA 開放資料與規則分類自動整理，藥品分類欄位待人工確認時請回查原始許可證。
Cyclosporin,其他成分,2,乾眼(2)；結膜炎(2)；角膜修復(2)；消炎(2),乾眼:2；結膜炎:2；角膜修復:2；消炎:2,4,100.0,乾眼,0,0,2,0,0,,安眼潤眼用乳劑0.05%；麗眼達眼用乳劑0.05%,依 TFDA 開放資料與規則分類自動整理，藥品分類欄位待人工確認時請回查原始許可證。
Dexpanthenol,角膜修復／其他成分,2,眼睛疲勞(1)；眼睛癢(1)；眼睛紅(1)；結膜炎(1)；角膜炎(1)；麥粒腫(1),眼睛疲勞:1；眼睛癢:1；眼睛紅:1；結膜炎:1；角膜炎:1；麥粒腫:1,6,50.0,眼睛疲勞,0,0,2,0,0,Chondroitin sulfate(1)；Cyanocobalamin (Vit B12)(1)；Pyridoxine HCL(1)；Dl-Chlorpheniramine Maleate(1),萬應明眼眼藥水；點而明眼用凝膠劑,依 TFDA 開放資料與規則分類自動整理，藥品分類欄位待人工確認時請回查原始許可證。
Diclofenac,NSAID 成分,2,術後發炎(2)；消炎(2),術後發炎:2；消炎:2,2,100.0,術後發炎,0,0,2,0,0,,"""溫士頓"" 莫痛炎眼藥水０．１％（二克氯吩鈉）；良元眼藥水０．１％〝應元〞",依 TFDA 開放資料與規則分類自動整理，藥品分類欄位待人工確認時請回查原始許可證。
Diphenhydramine HCL,其他成分,2,眼睛疲勞(2)；眼睛癢(2)；眼睛紅(1),眼睛疲勞:2；眼睛癢:2；眼睛紅:1,3,100.0,眼睛疲勞,0,0,2,0,0,Chondroitin sulfate(2)；Dipotassium Glycyrrhizinate(1)；Naphazoline(1)；Glycyrrhizinate Dipotassium (EQ TO Dipotassium Glycyrrhizinate)(1)；Aspartate Potassium Magnesium L- ( EQ TO Magnesium Potassium L-Aspartate)(1),視樂明點眼液；“佐藤”視敏寧點眼液,依 TFDA 開放資料與規則分類自動整理，藥品分類欄位待人工確認時請回查原始許可證。
Loteprednol,類固醇成分,2,過敏性結膜炎(2)；結膜炎(2)；角膜炎(1)；抗菌(1)；消炎(1),過敏性結膜炎:2；結膜炎:2；角膜炎:1；抗菌:1；消炎:1,5,100.0,過敏性結膜炎,0,0,2,0,0,,"""博士倫""宜而明眼用懸浮液0.2%；隆特明眼用懸浮液0.5%",依 TFDA 開放資料與規則分類自動整理，藥品分類欄位待人工確認時請回查原始許可證。
Nepafenac,NSAID 成分,2,消炎(2)；術後發炎(1),消炎:2；術後發炎:1,2,100.0,消炎,0,0,2,0,0,,以利視點眼懸液劑0.3%；納衛視點眼懸液劑 0.1%,依 TFDA 開放資料與規則分類自動整理，藥品分類欄位待人工確認時請回查原始許可證。
Olopatadine,抗過敏成分,2,過敏性結膜炎(2)；結膜炎(2),過敏性結膜炎:2；結膜炎:2,2,100.0,過敏性結膜炎,0,0,2,0,0,,愛特敏點眼液0.1%；歐祿盼點眼液0.1%,依 TFDA 開放資料與規則分類自動整理，藥品分類欄位待人工確認時請回查原始許可證。
Omidenepag Isopropyl,其他成分,2,青光眼(2)；降眼壓(2),青光眼:2；降眼壓:2,2,100.0,青光眼,0,0,2,0,0,,愛倍力(單支裝)點眼液0.002%；愛倍力點眼液 0.002%,依 TFDA 開放資料與規則分類自動整理，藥品分類欄位待人工確認時請回查原始許可證。
Oxybuprocaine HCL,其他成分,2,待人工確認(2),待人工確認:2,1,100.0,待人工確認,0,0,2,0,0,,"""麥迪森"" 益視明眼藥水 0.05%；配藥視點眼液0.4%",依 TFDA 開放資料與規則分類自動整理，藥品分類欄位待人工確認時請回查原始許可證。
Panthenol D- (EQ TO D-Panthenol),角膜修復／其他成分,2,眼睛疲勞(2)；眼睛紅(1)；結膜炎(1)；角膜炎(1)；麥粒腫(1)；眼睛癢(1),眼睛疲勞:2；眼睛紅:1；結膜炎:1；角膜炎:1；麥粒腫:1；眼睛癢:1,6,100.0,眼睛疲勞,0,0,2,0,0,Chondroitin sulfate(2)；Chlorpheniramine Maleate(2)；Cyanocobalamin (Vit B12)(1)；Pyridoxine HCL(1)；Vitamin A(1)；Zinc Sulfate(1),派格（Ｒ）眼藥水；瑩光眼藥水,依 TFDA 開放資料與規則分類自動整理，藥品分類欄位待人工確認時請回查原始許可證。
Pirfenoxone (EQ TO Catalin)( EQ TO Pirenoxine),其他成分,2,待人工確認(2),待人工確認:2,1,100.0,待人工確認,0,0,2,0,0,,"""派頓""百麗欣點眼懸液0.005%；柯寧優尼點眼懸液",依 TFDA 開放資料與規則分類自動整理，藥品分類欄位待人工確認時請回查原始許可證。
Polymyxin B Sulfate,其他成分,2,結膜炎(2)；角膜潰瘍(2)；角膜炎(1),結膜炎:2；角膜潰瘍:2；角膜炎:1,3,100.0,結膜炎,0,0,2,0,0,Dexamethasone(2)；Neomycin Sulfate(1)；Neomycin (Sulfate)(1),目施妥眼藥膏；目施妥點眼液,依 TFDA 開放資料與規則分類自動整理，藥品分類欄位待人工確認時請回查原始許可證。
Polyvinyl alcohol,人工淚液／潤滑成分,2,眼睛乾澀(2),眼睛乾澀:2,1,100.0,眼睛乾澀,0,0,2,0,0,Povidone(1),"""信東"" 舒眼人工淚液；海滴人工淚液 1.4%",依 TFDA 開放資料與規則分類自動整理，藥品分類欄位待人工確認時請回查原始許可證。
Procaine HCL,其他成分,2,結膜炎(2)；角膜潰瘍(2)；麥粒腫(2),結膜炎:2；角膜潰瘍:2；麥粒腫:2,3,100.0,結膜炎,0,0,2,0,0,Taurine (EQ TO 2-Aminoethane Sulfonic Acid)(2)；Zinc Sulfate(2)；Homosulfamine(1)；Mafenide (Homosulfamine)(1),明晶可寧點眼劑；舒敏明眼藥水,依 TFDA 開放資料與規則分類自動整理，藥品分類欄位待人工確認時請回查原始許可證。
Proparacaine HCL,其他成分,2,待人工確認(2),待人工確認:2,1,100.0,待人工確認,0,0,2,0,0,,"""愛爾康"" 愛爾卡因0.5 ％點眼液；五福普洛拍拉卡因眼藥水５公絲/公撮",依 TFDA 開放資料與規則分類自動整理，藥品分類欄位待人工確認時請回查原始許可證。
Sodium Bicarbonate ( EQ TO Sodium Hydrogen Carbonate),其他成分,2,眼睛疲勞(2)；眼睛乾澀(1),眼睛疲勞:2；眼睛乾澀:1,2,100.0,眼睛疲勞,0,0,2,0,0,Chondroitin sulfate(2)；Potassium Chloride(2)；Sodium chloride(2)；Calcium Chloride Hydrate(1)；Hypromellose(1),樂敦視涵點眼液-水潤型；樂敦妮婕心漾點眼液,依 TFDA 開放資料與規則分類自動整理，藥品分類欄位待人工確認時請回查原始許可證。
Tetracycline (HCL),其他成分,2,結膜炎(2)；抗菌(2)；角膜潰瘍(1)；術後發炎(1),結膜炎:2；抗菌:2；角膜潰瘍:1；術後發炎:1,4,100.0,結膜炎,0,0,2,0,0,,"""健喬""鹽酸四環素眼藥膏１％；鹽酸四環素眼藥膏",依 TFDA 開放資料與規則分類自動整理，藥品分類欄位待人工確認時請回查原始許可證。
Tetracycline HCL (EQ TO Tetracycline Hydrochloride),其他成分,2,抗菌(2)；消炎(2),抗菌:2；消炎:2,2,100.0,抗菌,0,0,2,0,0,,"""人人""鹽酸四環素眼藥膏；“溫士頓”鹽酸四環素眼藥膏",依 TFDA 開放資料與規則分類自動整理，藥品分類欄位待人工確認時請回查原始許可證。
Tocopherol Acetate Alpha Dl-,其他成分,2,眼睛疲勞(2)；眼睛癢(2),眼睛疲勞:2；眼睛癢:2,2,100.0,眼睛疲勞,0,0,2,0,0,Chlorpheniramine Maleate(2)；Chondroitin sulfate(2)；Pyridoxine HCL(1)；Glycyrrhizinate Dipotassium (EQ TO Dipotassium Glycyrrhizinate)(1)；Neostigmine Methylsulfate(1),"""西德有機"" 愛視力點眼液；日岩視野明眼藥水",依 TFDA 開放資料與規則分類自動整理，藥品分類欄位待人工確認時請回查原始許可證。
Triamcinolone Acetonide,其他成分,2,結膜炎(2)；術後發炎(2)；消炎(2),結膜炎:2；術後發炎:2；消炎:2,3,100.0,結膜炎,0,0,2,0,0,Neomycin Sulfate(1)；Neomycin (Sulfate)(1),利美可通眼用軟膏；眼用溫拿可通軟膏,依 TFDA 開放資料與規則分類自動整理，藥品分類欄位待人工確認時請回查原始許可證。
20% Chlorhexidine Gluconate Solution,其他成分,1,眼睛疲勞(1)；眼睛紅(1)；結膜炎(1),眼睛疲勞:1；眼睛紅:1；結膜炎:1,3,100.0,眼睛疲勞,0,0,1,0,0,Antazoline Phosphate(1)；Tetrahydrozoline(1),安舒敏眼藥水,依 TFDA 開放資料與規則分類自動整理，藥品分類欄位待人工確認時請回查原始許可證。
Aspartate Magnesium L-,其他成分,1,眼睛疲勞(1)；眼睛癢(1),眼睛疲勞:1；眼睛癢:1,2,100.0,眼睛疲勞,0,0,1,0,0,Aspartate Potassium L- (EQ TO Potassium L-Aspartate)(1)；Vitamin A(1)；Zinc Sulfate(1)；Chlorpheniramine Maleate(1),達靈眼藥水,依 TFDA 開放資料與規則分類自動整理，藥品分類欄位待人工確認時請回查原始許可證。
Aspartate Potassium Magnesium,其他成分,1,結膜炎(1)；角膜炎(1)；麥粒腫(1),結膜炎:1；角膜炎:1；麥粒腫:1,3,100.0,結膜炎,0,0,1,0,0,Chondroitin sulfate(1)；Neostigmine Methylsulfate(1)；Zinc Sulfate 7H2O(1)；Chlorpheniramine Maleate(1)；Taurine (EQ TO 2-Aminoethane Sulfonic Acid)(1)；Vitamin A(1),明亮眼藥水,依 TFDA 開放資料與規則分類自動整理，藥品分類欄位待人工確認時請回查原始許可證。
Benoxinate HCL,其他成分,1,待人工確認(1),待人工確認:1,1,100.0,待人工確認,0,0,1,0,0,,倍能視耐點眼液,依 TFDA 開放資料與規則分類自動整理，藥品分類欄位待人工確認時請回查原始許可證。
Besifloxacin Hydrochloride,其他成分,1,結膜炎(1)；抗菌(1),結膜炎:1；抗菌:1,2,100.0,結膜炎,0,0,1,0,0,,博倫眼用懸液劑 0.6%,依 TFDA 開放資料與規則分類自動整理，藥品分類欄位待人工確認時請回查原始許可證。
Betaxolol,青光眼成分,1,青光眼(1),青光眼:1,1,100.0,青光眼,0,0,1,0,0,,貝特舒眼用懸浮液,依 TFDA 開放資料與規則分類自動整理，藥品分類欄位待人工確認時請回查原始許可證。
Carbachol,其他成分,1,術後發炎(1),術後發炎:1,1,100.0,術後發炎,0,0,1,0,0,,愛爾康縮瞳液,依 TFDA 開放資料與規則分類自動整理，藥品分類欄位待人工確認時請回查原始許可證。
Chlorhexidine Gluconate,其他成分,1,眼睛疲勞(1)；眼睛紅(1)；結膜炎(1),眼睛疲勞:1；眼睛紅:1；結膜炎:1,3,100.0,眼睛疲勞,0,0,1,0,0,Antazoline Phosphate(1)；Tetrahydrozoline(1),安敏易眼藥水,依 TFDA 開放資料與規則分類自動整理，藥品分類欄位待人工確認時請回查原始許可證。
Chlorobutanol,防腐劑,1,眼睛紅(1)；角膜炎(1),眼睛紅:1；角膜炎:1,2,100.0,眼睛紅,0,0,1,0,1,Phenylephrine(1),"""人人""眼用滴劑",依 TFDA 開放資料與規則分類自動整理，藥品分類欄位待人工確認時請回查原始許可證。
Chlortetracycline HCL,其他成分,1,結膜炎(1),結膜炎:1,1,100.0,結膜炎,0,0,1,0,0,,"""聯邦""氯四環素眼藥膏",依 TFDA 開放資料與規則分類自動整理，藥品分類欄位待人工確認時請回查原始許可證。
Ciclosporin,其他成分,1,結膜炎(1)；角膜修復(1)；消炎(1),結膜炎:1；角膜修復:1；消炎:1,3,100.0,結膜炎,0,0,1,0,0,,宜可利1毫克/1毫升眼用乳劑,依 TFDA 開放資料與規則分類自動整理，藥品分類欄位待人工確認時請回查原始許可證。
Cyanocobalamine(1% Spray Dried),其他成分,1,眼睛疲勞(1),眼睛疲勞:1,1,100.0,眼睛疲勞,0,0,1,0,0,,"""健喬"" 維生素 B12 眼藥水 0.02%",依 TFDA 開放資料與規則分類自動整理，藥品分類欄位待人工確認時請回查原始許可證。
Dipivefrin HCL,其他成分,1,青光眼(1)；降眼壓(1),青光眼:1；降眼壓:1,2,100.0,青光眼,0,0,1,0,0,,"""應元"" 抑壓眼藥水0.1%",依 TFDA 開放資料與規則分類自動整理，藥品分類欄位待人工確認時請回查原始許可證。
Diquafosol Sodium,其他成分,1,乾眼(1)；結膜炎(1)；角膜修復(1),乾眼:1；結膜炎:1；角膜修復:1,3,100.0,乾眼,0,0,1,0,0,,滴舒適點眼液,依 TFDA 開放資料與規則分類自動整理，藥品分類欄位待人工確認時請回查原始許可證。
Dl-Alpha-Tocopheryl Acetate,其他成分,1,眼睛疲勞(1)；眼睛癢(1),眼睛疲勞:1；眼睛癢:1,2,100.0,眼睛疲勞,0,0,1,0,0,Neostigmine Methylsulfate(1)；Aminocaproic Acid Epsilon-(1)；Chlorpheniramine Maleate(1)；Pyridoxine Hydrochloride(1)；Panthenol(1)；Taurine (EQ TO 2-Aminoethane Sulfonic Acid)(1),參天維生素溫和眼藥水,依 TFDA 開放資料與規則分類自動整理，藥品分類欄位待人工確認時請回查原始許可證。
Edetate Disodium Dihydrate (EQ TO Disodium Edetate Dihydrate),其他成分,1,潤滑保濕(1),潤滑保濕:1,1,100.0,潤滑保濕,0,0,1,0,0,Boric Acid(1)；Sorbic Acid(1),"""五福"" 潔聖舒眼液",依 TFDA 開放資料與規則分類自動整理，藥品分類欄位待人工確認時請回查原始許可證。
Emedastine,抗過敏成分,1,過敏性結膜炎(1)；結膜炎(1)；消炎(1),過敏性結膜炎:1；結膜炎:1；消炎:1,3,100.0,過敏性結膜炎,0,0,1,0,0,,益美定眼藥水,依 TFDA 開放資料與規則分類自動整理，藥品分類欄位待人工確認時請回查原始許可證。
Ephedrine HCL (EQ TO Ephedrine Hydrochloride),其他成分,1,眼睛疲勞(1)；眼睛癢(1)；眼睛紅(1),眼睛疲勞:1；眼睛癢:1；眼睛紅:1,3,100.0,眼睛疲勞,0,0,1,0,0,Panthenol(1)；Dl-Chlorpheniramine Maleate(1)；Aspartate Potassium Magnesium L- ( EQ TO Magnesium Potassium L-Aspartate)(1),"""派頓""好晶光 眼藥水",依 TFDA 開放資料與規則分類自動整理，藥品分類欄位待人工確認時請回查原始許可證。
Erythromycin,其他成分,1,結膜炎(1)；角膜炎(1)；角膜潰瘍(1)；麥粒腫(1)；抗病毒(1)；抗菌(1),結膜炎:1；角膜炎:1；角膜潰瘍:1；麥粒腫:1；抗病毒:1；抗菌:1,6,100.0,結膜炎,0,0,1,0,0,,紅力素眼藥膏,依 TFDA 開放資料與規則分類自動整理，藥品分類欄位待人工確認時請回查原始許可證。
Erythromycin (Lactobionate),其他成分,1,結膜炎(1)；角膜炎(1)；角膜潰瘍(1)；麥粒腫(1),結膜炎:1；角膜炎:1；角膜潰瘍:1；麥粒腫:1,4,100.0,結膜炎,0,0,1,0,0,,紅黴素眼藥膏,依 TFDA 開放資料與規則分類自動整理，藥品分類欄位待人工確認時請回查原始許可證。
Erythromycin Base,其他成分,1,結膜炎(1)；角膜炎(1)；角膜潰瘍(1)；麥粒腫(1)；抗病毒(1)；抗菌(1),結膜炎:1；角膜炎:1；角膜潰瘍:1；麥粒腫:1；抗病毒:1；抗菌:1,6,100.0,結膜炎,0,0,1,0,0,,"""健喬"" 紅黴素眼藥膏 0.5%",依 TFDA 開放資料與規則分類自動整理，藥品分類欄位待人工確認時請回查原始許可證。
Fradiomycin Sulfate (EQ TO Neomycin Sulfate),抗菌成分,1,待人工確認(1),待人工確認:1,1,100.0,待人工確認,0,0,1,0,0,Betamethasone(1),眼科用臨得隆複合液,依 TFDA 開放資料與規則分類自動整理，藥品分類欄位待人工確認時請回查原始許可證。
Fusidic acid,抗菌成分,1,結膜炎(1)；角膜炎(1)；抗菌(1),結膜炎:1；角膜炎:1；抗菌:1,3,100.0,結膜炎,0,0,1,0,0,,"""派頓"" 睛爽眼藥水 １０公絲／公撮",依 TFDA 開放資料與規則分類自動整理，藥品分類欄位待人工確認時請回查原始許可證。
Homosulfamine,其他成分,1,結膜炎(1)；角膜潰瘍(1)；麥粒腫(1),結膜炎:1；角膜潰瘍:1；麥粒腫:1,3,100.0,結膜炎,0,0,1,0,0,Procaine HCL(1)；Taurine (EQ TO 2-Aminoethane Sulfonic Acid)(1)；Zinc Sulfate(1),明晶可寧點眼劑,依 TFDA 開放資料與規則分類自動整理，藥品分類欄位待人工確認時請回查原始許可證。
Hydroxyethylcellulose,其他成分,1,眼睛乾澀(1)；眼睛疲勞(1),眼睛乾澀:1；眼睛疲勞:1,2,100.0,眼睛乾澀,0,0,1,0,0,Chondroitin sulfate(1)；Potassium Chloride(1)；Sodium chloride(1),樂敦乾眼修護眼藥水,依 TFDA 開放資料與規則分類自動整理，藥品分類欄位待人工確認時請回查原始許可證。
Idoxuridine,其他成分,1,角膜炎(1)；抗病毒(1),角膜炎:1；抗病毒:1,2,100.0,角膜炎,0,0,1,0,0,,眼/停點眼液 0.1%,依 TFDA 開放資料與規則分類自動整理，藥品分類欄位待人工確認時請回查原始許可證。
Lifitegrast,其他成分,1,乾眼(1),乾眼:1,1,100.0,乾眼,0,0,1,0,0,,舒淚點眼液 5%,依 TFDA 開放資料與規則分類自動整理，藥品分類欄位待人工確認時請回查原始許可證。
Lomefloxacin Hydrochloride,其他成分,1,結膜炎(1)；抗菌(1),結膜炎:1；抗菌:1,2,100.0,結膜炎,0,0,1,0,0,,"""派頓"" 瀝目睛眼藥水3毫克/毫升",依 TFDA 開放資料與規則分類自動整理，藥品分類欄位待人工確認時請回查原始許可證。
Mafenide (Homosulfamine),其他成分,1,結膜炎(1)；角膜潰瘍(1)；麥粒腫(1),結膜炎:1；角膜潰瘍:1；麥粒腫:1,3,100.0,結膜炎,0,0,1,0,0,Procaine HCL(1)；Taurine (EQ TO 2-Aminoethane Sulfonic Acid)(1)；Zinc Sulfate(1),舒敏明眼藥水,依 TFDA 開放資料與規則分類自動整理，藥品分類欄位待人工確認時請回查原始許可證。
Magnesium Sulfate Hydrate,其他成分,1,眼睛乾澀(1)；眼睛疲勞(1),眼睛乾澀:1；眼睛疲勞:1,2,100.0,眼睛乾澀,0,0,1,0,0,Chondroitin sulfate(1)；Potassium Chloride(1)；Calcium Chloride Hydrate(1)；Sodium chloride(1)；Hypromellose(1),樂敦乾眼淚液眼藥水,依 TFDA 開放資料與規則分類自動整理，藥品分類欄位待人工確認時請回查原始許可證。
Mineral Oil Light (EQ TO Light Mineral Oil),其他成分,1,眼睛乾澀(1),眼睛乾澀:1,1,100.0,眼睛乾澀,0,0,1,0,0,Mineral Oil(1),凱舒諾人工淚液,依 TFDA 開放資料與規則分類自動整理，藥品分類欄位待人工確認時請回查原始許可證。
Natamycin,其他成分,1,結膜炎(1)；角膜炎(1),結膜炎:1；角膜炎:1,2,100.0,結膜炎,0,0,1,0,0,,黴大清眼用懸浮液５％,依 TFDA 開放資料與規則分類自動整理，藥品分類欄位待人工確認時請回查原始許可證。
Neomycin (Fradiomycin),其他成分,1,結膜炎(1)；角膜炎(1)；角膜潰瘍(1)；角膜修復(1),結膜炎:1；角膜炎:1；角膜潰瘍:1；角膜修復:1,4,100.0,結膜炎,0,0,1,0,0,Dexamethasone(1),視寧點眼液,依 TFDA 開放資料與規則分類自動整理，藥品分類欄位待人工確認時請回查原始許可證。
Oxybuprocaine Hydrochloride,其他成分,1,待人工確認(1),待人工確認:1,1,100.0,待人工確認,0,0,1,0,0,,能克淚明,依 TFDA 開放資料與規則分類自動整理，藥品分類欄位待人工確認時請回查原始許可證。
Oxymetazoline HCL,其他成分,1,待人工確認(1),待人工確認:1,1,100.0,待人工確認,0,0,1,0,0,,"""人人""清眼點眼液０．２５毫克/毫升（異每達佐林）",依 TFDA 開放資料與規則分類自動整理，藥品分類欄位待人工確認時請回查原始許可證。
Pantothenyl Alcohol D-,其他成分,1,眼睛紅(1)；結膜炎(1)；角膜炎(1),眼睛紅:1；結膜炎:1；角膜炎:1,3,100.0,眼睛紅,0,0,1,0,0,Chondroitin sulfate(1)；Cyanocobalamin (Vit B12)(1)；Pyridoxine HCL(1)；Chlorpheniramine Maleate(1),舒麗爽眼藥水,依 TFDA 開放資料與規則分類自動整理，藥品分類欄位待人工確認時請回查原始許可證。
Pemirolast Potassium,其他成分,1,過敏性結膜炎(1)；結膜炎(1),過敏性結膜炎:1；結膜炎:1,2,100.0,過敏性結膜炎,0,0,1,0,0,,炎即爽眼藥水,依 TFDA 開放資料與規則分類自動整理，藥品分類欄位待人工確認時請回查原始許可證。
Polysorbate 80,其他成分,1,眼睛乾澀(1),眼睛乾澀:1,1,100.0,眼睛乾澀,0,0,1,0,0,Carboxymethylcellulose(1)；Glycerin (EQ TO Glycerol)(1),優麗舒加強型單支裝眼用乳劑,依 TFDA 開放資料與規則分類自動整理，藥品分類欄位待人工確認時請回查原始許可證。
Povidone,人工淚液／潤滑成分,1,眼睛乾澀(1),眼睛乾澀:1,1,100.0,眼睛乾澀,0,0,1,0,0,Polyvinyl alcohol(1),"""信東"" 舒眼人工淚液",依 TFDA 開放資料與規則分類自動整理，藥品分類欄位待人工確認時請回查原始許可證。
Sodium Borate Decahydrate (Borax),其他成分,1,眼睛乾澀(1),眼睛乾澀:1,1,100.0,眼睛乾澀,0,0,1,0,1,Sodium chloride(1)；Potassium Chloride(1)；Sodium Phosphate Monobasic (EQ TO Monosodium Phosphate)(EQ TO Sodium Dihydrogen Phosphate)(1)；Boric Acid(1)；Benzalkonium chloride(1),"""派頓""派滴兒點眼液",依 TFDA 開放資料與規則分類自動整理，藥品分類欄位待人工確認時請回查原始許可證。
Sodium Phosphate Dibasic (EQ TO Disod. Hydrogen Phosphate) (EQ TO Disodium Phosphate),其他成分,1,眼睛乾澀(1),眼睛乾澀:1,1,100.0,眼睛乾澀,0,0,1,0,0,Sodium chloride(1)；Potassium Chloride(1)；Sodium Carbonate Anhydrous(1),"""派頓""滴潤人工淚液",依 TFDA 開放資料與規則分類自動整理，藥品分類欄位待人工確認時請回查原始許可證。
Sodium Phosphate Dibasic Heptahydrate,其他成分,1,眼睛疲勞(1)；抗菌(1)；潤滑保濕(1),眼睛疲勞:1；抗菌:1；潤滑保濕:1,3,100.0,眼睛疲勞,0,0,1,0,0,Boric Acid(1)；Sodium chloride(1)；Potassium Chloride(1)；Sodium Carbonate Anhydrous(1),"""杏輝""旺滴點眼液",依 TFDA 開放資料與規則分類自動整理，藥品分類欄位待人工確認時請回查原始許可證。
Sodium hyaluronate,人工淚液／潤滑成分,1,眼睛乾澀(1),眼睛乾澀:1,1,100.0,眼睛乾澀,0,0,1,0,0,Polyethylene glycol(1)；Propylene glycol(1),視舒坦玻尿酸人工淚液點眼液,依 TFDA 開放資料與規則分類自動整理，藥品分類欄位待人工確認時請回查原始許可證。
Sorbic Acid,其他成分,1,潤滑保濕(1),潤滑保濕:1,1,100.0,潤滑保濕,0,0,1,0,0,Boric Acid(1)；Edetate Disodium Dihydrate (EQ TO Disodium Edetate Dihydrate)(1),"""五福"" 潔聖舒眼液",依 TFDA 開放資料與規則分類自動整理，藥品分類欄位待人工確認時請回查原始許可證。
Tetracaine HCL,其他成分,1,待人工確認(1),待人工確認:1,1,100.0,待人工確認,0,0,1,0,0,,點卡因點眼液,依 TFDA 開放資料與規則分類自動整理，藥品分類欄位待人工確認時請回查原始許可證。
Zinc Sulfate 7H2O,其他成分,1,結膜炎(1)；角膜炎(1)；麥粒腫(1),結膜炎:1；角膜炎:1；麥粒腫:1,3,100.0,結膜炎,0,0,1,0,0,Aspartate Potassium Magnesium(1)；Chondroitin sulfate(1)；Neostigmine Methylsulfate(1)；Chlorpheniramine Maleate(1)；Taurine (EQ TO 2-Aminoethane Sulfonic Acid)(1)；Vitamin A(1),明亮眼藥水,依 TFDA 開放資料與規則分類自動整理，藥品分類欄位待人工確認時請回查原始許可證。
Zinc Sulfate Heptahydrate,其他成分,1,待人工確認(1),待人工確認:1,1,100.0,待人工確認,0,0,1,0,0,,新一點靈晶靚點眼液,依 TFDA 開放資料與規則分類自動整理，藥品分類欄位待人工確認時請回查原始許可證。
待人工確認,其他成分,1,消炎(1),消炎:1,1,100.0,消炎,0,0,1,0,0,,倍可洛舒點眼懸液0.05%,依 TFDA 開放資料與規則分類自動整理，藥品分類欄位待人工確認時請回查原始許可證。
