Ingredient,Product Count,黴菌感染,濕疹,皮膚炎,傷口,搔癢,香港腳,股癬,待人工確認,燙傷,消炎止痛,自體免疫／免疫發炎相關皮膚疾病,乾癬／牛皮癬,青春痘,刀傷,體癬,膿皰,細菌感染,扁平苔癬,異位性皮膚炎,抗病毒相關,病毒感染,痔瘡,灰指甲,病毒疣,疥瘡,生殖器疣,唇皰疹
Betamethasone,179,79,106,116,52,22,57,57,5,57,7,47,47,5,46,17,11,28,11,28,1,1,5,0,0,0,0,0
Menthol,132,2,15,20,23,84,2,2,3,39,44,0,0,0,17,0,0,0,0,0,0,0,5,0,0,0,0,0
Triamcinolone,111,74,98,78,20,23,52,47,1,5,2,27,27,0,0,3,3,12,1,1,0,0,0,5,0,0,0,0
Camphor,110,0,15,18,27,75,2,0,3,45,23,2,2,0,23,0,1,1,0,0,0,0,0,0,0,0,0,0
Neomycin,108,6,72,55,68,44,2,0,3,53,0,31,31,1,32,0,22,12,0,9,14,14,0,0,0,0,0,0
Diphenhydramine,103,2,45,53,18,95,1,1,2,15,20,0,0,0,11,0,1,3,0,0,0,0,4,0,0,0,0,0
Hydrocortisone,103,12,72,64,12,70,8,7,0,3,15,3,3,1,2,0,16,1,0,4,13,13,17,0,0,1,0,0
Gentamicin,100,58,62,67,55,9,36,36,0,63,0,7,7,5,45,2,22,38,0,4,0,0,1,0,0,0,0,0
Methyl salicylate,95,3,11,15,19,55,3,3,3,40,27,0,0,0,14,1,1,1,0,0,0,0,0,0,0,0,0,0
Tolnaftate,85,80,36,37,32,2,80,77,0,32,0,0,0,2,32,7,3,3,0,0,0,0,0,0,0,0,0,0
Econazole,81,78,62,43,0,0,59,56,0,0,0,3,3,0,0,6,0,3,0,0,0,0,0,5,0,0,0,0
Terbinafine,79,79,0,0,0,0,79,72,0,0,0,0,0,0,0,45,0,0,0,0,0,0,0,0,0,0,0,0
Chlorhexidine,76,18,6,7,33,13,18,17,8,15,8,0,0,0,1,0,6,5,0,0,0,0,8,0,0,0,0,0
Clotrimazole,71,67,2,2,0,0,50,49,0,0,0,0,0,0,0,21,0,21,0,0,0,0,0,0,0,0,0,0
Salicylic acid,68,19,27,22,3,7,20,9,11,2,0,23,23,1,3,0,6,1,16,10,1,1,0,1,13,1,0,0
Clobetasol,63,0,51,4,0,3,0,0,0,0,4,59,58,0,0,0,4,0,53,0,0,0,0,0,0,0,0,0
Lidocaine,56,1,18,17,12,40,1,1,10,11,18,0,0,0,3,0,1,1,0,0,0,0,21,0,0,0,0,0
Prednisolone,56,2,38,40,8,42,1,0,1,15,9,3,3,2,3,0,2,4,0,0,0,0,11,0,0,0,0,0
Tretinoin,56,0,0,15,0,0,0,0,1,0,0,0,0,40,0,0,1,0,0,0,0,0,0,0,0,0,0,0
Zinc oxide,56,0,16,13,17,36,0,0,9,13,11,0,0,2,11,0,1,2,0,0,0,0,10,0,0,0,0,0
Minoxidil,52,0,0,0,0,0,0,0,52,0,0,0,0,0,0,0,0,0,0,0,0,0,0,0,0,0,0,0
Indomethacin (Eq To Indometacin),51,0,0,0,5,0,0,0,0,0,51,0,0,0,0,0,0,0,0,0,0,0,0,0,0,0,0,0
Tocopherol,46,0,14,22,21,18,0,0,5,18,12,0,0,11,2,0,0,0,0,0,0,0,12,0,0,0,0,0
Piroxicam,40,0,0,0,21,0,0,0,0,0,40,0,0,0,0,0,0,0,0,0,0,0,0,0,0,0,0,0
Povidone-Iodine,40,1,1,1,38,0,0,0,2,1,0,0,0,1,1,0,1,1,0,0,0,0,0,0,0,0,0,0
Fluocinolone,39,1,38,37,13,17,1,1,1,16,5,9,9,0,10,0,5,2,0,7,1,1,0,0,0,0,0,0
Urea,39,3,19,20,1,16,3,3,16,1,4,0,0,0,1,1,0,0,0,0,0,0,0,0,0,0,0,0
Ketoconazole,38,35,0,3,0,0,0,0,3,0,0,0,0,0,0,0,0,0,0,0,0,0,0,0,0,0,0,0
Iodochlorhydroxyquin,37,33,32,33,28,1,31,31,0,28,1,0,0,2,27,2,2,3,0,0,0,0,0,0,0,0,0,0
Isoconazole Nitrate,37,29,3,2,0,7,17,12,1,0,0,7,7,0,0,10,0,3,0,0,0,0,0,7,0,0,0,0
Dibucaine,35,0,16,16,6,34,0,0,0,0,23,0,0,0,3,0,0,0,0,0,0,0,5,0,0,0,0,0
Chlorpheniramine Maleate,34,0,15,17,6,23,0,0,4,7,8,0,0,0,3,0,2,1,0,0,0,0,1,0,0,0,0,0
Hydroquinone,34,0,0,15,0,0,0,0,19,0,0,0,0,0,0,0,0,0,0,0,0,0,0,0,0,0,0,0
Diclofenac,33,0,0,0,0,0,0,0,0,0,33,0,0,0,0,0,0,0,0,0,0,0,0,0,0,0,0,0
Ethanol ( Eq To Ethyl Alcohol) (Eq To Alcohol),33,0,0,0,0,0,0,0,33,0,0,0,0,0,0,0,0,0,0,0,0,0,0,0,0,0,0,0
Adapalene,32,0,0,0,0,0,0,0,0,0,0,0,0,32,0,0,0,0,0,0,0,0,0,0,0,0,0,0
Benzoyl peroxide,31,0,0,0,0,0,0,0,0,0,0,0,0,30,0,0,0,0,0,0,0,0,1,0,0,0,0,0
Clindamycin,28,0,0,0,0,0,0,0,0,0,0,0,0,28,0,0,0,0,0,0,0,0,0,0,0,0,0,0
Crotamiton,27,2,22,25,1,21,2,2,0,0,0,3,3,0,0,0,0,0,0,4,0,0,0,0,0,3,0,0
Acyclovir,26,0,0,0,0,0,0,0,0,0,0,0,0,0,0,0,0,0,0,0,26,26,0,0,0,0,0,0
Diflucortolone Valerate,25,18,6,5,0,3,6,3,0,0,0,7,7,0,0,3,0,2,0,0,0,0,0,3,0,0,0,0
Nitrofurazone,25,0,7,5,22,7,0,0,0,21,2,0,0,0,13,0,5,6,0,0,0,0,2,0,0,0,0,0
Nystatin,25,6,23,21,18,17,3,1,0,1,0,19,19,0,0,1,2,7,0,0,0,0,0,0,0,0,0,0
Mometasone,24,0,0,0,0,24,0,0,0,0,0,0,0,0,0,0,0,0,0,0,0,0,0,0,0,0,0,0
Clove Oil,23,0,1,0,6,15,0,0,2,12,4,0,0,1,6,0,1,0,0,0,0,0,0,0,0,0,0,0
Dexamethasone,23,0,9,21,1,7,0,0,0,2,0,1,1,0,0,0,1,1,0,0,0,0,0,0,0,0,0,0
Eucalyptus Oil (Oleum Eucalypti),23,0,1,0,7,14,0,0,1,12,7,0,0,0,5,0,0,0,0,0,0,0,0,0,0,0,0,0
Iodine (Povidone),23,0,1,1,23,1,1,0,0,1,1,0,0,0,0,0,0,0,0,0,0,0,0,0,0,0,0,0
Gramicidin,22,4,22,20,18,17,2,0,0,1,0,18,18,0,0,0,2,7,0,0,0,0,0,0,0,0,0,0
Etofenamate,21,0,0,0,0,0,0,0,20,0,1,0,0,0,0,0,0,0,0,0,0,0,0,0,0,0,0,0
Undecylenic Acid,21,21,0,0,0,1,21,20,0,0,0,0,0,0,0,2,0,0,0,0,0,0,0,0,0,0,0,0
Ciclopirox,20,20,0,0,0,0,8,4,0,0,0,0,0,0,0,3,0,0,0,0,0,0,0,0,0,0,0,0
Fluocinonide,20,2,20,20,2,6,0,0,0,1,0,15,15,1,1,0,7,2,0,7,0,0,0,0,0,0,0,0
Miconazole,20,17,5,7,0,0,13,13,0,0,0,0,0,2,0,2,0,0,0,0,0,0,1,0,0,0,0,0
Acetamidocaproic Acid -Epsilon (Acexamic Acid),19,0,0,0,19,0,0,0,0,19,0,0,0,0,0,0,0,0,0,0,0,0,0,0,0,0,0,0
Bifonazole,19,19,0,0,0,0,3,3,0,0,0,0,0,0,0,0,0,0,0,0,0,0,0,0,0,0,0,0
Sulfadiazine,19,1,3,1,18,10,1,1,0,17,0,0,0,0,13,0,2,3,0,0,0,0,0,0,0,0,0,0
Alcohol,18,0,0,0,0,0,0,0,18,0,0,0,0,0,0,0,0,0,0,0,0,0,0,0,0,0,0,0
Allantoin,17,0,1,0,7,13,0,0,1,3,13,0,0,0,2,0,0,0,0,0,0,0,14,0,0,0,0,0
Cetrimide,17,0,0,0,17,0,0,0,0,7,0,0,0,0,0,0,0,0,0,0,0,0,0,0,0,0,0,0
Sulfadiazine Silver,17,1,0,0,6,0,0,0,0,17,0,0,0,0,0,0,9,10,0,0,0,0,0,0,0,0,0,0
Undecylenate Zinc,17,17,0,0,1,1,17,16,0,1,0,0,0,0,1,1,0,0,0,0,0,0,0,0,0,0,0,0
Fusidic acid,16,0,0,0,0,0,0,0,3,0,0,0,0,0,0,0,0,13,0,0,0,0,0,0,0,0,0,0
Hexachlorophene,16,6,5,4,1,4,6,4,3,0,1,0,0,1,0,0,1,0,0,0,0,0,1,0,0,0,0,0
Benzocaine,14,1,1,1,1,4,1,0,4,1,4,0,0,0,1,0,1,1,0,0,0,0,3,0,0,0,0,0
Butenafine Hydrochloride,14,14,0,0,0,0,14,14,0,0,0,0,0,0,0,14,0,0,0,0,0,0,0,0,0,0,0,0
Phenol (Carbolic Acid),14,6,6,1,1,4,9,0,3,1,0,3,3,0,1,0,0,0,0,0,1,1,0,0,0,1,0,0
Ergocalciferol (Vit D,13,0,7,12,12,1,0,0,0,12,0,0,0,9,0,0,0,0,0,0,0,0,0,0,0,0,0,0
Phenylephrine,13,0,6,0,8,9,0,0,1,0,7,0,0,0,0,0,0,0,0,0,0,0,11,0,0,0,0,0
Metronidazole,12,0,0,0,0,0,0,0,2,0,0,0,0,0,0,0,10,0,0,0,0,0,0,0,0,0,0,0
Fluticasone,11,0,2,11,0,11,0,0,0,0,0,11,11,0,0,0,0,0,10,1,0,0,0,0,0,0,0,0
Naftifine Hydrochloride,11,11,0,0,0,0,0,0,0,0,0,0,0,0,0,0,0,0,0,0,0,0,0,0,0,0,0,0
Calamine,10,0,2,3,0,8,0,0,1,1,0,0,0,0,0,0,0,0,0,0,0,0,0,0,0,0,0,0
Clobetasone Butyrate,10,0,8,10,0,0,0,0,0,0,0,0,0,0,0,0,0,0,0,0,0,0,0,0,0,0,0,0
Diflucortolone,10,5,1,0,0,4,6,4,1,0,0,4,4,0,0,4,0,1,0,0,0,0,0,4,0,0,0,0
Erythromycin,10,0,0,0,0,0,0,0,0,0,0,0,0,10,0,0,0,0,0,0,0,0,0,0,0,0,0,0
Resorcinol (Resorcin),10,2,3,1,0,3,3,0,4,0,0,1,1,2,0,0,1,0,0,0,1,1,0,0,0,0,0,0
Azelaic Acid,9,0,0,0,0,0,0,0,0,0,0,0,0,9,0,0,0,0,0,0,0,0,0,0,0,0,0,0
Benzalkonium Chloride,9,0,0,0,6,3,0,0,3,0,0,0,0,0,4,0,0,0,0,0,0,0,0,0,0,0,0,0
Calcipotriol,9,0,0,0,0,0,0,0,0,0,0,9,9,0,0,0,0,0,0,0,0,0,0,0,0,0,0,0
Centella Asiatica Titrated Extract,9,0,5,0,4,5,0,0,0,4,0,0,0,0,0,0,5,0,0,0,5,5,0,0,0,0,0,0
Diethyltoluamide,9,0,0,0,0,0,0,0,9,0,0,0,0,0,0,0,0,0,0,0,0,0,0,0,0,0,0,0
Iodine,9,1,1,0,1,0,3,0,5,0,0,2,2,0,0,0,0,0,0,0,0,0,0,0,0,0,0,0
Tazarotene,9,0,0,0,0,0,0,0,0,0,0,9,9,8,0,0,0,0,0,0,0,0,0,0,0,0,0,0
Vitamin A,9,0,6,8,9,1,0,0,0,8,0,0,0,7,1,0,0,0,0,0,0,0,0,0,0,0,0,0
Vitamin A Palmitate,9,0,3,5,5,2,0,0,2,5,1,0,0,2,1,0,0,0,0,0,0,0,1,0,0,0,0,0
Cresol,8,0,0,0,3,0,0,0,5,0,0,0,0,0,0,0,0,0,0,0,0,0,0,0,0,0,0,0
Diphenylpyraline HCl,8,2,6,6,0,8,2,2,0,0,0,6,6,0,0,0,0,0,0,4,0,0,0,0,0,0,0,0
Doxepin HCl,8,7,8,8,0,7,0,0,0,0,0,0,0,0,0,0,0,0,0,7,0,0,0,0,0,0,0,0
Escin,8,0,0,0,2,0,0,0,4,0,4,0,0,0,0,0,0,0,0,0,0,0,0,0,0,0,0,0
Flumethasone Pivalate,8,0,8,8,0,0,0,0,1,0,0,8,8,0,0,0,6,1,6,0,0,0,0,0,0,0,0,0
Hydrogen Peroxide,8,0,0,0,8,0,0,0,0,0,0,0,0,0,0,0,0,0,0,0,0,0,0,0,0,0,0,0
Naphazoline HCl,8,0,0,0,4,5,0,0,2,0,2,0,0,0,3,0,1,0,0,0,0,0,0,0,0,0,0,0
Bismuth,7,0,0,0,1,4,0,0,0,0,1,0,0,0,0,0,0,0,0,0,0,0,7,0,0,0,0,0
Cinchocaine,7,0,0,0,0,3,0,0,0,0,3,0,0,0,0,0,0,0,0,0,0,0,7,0,0,0,0,0
Ethacridine Lactate Monohydrate (Acrinol),7,0,1,0,4,1,0,0,3,1,0,0,0,0,0,0,1,1,0,0,0,0,0,0,0,0,0,0
Glycyrrhetic Acid (Eq To Glycyrrhetinic Acid),7,1,3,5,1,5,1,1,0,0,1,0,0,0,0,0,0,0,0,0,0,0,0,0,0,0,0,0
Heparinoid (Sodium Polyanhydromannuronic Acid Sulfate),7,0,0,0,7,0,0,0,0,0,2,0,0,0,0,0,0,0,0,0,0,0,0,0,0,0,0,0
Isopropyl Alcohol,7,0,0,0,1,0,0,0,6,0,0,0,0,0,0,0,0,0,0,0,0,0,0,0,0,0,0,0
Ketoprofen,7,0,0,0,4,0,0,0,0,0,7,0,0,0,0,0,0,0,0,0,0,0,0,0,0,0,0,0
Sulfanilamide,7,2,3,1,4,3,1,0,0,3,1,0,0,0,4,0,2,3,0,0,0,0,0,0,0,0,0,0
Capsaicin,6,0,0,0,0,0,0,0,0,0,6,0,0,0,0,0,0,0,0,0,0,0,0,0,0,0,0,0
Centella Asiatica,6,0,5,0,1,5,0,0,0,1,0,0,0,0,0,0,5,0,0,0,4,4,0,0,0,0,0,0
Glycol Salicylate,6,0,0,0,0,1,0,0,1,0,4,0,0,0,0,0,0,0,0,0,0,0,0,0,0,0,0,0
Niflumic Acid,6,0,0,0,0,0,0,0,0,0,6,0,0,0,0,0,0,0,0,0,0,0,0,0,0,0,0,0
Sorbic Acid,6,0,0,0,6,0,0,0,0,6,0,0,0,0,0,0,0,0,0,0,0,0,0,0,0,0,0,0
Bacitracin (Zinc) (Potency),5,0,0,0,5,0,0,0,0,5,0,0,0,0,5,0,0,0,0,0,0,0,0,0,0,0,0,0
Benzethonium Chloride,5,0,0,0,2,1,0,0,3,0,1,0,0,0,0,0,0,1,0,0,0,0,0,0,0,0,0,0
Benzoic Acid,5,4,1,0,0,0,4,0,0,0,0,1,1,0,0,0,0,0,0,0,0,0,0,1,0,0,0,0
Cholecalciferol ( Eq To Vit D,5,0,2,2,2,0,0,0,3,2,0,0,0,2,0,0,0,0,0,0,0,0,0,0,0,0,0,0
Desoximetasone,5,0,5,1,0,0,0,0,0,4,0,4,4,0,0,0,0,0,0,0,0,0,0,0,0,0,0,0
Glycyrrhizinic Acid (Eq To Glycyrrhetinic Acid Glycoside)(Eq To Glycyrrhizic Acid ),5,0,3,4,2,4,1,0,0,0,1,0,0,0,0,0,0,0,0,0,0,0,0,0,0,0,0,0
Potassium Iodide,5,0,0,0,0,0,2,0,3,0,0,2,2,0,0,0,0,0,0,0,0,0,0,0,0,0,0,0
Pramoxine HCl,5,0,1,3,0,5,0,0,0,0,4,0,0,0,0,0,0,0,0,0,0,0,2,0,0,0,0,0
Sodium Chloride,5,0,0,0,5,0,0,0,0,0,0,0,0,0,0,0,0,0,0,0,0,0,0,0,0,0,0,0
Sulconazole Nitrate,5,5,0,0,0,0,5,5,0,0,0,0,0,0,0,5,0,0,0,0,0,0,0,0,0,0,0,0
Triclosan (Eq To Irgasan Dp-300) (Eq To Trichlorohydroxydiphenyl Ether),5,0,0,0,0,0,0,0,1,0,0,0,0,4,0,0,0,0,0,0,0,0,0,0,0,0,0,0
Benzyl Benzoate,4,4,0,0,0,0,0,0,0,0,0,0,0,0,0,0,0,0,0,0,0,0,0,0,0,0,0,0
Cassia Oil,4,0,0,0,4,2,0,0,0,4,0,0,0,0,4,0,0,0,0,0,0,0,0,0,0,0,0,0
Chloramphenicol,4,0,3,3,3,1,0,0,0,3,0,1,1,1,2,0,0,2,0,0,0,0,0,0,0,0,0,0
Cinnamon Oil (Oleum Cinnamomi),4,0,1,0,1,1,0,0,0,2,1,0,0,1,1,0,1,0,0,0,0,0,0,0,0,0,0,0
Clioquinol,4,4,3,4,4,0,4,4,0,4,0,0,0,0,4,0,0,0,0,0,0,0,0,0,0,0,0,0
Diethylamine Salicylate,4,0,0,0,2,0,0,0,0,0,4,0,0,0,0,0,0,0,0,0,0,0,0,0,0,0,0,0
Imiquimod,4,0,0,0,0,0,0,0,0,0,0,0,0,0,0,0,0,0,0,0,0,0,0,0,0,0,4,0
Mesulphen,4,3,1,0,0,4,0,0,0,0,0,0,0,1,0,0,1,1,0,0,0,0,0,0,0,1,0,0
Peppermint Oil (Oleum Menth Pip),4,0,1,0,2,1,0,0,1,1,0,0,0,0,2,0,0,0,0,0,0,0,0,0,0,0,0,0
Povidone-Iodine (Equivalent To Available Iodine,4,0,0,0,4,0,0,0,0,0,0,0,0,0,0,0,0,0,0,0,0,0,0,0,0,0,0,0
Sulfur (Ppt),4,1,1,1,1,0,1,0,0,0,0,0,0,3,1,0,1,0,0,0,0,0,0,0,0,0,0,0
Thymol,4,0,1,0,2,1,0,0,0,2,2,0,0,0,2,0,0,0,0,0,0,0,0,0,0,0,0,0
Vitamin A (Palmitate),4,0,1,2,2,0,0,0,2,2,0,0,0,1,0,0,0,0,0,0,0,0,0,0,0,0,0,0
Bacitracin,3,0,0,0,3,0,0,0,0,3,0,0,0,0,3,0,0,0,0,0,0,0,0,0,0,0,0,0
Bacitracin Zinc,3,0,0,0,3,0,0,0,0,3,0,0,0,0,3,0,0,0,0,0,0,0,0,0,0,0,0,0
Borneol,3,0,0,0,2,0,0,0,0,3,1,0,0,0,2,0,0,0,0,0,0,0,0,0,0,0,0,0
Cajuput Oil,3,0,0,0,1,2,0,0,0,1,0,0,0,0,1,0,0,0,0,0,0,0,0,0,0,0,0,0
Calcitriol (Dihydroxycholecalciferol,3,0,0,0,0,0,0,0,0,0,0,3,3,0,0,0,0,0,0,0,0,0,0,0,0,0,0,0
Capsicum Tincture,3,0,0,0,0,2,0,0,0,0,1,0,0,0,0,0,0,0,0,0,0,0,0,0,0,0,0,0
Choline Salicylate,3,0,0,0,0,0,0,0,0,0,3,0,0,0,0,0,0,0,0,0,0,0,0,0,0,0,0,0
Creosote,3,0,0,0,0,0,0,0,2,0,1,0,0,0,0,0,0,0,0,0,0,0,0,0,0,0,0,0
Furazolidone,3,0,0,0,0,3,0,0,0,0,0,0,0,0,0,0,0,0,0,0,0,0,3,0,0,0,0,0
Ibuprofen,3,0,0,0,0,0,0,0,0,0,3,0,0,0,0,0,0,0,0,0,0,0,0,0,0,0,0,0
Iodine (Tincture),3,2,0,0,0,1,2,0,0,0,0,0,0,0,0,0,0,0,0,0,0,0,0,0,0,0,0,0
Isopropylmethylphenol,3,0,2,3,0,3,0,0,0,0,0,0,0,0,0,0,0,0,0,0,0,0,0,0,0,0,0,0
Mafenide (Homosulfamine),3,0,0,0,3,0,0,0,0,3,0,0,0,0,3,0,0,0,0,0,0,0,0,0,0,0,0,0
Mentha Oil,3,0,1,1,0,3,0,0,0,0,3,0,0,0,0,0,0,0,0,0,0,0,0,0,0,0,0,0
Mupirocin,3,0,0,0,0,0,0,0,3,0,0,0,0,0,0,0,0,0,0,0,0,0,0,0,0,0,0,0
Nicotinic Acid Benzyl Ester (Benzyl Nicotinate),3,0,0,0,0,0,0,0,0,0,3,0,0,0,0,0,0,0,0,0,0,0,0,0,0,0,0,0
Panthenol,3,0,1,1,1,2,0,0,0,0,0,0,0,1,0,0,0,0,0,0,0,0,1,0,0,0,0,0
Povidone-Iodine (Eq. To Available Iodine,3,0,0,0,3,0,0,0,0,0,0,0,0,0,0,0,0,0,0,0,0,0,0,0,0,0,0,0
Pyridoxine HCl,3,0,1,0,0,1,0,0,1,1,0,0,0,0,0,0,1,1,0,0,0,0,0,0,0,0,0,0
Sulfur,3,2,0,1,0,1,0,0,0,0,0,0,0,2,0,0,0,0,0,0,0,0,0,0,0,1,0,0
Tacrolimus,3,0,0,3,0,0,0,0,0,0,0,0,0,0,0,0,0,0,0,2,0,0,0,0,0,0,0,0
Turpentine Oil,3,0,0,0,1,3,0,0,0,2,1,0,0,0,1,0,0,0,0,0,0,0,0,0,0,0,0,0
Aluminum Hydroxychloride,2,0,0,0,0,0,0,0,2,0,0,0,0,0,0,0,0,0,0,0,0,0,0,0,0,0,0,0
Amorolfine Hydrochloride,2,2,0,0,0,0,2,2,0,0,0,0,0,0,0,2,0,0,0,0,0,0,0,0,0,0,0,0
Beclomethasone Dipropionate,2,0,2,2,0,0,0,0,0,0,0,1,1,0,0,0,1,0,0,0,0,0,0,0,0,0,0,0
Centella Asiatica Triterpenes,2,0,1,0,1,1,0,0,0,0,0,0,0,0,0,0,1,0,0,0,1,1,0,0,0,0,0,0
Cetalkonium Chloride,2,0,0,0,0,0,0,0,0,0,2,0,0,0,0,0,0,0,0,0,0,0,0,0,0,0,0,0
Chlorobutanol (Trichlorisobutylic Alcohol),2,0,0,0,0,0,1,0,1,0,0,1,1,0,0,0,0,0,0,0,0,0,0,1,0,0,0,0
Chlorophyll,2,0,0,0,1,1,0,0,0,1,0,0,0,0,0,0,1,1,0,0,0,0,0,0,0,0,0,0
Chlortetracycline HCl,2,0,1,1,2,0,0,0,0,2,0,0,0,0,1,0,1,1,0,0,0,0,0,0,0,0,0,0
Cholesterol,2,0,0,0,0,1,0,0,0,0,1,0,0,0,0,0,0,0,0,0,0,0,0,0,0,0,0,0
Dl-Methylephedrine HCl,2,0,2,1,0,2,0,0,0,0,0,0,0,0,0,0,0,0,0,0,0,0,0,0,0,0,0,0
Ephedrine HCl (Eq To Ephedrine Hydrochloride),2,0,0,0,0,1,0,0,0,0,1,0,0,0,0,0,0,1,0,0,0,0,1,0,0,0,0,0
Ethanol,2,0,0,0,0,0,0,0,2,0,0,0,0,0,0,0,0,0,0,0,0,0,0,0,0,0,0,0
Ethanol ( Eq To Ethyl Alcohol) (Eq To Alcohol) (Eq. To Ethyl Alcohol,2,0,0,0,0,0,0,0,2,0,0,0,0,0,0,0,0,0,0,0,0,0,0,0,0,0,0,0
Eucalyptol (Cineole),2,0,0,0,2,1,0,0,0,2,0,0,0,0,2,0,0,0,0,0,0,0,0,0,0,0,0,0
Halcinonide Micro,2,0,2,2,0,0,0,0,0,0,0,2,2,0,0,0,0,0,0,0,0,0,0,0,0,0,0,0
Heparin Sodium,2,0,0,0,2,0,0,0,0,0,0,0,0,0,0,0,0,0,0,0,0,0,0,0,0,0,0,0
Hydrogen Peroxide Solution,2,0,0,0,2,0,0,0,0,0,0,0,0,0,0,0,0,0,0,0,0,0,0,0,0,0,0,0
Ichthammol,2,0,2,0,0,0,0,0,0,1,0,0,0,1,0,0,1,0,0,0,0,0,0,0,0,0,0,0
Iodophor,2,0,0,0,0,0,0,0,2,0,0,0,0,0,0,0,0,0,0,0,0,0,0,0,0,0,0,0
Merbromin,2,0,0,0,0,0,0,0,2,0,0,0,0,0,0,0,0,0,0,0,0,0,0,0,0,0,0,0
"N,N-Diethyl-Meta-Toluamide (Deet)",2,0,0,0,0,0,0,0,2,0,0,0,0,0,0,0,0,0,0,0,0,0,0,0,0,0,0,0
Nadifloxacin,2,0,0,0,0,0,0,0,0,0,0,0,0,2,0,0,0,0,0,0,0,0,0,0,0,0,0,0
Naphazoline Nitrate,2,0,0,0,0,0,0,0,2,0,0,0,0,0,0,0,0,0,0,0,0,0,0,0,0,0,0,0
Nylidrin HCl ( Buphenin Hydrochloride ),2,0,2,2,0,2,0,0,0,0,0,2,2,0,0,0,0,0,0,1,0,0,0,0,0,0,0,0
Penciclovir,2,0,0,0,0,0,0,0,0,0,0,0,0,0,0,0,0,0,0,0,2,2,0,0,0,0,0,2
Podophyllotoxin,2,0,0,0,0,0,0,0,0,0,0,0,0,0,0,0,0,0,0,0,0,0,0,0,0,0,2,0
Polycresolsulfonate (Policresulen),2,0,0,0,0,2,0,0,0,0,2,0,0,0,0,0,0,0,0,0,0,0,2,0,0,0,0,0
Polymyxin B (Sulfate) (Potency),2,0,0,0,2,0,0,0,0,2,0,0,0,0,2,0,0,0,0,0,0,0,0,0,0,0,0,0
Povidone-Iodine (As,2,0,0,0,2,0,0,0,0,0,0,0,0,0,0,0,0,0,0,0,0,0,0,0,0,0,0,0
Povidone-Iodine (Eq To Available Iodine,2,0,0,0,2,0,0,0,0,0,0,0,0,0,0,0,0,0,0,0,0,0,0,0,0,0,0,0
Povidone-Iodine (Eq. To Available Iodine.....10Mg),2,0,0,0,2,0,0,0,0,0,0,0,0,0,0,0,0,0,0,0,0,0,0,0,0,0,0,0
Sertaconazole Nitrate,2,2,0,1,0,0,1,1,0,0,0,0,0,0,0,0,0,0,0,0,0,0,0,0,0,0,0,0
Silver Sulfadiazine,2,0,0,0,1,0,0,0,0,1,0,0,0,0,1,0,1,1,0,0,0,0,0,0,0,0,0,0
Sodium Phosphate Dibasic Anhydrous (Eq To Disodium Hydrogen Phosphate Anhydrous)(Eq To Dibasic Sodium Phosphate Anhydrous)(Disodium Phosphate Anhydrous),2,0,0,0,0,0,0,0,2,0,0,0,0,0,0,0,0,0,0,0,0,0,0,0,0,0,0,0
Sodium Phosphate Monobasic Anhydrous,2,0,0,0,0,0,0,0,2,0,0,0,0,0,0,0,0,0,0,0,0,0,0,0,0,0,0,0
Testosterone,2,0,0,0,0,0,0,0,2,0,0,0,0,0,0,0,0,0,0,0,0,0,0,0,0,0,0,0
Tioconazole,2,2,0,0,0,0,0,0,0,0,0,0,0,0,0,0,0,0,0,0,0,0,0,0,0,0,0,0
Triclocarban,2,0,0,0,1,1,0,0,0,0,0,0,0,0,0,0,0,0,0,0,0,0,0,0,0,0,0,0
Tyrothricin,2,0,0,0,2,0,0,0,0,1,0,0,0,0,1,0,0,0,0,0,0,0,0,0,0,0,0,0
Water For Injection,2,0,0,0,2,0,0,0,0,0,0,0,0,0,0,0,0,0,0,0,0,0,0,0,0,0,0,0
White Soft Paraffin (Eq To White Petrolatum)(Eq To Paraffin White Soft),2,0,1,0,2,0,0,0,1,2,0,0,0,0,1,0,0,0,0,0,0,0,0,0,0,0,0,0
Aesculus Hippocastanum L Extract (Equivalent To,1,0,0,0,0,0,0,0,1,0,0,0,0,0,0,0,0,0,0,0,0,0,0,0,0,0,0,0
Alcohol Absolute (Eq To Alcohol Dehydrated)(Eq To Ethanol Absolute Or Absolute Ethanol) (=524Mg) (=450 Mg/Ml) Mg/Ml,1,0,0,0,0,0,0,0,1,0,0,0,0,0,0,0,0,0,0,0,0,0,0,0,0,0,0,0
Alcohol Anhydrous (Ethanol Dehydrated),1,0,0,0,0,1,0,0,0,0,1,0,0,0,0,0,0,0,0,0,0,0,0,0,0,0,0,0
Aleurites Oil,1,0,0,0,0,0,0,0,1,0,0,0,0,0,0,0,0,0,0,0,0,0,0,0,0,0,0,0
Aloe Vera Gel,1,0,1,1,1,0,0,0,0,1,0,0,0,0,1,0,0,0,0,0,0,0,0,0,0,0,0,0
Aluminum Acetate,1,0,0,0,0,1,0,0,0,0,0,0,0,0,0,0,1,0,0,0,0,0,1,0,0,0,0,0
Aluminum Chloride Hexahydrate,1,0,0,0,0,0,0,0,1,0,0,0,0,0,0,0,0,0,0,0,0,0,0,0,0,0,0,0
Aluminum Diacetate(Al. Acetate Basic)(Al. Subacetate) (Soln),1,0,0,0,0,0,0,0,1,0,0,0,0,0,0,0,0,0,0,0,0,0,0,0,0,0,0,0
Aluminum Sulfate,1,0,0,0,0,0,0,0,1,0,0,0,0,0,0,0,0,0,0,0,0,0,0,0,0,0,0,0
Aluminum Sulfate Anhydrous,1,0,0,0,0,0,0,0,1,0,0,0,0,0,0,0,0,0,0,0,0,0,0,0,0,0,0,0
Amcinonide,1,0,1,1,0,1,0,1,0,0,0,1,1,0,0,1,1,0,0,0,0,0,0,0,0,0,0,0
Amorolfine Hydrochloride (Eq. To Amorolfine,1,1,0,0,0,0,0,0,0,0,0,0,0,0,0,0,0,0,0,0,0,0,0,0,0,0,0,0
Anthralin (Dithranol),1,0,0,0,0,0,0,0,0,0,0,1,1,0,0,0,0,0,0,0,0,0,0,0,0,0,0,0
Aprotinin,1,0,0,0,0,0,0,0,0,1,0,0,0,0,0,0,0,0,0,0,0,0,0,0,0,0,0,0
Asiaticoside Titrated Extract Of Centella Asiatica,1,0,1,0,0,1,0,0,0,0,0,0,0,0,0,0,1,0,0,0,1,1,0,0,0,0,0,0
Bacitracin (Zinc),1,0,0,0,1,0,0,0,0,1,0,0,0,0,1,0,0,0,0,0,0,0,0,0,0,0,0,0
Bacitracin (Zinc) (As Bacitracin Zinc),1,0,0,0,1,0,0,0,0,1,0,0,0,0,1,0,0,0,0,0,0,0,0,0,0,0,0,0
Bacitracin Zinc (Eq. To Bacitracin (Potency),1,0,0,0,1,0,0,0,0,1,0,0,0,0,1,0,0,0,0,0,0,0,0,0,0,0,0,0
Beeswax White (White Wax) (Cera Alba),1,0,0,0,1,0,0,0,0,1,0,0,0,0,1,0,0,0,0,0,0,0,0,0,0,0,0,0
Brimonidine Tartrate (Equivalent To Brimonidine Tartrate......5Mg),1,0,0,0,0,0,0,0,1,0,0,0,0,0,0,0,0,0,0,0,0,0,0,0,0,0,0,0
Bufonis Venenum (Toad-Venon),1,0,0,0,0,0,0,0,1,0,0,0,0,0,0,0,0,0,0,0,0,0,0,0,0,0,0,0
Calcipotriol (As Hydrate),1,0,0,0,0,0,0,0,0,0,0,1,1,0,0,0,0,0,0,0,0,0,0,0,0,0,0,0
Calcipotriol Hydrate,1,0,0,0,0,0,0,0,0,0,0,1,1,0,0,0,0,0,0,0,0,0,0,0,0,0,0,0
Calcipotriol Hydrate (Calcipotriol,1,0,0,0,0,0,0,0,0,0,0,1,1,0,0,0,0,0,0,0,0,0,0,0,0,0,0,0
Calcipotriol Hydrate (Eq. To Calcipotriol,1,0,0,0,0,0,0,0,0,0,0,1,1,0,0,0,0,0,0,0,0,0,0,0,0,0,0,0
Calcipotriol Monohydrate (Eq. To Calcipotriol.....50Mcg),1,0,0,0,0,0,0,0,0,0,0,1,1,0,0,0,0,0,0,0,0,0,0,0,0,0,0,0
Calcium Chloride,1,0,0,0,0,0,0,0,0,1,0,0,0,0,0,0,0,0,0,0,0,0,0,0,0,0,0,0
Calcium Iodide,1,0,0,0,0,0,0,0,1,0,0,0,0,0,0,0,0,0,0,0,0,0,0,0,0,0,0,0
Camphene D-,1,0,0,1,0,1,0,0,0,0,1,0,0,0,0,0,0,0,0,0,0,0,0,0,0,0,0,0
Carbenoxolone Sodium,1,0,0,0,1,0,0,0,0,0,0,0,0,0,0,0,0,0,0,0,0,0,0,0,0,0,0,0
Castor Oil (Oleum Ricin)(Ricinus Oil),1,0,0,0,0,1,0,0,0,0,0,0,0,0,0,0,0,0,0,0,0,0,0,0,0,0,0,0
Centella Asiatica (Purified Triterpenes),1,0,1,0,0,1,0,0,0,0,0,0,0,0,0,0,1,0,0,0,1,1,0,0,0,0,0,0
Centella Asiatica Extract Centella Asiatica Extract (S,1,0,0,0,1,0,0,0,0,0,0,0,0,0,0,0,0,0,0,0,0,0,0,0,0,0,0,0
Centella Asiatica Purified Extract,1,0,1,0,0,1,0,0,0,0,0,0,0,0,0,0,1,0,0,0,1,1,0,0,0,0,0,0
Centella Asiatica Titrated Extract (Purified),1,0,0,0,1,0,0,0,0,1,0,0,0,0,0,0,0,0,0,0,0,0,0,0,0,0,0,0
Centella Asiatica Titrated Extract (Purified)Eq To Centella Asiatica Calculated As Asiaticoside,1,0,0,0,1,0,0,0,0,1,0,0,0,0,0,0,0,0,0,0,0,0,0,0,0,0,0,0
Cetrimide Solution,1,0,0,0,1,0,0,0,0,0,0,0,0,0,0,0,0,0,0,0,0,0,0,0,0,0,0,0
Cetrimonium,1,0,0,0,1,0,0,0,0,0,0,0,0,0,0,0,0,0,0,0,0,0,0,0,0,0,0,0
Cetrimonium Bromide,1,0,0,0,0,0,0,0,1,0,0,0,0,0,0,0,0,0,0,0,0,0,0,0,0,0,0,0
Cetyl Alcohol (Cetanol)(Alcohol Cetylicus),1,0,0,0,1,1,0,0,0,1,0,0,0,0,1,0,0,0,0,0,0,0,0,0,0,0,0,0
Cetylpyridinium Chloride,1,0,0,0,0,0,0,0,0,0,0,0,0,0,0,0,0,1,0,0,0,0,0,0,0,0,0,0
Chloral Hydrate,1,0,0,0,0,0,0,0,1,0,0,0,0,0,0,0,0,0,0,0,0,0,0,0,0,0,0,0
Chloramphenicol (Potency),1,0,1,0,1,0,0,0,0,1,0,0,0,0,0,0,1,1,0,0,0,0,0,0,0,0,0,0
Chlormethine Hydrochloride (Equivalent To,1,0,0,0,0,0,0,0,1,0,0,0,0,0,0,0,0,0,0,0,0,0,0,0,0,0,0,0
Chlorophyllin,1,0,0,0,0,1,0,0,0,0,0,0,0,0,0,0,0,0,0,0,0,0,0,0,0,0,0,0
Chloroxylenol,1,0,0,0,0,0,0,0,1,0,0,0,0,0,0,0,0,0,0,0,0,0,0,0,0,0,0,0
Citronella Oil,1,0,0,0,0,1,0,0,0,1,0,0,0,0,0,0,0,0,0,0,0,0,0,0,0,0,0,0
Clemizole HCl,1,0,1,1,0,0,0,0,0,0,0,0,0,0,0,0,0,0,0,0,0,0,0,0,0,0,0,0
Coal Tar Solution (Strong),1,1,0,0,0,0,0,0,0,0,0,0,0,0,0,0,0,0,0,0,0,0,0,0,0,0,0,0
Compound Tincture Benzoin,1,0,0,0,0,0,1,0,0,0,0,1,1,0,0,0,0,0,0,0,0,0,0,1,0,0,0,0
Cottonseed Oil,1,0,0,0,0,1,0,0,0,0,1,0,0,0,0,0,0,0,0,0,0,0,0,0,0,0,0,0
Cresol Saponated Solution,1,0,0,0,1,0,0,0,0,0,0,0,0,0,0,0,0,0,0,0,0,0,0,0,0,0,0,0
Crisaborole,1,0,0,1,0,0,0,0,0,0,0,0,0,0,0,0,0,0,0,1,0,0,0,0,0,0,0,0
Dexamethasone Acetate,1,1,0,0,0,0,0,0,0,0,0,0,0,0,0,0,0,1,0,0,0,0,0,0,0,0,0,0
Dexamethasone Sodium Phosphate,1,0,1,1,0,0,0,0,0,0,0,0,0,0,0,0,0,0,0,0,0,0,0,0,0,0,0,0
Dexpanthenol,1,0,0,0,0,1,0,0,0,1,0,0,0,0,0,0,0,0,0,0,0,0,0,0,0,0,0,0
Diethyltoluamide (M),1,0,0,0,0,0,0,0,1,0,0,0,0,0,0,0,0,0,0,0,0,0,0,0,0,0,0,0
Diflorasone Diacetate,1,1,1,1,0,0,0,0,0,0,0,0,0,0,0,0,0,0,0,0,0,0,0,0,0,0,0,0
Diflucortolone Valerate (Micronized),1,1,0,0,0,0,0,0,0,0,0,0,0,0,0,0,0,0,0,0,0,0,0,0,0,0,0,0
Epinephrine (Adrenalinepirenamine),1,0,0,0,0,0,0,0,0,0,0,0,0,0,0,0,0,0,0,0,0,0,1,0,0,0,0,0
Estradiol,1,0,0,0,0,0,0,0,1,0,0,0,0,0,0,0,0,0,0,0,0,0,0,0,0,0,0,0
Estradiol Benzoate,1,0,0,0,0,0,0,0,1,0,0,0,0,0,0,0,0,0,0,0,0,0,0,0,0,0,0,0
Estradiol Hemihydrate,1,0,0,0,0,0,0,0,1,0,0,0,0,0,0,0,0,0,0,0,0,0,0,0,0,0,0,0
Ethyl Alcohol,1,0,0,0,0,0,0,0,1,0,0,0,0,0,0,0,0,0,0,0,0,0,0,0,0,0,0,0
Fenticonazole Nitrate,1,1,0,0,0,0,1,1,0,0,0,0,0,0,0,0,0,0,0,0,0,0,0,1,0,0,0,0
Ferric Chloride,1,0,0,0,1,0,0,0,0,0,0,0,0,0,0,0,0,0,0,0,0,0,0,0,0,0,0,0
Fibrinogen Human,1,0,0,0,0,0,0,0,0,1,0,0,0,0,0,0,0,0,0,0,0,0,0,0,0,0,0,0
Finasteride,1,0,0,0,0,0,0,0,1,0,0,0,0,0,0,0,0,0,0,0,0,0,0,0,0,0,0,0
Flos Caryophylli,1,0,0,0,0,0,0,0,1,0,0,0,0,0,0,0,0,0,0,0,0,0,0,0,0,0,0,0
Flucloronide,1,0,1,1,0,0,0,0,0,0,0,1,1,0,0,0,0,0,0,0,0,0,0,0,0,0,0,0
Fluocinonide (Micronized),1,0,1,1,0,1,0,0,0,0,0,1,1,0,0,0,1,0,0,0,0,0,0,0,0,0,0,0
Fradiomycin (As Sulfate),1,0,1,1,1,0,0,0,0,1,0,0,0,0,0,0,0,0,0,0,0,0,0,0,0,0,0,0
Fradiomycin (As Sulfate) (Potency),1,0,1,1,1,0,0,0,0,1,0,0,0,0,1,0,0,0,0,0,0,0,0,0,0,0,0,0
Gentamycin (As Sulfate),1,1,0,1,0,0,0,0,0,0,0,0,0,0,0,0,0,0,0,1,0,0,0,0,0,0,0,0
Gentian Violet,1,0,0,0,0,0,0,0,1,0,0,0,0,0,0,0,0,0,0,0,0,0,0,0,0,0,0,0
Globulin,1,0,0,0,1,0,0,0,0,1,0,0,0,0,0,0,0,0,0,0,0,0,0,0,0,0,0,0
Glycerin (Eq To Glycerol),1,0,0,0,0,0,0,0,1,0,0,0,0,0,0,0,0,0,0,0,0,0,0,0,0,0,0,0
Glycol Salicylate Api Corporation,1,0,0,0,0,0,0,0,0,0,1,0,0,0,0,0,0,0,0,0,0,0,0,0,0,0,0,0
Guaiazulene,1,0,1,1,0,0,0,0,0,1,0,0,0,0,0,0,0,0,0,0,0,0,0,0,0,0,0,0
Heparinoid (Sodium Polyanhydromannuronic Acid Sulfate) (Natural),1,0,0,0,1,0,0,0,0,0,0,0,0,0,0,0,0,0,0,0,0,0,0,0,0,0,0,0
Hexachlorophene (G-11),1,0,0,0,0,0,0,0,1,0,0,0,0,0,0,0,0,0,0,0,0,0,0,0,0,0,0,0
Human Thrombin,1,0,0,0,0,0,0,0,0,1,0,0,0,0,0,0,0,0,0,0,0,0,0,0,0,0,0,0
Indomethacin (Eq To Indometacin) (Micr),1,0,0,0,0,0,0,0,0,0,1,0,0,0,0,0,0,0,0,0,0,0,0,0,0,0,0,0
Indomethacin (Eq To Indometacin) (Micro),1,0,0,0,0,0,0,0,0,0,1,0,0,0,0,0,0,0,0,0,0,0,0,0,0,0,0,0
Iodine (Povidone) (Eq To Available Iodine ..........,1,0,0,0,1,0,0,0,0,0,0,0,0,0,0,0,0,0,0,0,0,0,0,0,0,0,0,0
Iodine (Povidone) Avaliable Iodine,1,0,0,0,1,0,0,0,0,0,0,0,0,0,0,0,0,0,0,0,0,0,0,0,0,0,0,0
Iodochlorhydroxyquin (Chinoform),1,1,1,1,1,0,1,1,0,1,0,0,0,0,1,0,0,0,0,0,0,0,0,0,0,0,0,0
Ivermectin,1,0,0,0,0,0,0,0,0,0,0,0,0,0,0,0,1,0,0,0,0,0,0,0,0,0,0,0
Jecoris Piscis Forte Oil,1,0,1,0,1,1,0,0,0,1,0,0,0,0,1,0,0,0,0,0,0,0,0,0,0,0,0,0
Kaolin Colloidal,1,0,0,0,0,0,0,0,0,1,0,0,0,0,0,0,0,0,0,0,0,0,0,0,0,0,0,0
Lactic Acid Purity:88.0~92.0%,1,0,0,0,0,0,0,0,0,0,0,0,0,0,0,0,0,0,0,0,0,0,0,0,1,0,0,0
Lavender Oil,1,0,0,0,0,1,0,0,0,0,1,0,0,0,0,0,0,0,0,0,0,0,0,0,0,0,0,0
Lavender Oil Spike,1,0,0,0,0,1,0,0,0,1,0,0,0,0,0,0,0,0,0,0,0,0,0,0,0,0,0,0
Lindane,1,0,0,0,0,0,0,0,0,0,0,0,0,0,0,0,0,0,0,0,0,0,0,0,0,1,0,0
Lindane (Eq. To Gamma-Bhc),1,0,0,0,0,0,0,0,0,0,0,0,0,0,0,0,0,0,0,0,0,0,0,0,0,1,0,0
Liquid Paraffin (Eq To Liquid Petrolatum)( Eq To Mineral Oil),1,0,1,0,1,0,0,0,1,1,0,0,0,0,0,0,0,0,0,0,0,0,0,0,0,0,0,0
Meprednisone,1,0,1,1,0,1,0,0,0,0,0,0,0,0,0,0,0,0,0,0,0,0,0,0,0,0,0,0
Methylephedrine DL-,1,0,0,0,0,1,0,0,0,0,0,0,0,0,0,0,0,0,0,0,0,0,0,0,0,0,0,0
"Mucopolysaccharide Mucopolysaccharide Polysulfate (Organo Heparinoid ""Luitpold"":",1,0,0,0,1,0,0,0,0,0,0,0,0,0,0,0,0,0,0,0,0,0,0,0,0,0,0,0
Musk (Moschus),1,0,0,0,0,0,0,0,1,0,0,0,0,0,0,0,0,0,0,0,0,0,0,0,0,0,0,0
Mustard Oil (Vlatile),1,0,0,0,1,0,0,0,0,1,0,0,0,0,1,0,0,0,0,0,0,0,0,0,0,0,0,0
Nicotinic Acid Benzyl Ester (Benzyl Nicotinate) Herbert Brown Pharmaceuticals & Research Laboratories,1,0,0,0,0,0,0,0,0,0,1,0,0,0,0,0,0,0,0,0,0,0,0,0,0,0,0,0
Nutmeg Oil,1,0,0,0,1,1,0,0,0,1,0,0,0,0,1,0,0,0,0,0,0,0,0,0,0,0,0,0
Olive Oil,1,0,0,0,0,1,0,0,0,0,1,0,0,0,0,0,0,0,0,0,0,0,0,0,0,0,0,0
Oxiconazole Nitrate,1,1,0,0,0,0,1,1,0,0,0,0,0,0,0,0,0,0,0,0,0,0,0,0,0,0,0,0
Oxiconazole Nitrate (Equivalent To Oxiconazole,1,1,0,0,0,0,1,1,0,0,0,0,0,0,0,0,0,0,0,0,0,0,0,0,0,0,0,0
Oxymetazoline HCl,1,0,0,0,0,0,0,0,1,0,0,0,0,0,0,0,0,0,0,0,0,0,0,0,0,0,0,0
Oxytetracycline (Hcl) (Potency),1,0,0,0,1,0,0,0,0,1,0,0,0,0,1,0,0,0,0,0,0,0,0,0,0,0,0,0
Panthenol D- (Eq To D-Panthenol),1,0,0,0,0,0,0,0,1,0,0,0,0,0,0,0,0,0,0,0,0,0,0,0,0,0,0,0
Peanut Oil (Arachis Oil),1,0,0,0,0,0,0,0,1,0,0,0,0,0,0,0,0,0,0,0,0,0,0,0,0,0,0,0
Permethrin,1,0,0,0,0,0,0,0,0,0,0,0,0,0,0,0,0,0,0,0,0,0,0,0,0,1,0,0
Phenol (Carbolic Acid) (Liquid),1,0,0,0,0,1,0,0,0,0,0,0,0,0,0,0,0,0,0,0,0,0,0,0,0,0,0,0
Phenothrin *,1,0,0,0,0,0,0,0,1,0,0,0,0,0,0,0,0,0,0,0,0,0,0,0,0,0,0,0
Pimecrolimus,1,0,0,1,0,0,0,0,0,0,0,0,0,0,0,0,0,0,0,1,0,0,0,0,0,0,0,0
Pine Oil,1,0,0,0,0,1,0,0,0,0,1,0,0,0,0,0,0,0,0,0,0,0,0,0,0,0,0,0
Pine Oil (Needle),1,0,0,0,0,1,0,0,0,0,1,0,0,0,0,0,0,0,0,0,0,0,0,0,0,0,0,0
Plectranthus Amboinicus Extract - F,1,0,0,0,1,0,0,0,0,0,0,0,0,0,0,0,0,0,0,0,0,0,0,0,0,0,0,0
Polyethylene Glycol Ointment,1,1,0,0,0,0,1,1,0,0,0,0,0,0,0,0,0,0,0,0,0,0,0,0,0,0,0,0
Polymyxin B (Sulfate),1,0,0,0,1,0,0,0,0,1,0,0,0,0,1,0,0,0,0,0,0,0,0,0,0,0,0,0
Polymyxin B (Sulfate) (As Polymyxin B Sulfate),1,0,0,0,1,0,0,0,0,1,0,0,0,0,1,0,0,0,0,0,0,0,0,0,0,0,0,0
Polymyxin B (Sulfate) (Potnecy),1,0,0,0,1,0,0,0,0,1,0,0,0,0,1,0,0,0,0,0,0,0,0,0,0,0,0,0
Polymyxin B Sulfate,1,0,0,0,1,0,0,0,0,1,0,0,0,0,1,0,0,0,0,0,0,0,0,0,0,0,0,0
Polymyxin B Sulfate (Eq. To Polymyxin B(Potency),1,0,0,0,1,0,0,0,0,1,0,0,0,0,1,0,0,0,0,0,0,0,0,0,0,0,0,0
Polymyxin B Sulfate (Potency),1,0,0,0,1,0,0,0,0,1,0,0,0,0,1,0,0,0,0,0,0,0,0,0,0,0,0,0
Polyphenon E [Extract From Green Tea Leave(=Active Marker(-)-Epigallocatechin Gallate(Egcg),1,0,0,0,0,0,0,0,0,0,0,0,0,0,0,0,0,0,0,0,0,0,0,0,0,0,1,0
Povidone Lodine (Equivalent To Available Iodine,1,0,0,0,1,0,0,0,0,0,0,0,0,0,0,0,0,0,0,0,0,0,0,0,0,0,0,0
Povidone-Iodine (Available Iodine,1,0,0,0,1,0,0,0,0,0,0,0,0,0,0,0,0,0,0,0,0,0,0,0,0,0,0,0
Povidone-Iodine (Eq. To,1,0,0,0,1,0,0,0,0,0,0,0,0,0,0,0,0,0,0,0,0,0,0,0,0,0,0,0
Povidone-Iodine (Eq. To Available Iodine),1,0,0,0,1,0,0,0,0,0,0,0,0,0,0,0,0,0,0,0,0,0,0,0,0,0,0,0
Povidone-Iodine (Equivalent Available Iodine,1,0,0,0,0,0,0,0,1,0,0,0,0,0,0,0,0,0,0,0,0,0,0,0,0,0,0,0
Povidone-Iodine (Equivalent To Available Iodine.........10Mg),1,0,0,0,1,0,0,0,0,0,0,0,0,0,0,0,0,0,0,0,0,0,0,0,0,0,0,0
Povidone-Iodine (Equivalent To Available Iodine.....10Mg/Ml),1,0,0,0,1,0,0,0,0,0,0,0,0,0,0,0,0,0,0,0,0,0,0,0,0,0,0,0
Povidone-Iodine As,1,0,0,0,1,0,0,0,0,0,0,0,0,0,0,0,0,0,0,0,0,0,0,0,0,0,0,0
Povidone-Iodine Eq Available Iodine,1,0,0,0,1,0,0,0,0,0,0,0,0,0,0,0,0,0,0,0,0,0,0,0,0,0,0,0
Povidone-Iodine Eq. To Available Iodine,1,0,0,0,1,0,0,0,0,0,0,0,0,0,0,0,0,0,0,0,0,0,0,0,0,0,0,0
Povidone-Iodine Iodinated,1,0,0,0,1,0,0,0,0,0,0,0,0,0,0,0,0,0,0,0,0,0,0,0,0,0,0,0
Prednisone,1,0,1,1,0,0,0,0,0,0,0,0,0,0,0,0,0,0,0,0,0,0,0,0,0,0,0,0
Procaine HCl,1,0,0,0,0,0,0,0,1,0,0,0,0,0,0,0,0,0,0,0,0,0,0,0,0,0,0,0
Propyl Alcohol (Propanol),1,0,0,0,0,0,0,0,1,0,0,0,0,0,0,0,0,0,0,0,0,0,0,0,0,0,0,0
Purified Water Added To,1,0,0,0,1,0,0,0,0,0,0,0,0,0,0,0,0,0,0,0,0,0,0,0,0,0,0,0
Pyridoxine Dipalmitate,1,0,0,1,1,0,0,0,0,1,0,0,0,0,0,0,0,0,0,0,0,0,0,0,0,0,0,0
Pyrilamine Maleate (Mepyramine Maleate),1,0,0,0,0,1,0,0,0,1,0,0,0,0,0,0,0,0,0,0,0,0,0,0,0,0,0,0
Quinine HCl,1,0,0,0,0,1,0,0,0,0,0,0,0,0,0,0,0,0,0,0,0,0,0,0,0,0,0,0
Resin,1,0,0,0,0,0,0,0,1,0,0,0,0,0,0,0,0,0,0,0,0,0,0,0,0,0,0,0
Retinol Palmitate,1,0,1,1,1,0,0,0,0,1,0,0,0,1,0,0,0,0,0,0,0,0,0,0,0,0,0,0
Retinol Palmitate (Million),1,0,0,0,0,1,0,0,0,0,0,0,0,0,0,0,0,0,0,0,0,0,0,0,0,0,0,0
Rosemary Oil (Oleum Rosmarini),1,0,0,0,0,1,0,0,0,0,1,0,0,0,0,0,0,0,0,0,0,0,0,0,0,0,0,0
Selenium Sulfide (Selenium Disulfide),1,0,0,1,0,1,0,0,0,0,0,0,0,0,0,0,0,0,0,0,0,0,0,0,0,0,0,0
Sodium Oleate,1,0,0,0,0,0,0,0,0,0,0,0,0,0,0,0,0,0,0,0,0,0,1,0,0,0,0,0
Strawberry Essence,1,0,0,0,0,0,0,0,1,0,0,0,0,0,0,0,0,0,0,0,0,0,0,0,0,0,0,0
Sulfadiazine Silver (Anhydrous),1,0,0,0,0,0,0,0,1,0,0,0,0,0,0,0,0,0,0,0,0,0,0,0,0,0,0,0
Sulfadiazine Silver (Micronized),1,0,0,0,1,0,0,0,0,1,0,0,0,0,0,0,0,0,0,0,0,0,0,0,0,0,0,0
Sulfadiazine Silver (Monohydrate),1,0,0,0,1,0,0,0,0,0,0,0,0,0,1,0,1,1,0,0,0,0,0,0,0,0,0,0
Sulfamine,1,0,1,0,1,0,0,0,0,1,0,0,0,0,1,0,0,0,0,0,0,0,0,0,0,0,0,0
Sulfisomidine,1,0,0,0,1,0,0,0,0,0,0,0,0,0,0,0,0,0,0,0,0,0,0,0,0,0,0,0
Sulfisomidine Sodium,1,0,0,0,0,1,0,0,0,0,0,0,0,0,0,0,0,1,0,0,0,0,0,0,0,0,0,0
Sulfur (Purified),1,1,1,0,0,1,0,0,0,0,0,0,0,0,0,0,0,0,0,0,0,0,0,0,0,0,0,0
Sulfur Sublimed,1,0,0,0,0,0,0,0,1,0,0,0,0,0,0,0,0,0,0,0,0,0,0,0,0,0,0,0
Swertinogen,1,0,0,0,0,1,0,0,0,0,0,0,0,0,0,0,0,0,0,0,0,0,0,0,0,0,0,0
Tar Blend,1,0,1,0,0,1,0,0,0,0,0,1,1,0,0,0,0,0,0,0,0,0,0,0,0,0,0,0
Terepine Oil,1,0,1,0,1,1,0,0,0,0,0,0,0,0,0,0,0,0,0,0,0,0,0,0,0,0,0,0
Terpentine Oil,1,0,0,0,1,0,0,0,0,1,0,0,0,0,1,0,0,0,0,0,0,0,0,0,0,0,0,0
Testosterone (Eq. To,1,0,0,0,0,0,0,0,1,0,0,0,0,0,0,0,0,0,0,0,0,0,0,0,0,0,0,0
Tetracaine,1,0,0,0,0,0,0,0,0,0,0,0,0,0,0,0,0,0,0,0,0,0,1,0,0,0,0,0
Thesit Destin,1,0,0,0,0,1,0,0,0,0,0,0,0,0,0,0,0,0,0,0,0,0,0,0,0,0,0,0
Thyme Oil,1,0,0,0,0,1,0,0,0,0,1,0,0,0,0,0,0,0,0,0,0,0,0,0,0,0,0,0
Triacetin,1,1,0,0,0,0,1,1,0,0,0,0,0,0,0,0,0,0,0,0,0,0,0,0,0,0,0,0
Trichloro Acetic Acid,1,0,1,1,1,1,0,0,0,0,0,0,0,0,0,0,1,0,0,0,0,0,0,0,0,0,0,0
Triethanolamine,1,0,0,0,0,0,0,0,0,0,0,0,0,0,0,0,0,0,0,0,0,0,0,0,0,1,0,0
Trifarotene,1,0,0,0,0,0,0,0,0,0,0,0,0,1,0,0,0,0,0,0,0,0,0,0,0,0,0,0
Tyrothricin (Potency),1,0,0,0,0,0,0,0,0,0,0,0,0,0,0,0,0,1,0,0,0,0,0,0,0,0,0,0
Vitamin A (Cod Liver Oil),1,0,0,0,1,0,0,0,0,1,0,0,0,0,0,0,0,0,0,0,0,0,0,0,0,0,0,0
Vitamin A Acetate,1,0,0,1,1,0,0,0,0,1,0,0,0,1,0,0,0,0,0,0,0,0,0,0,0,0,0,0
Vitamin A Concentrate (=7500 Vitamin A Untis),1,0,0,0,0,0,0,0,0,0,0,0,0,0,0,0,0,0,0,0,0,0,1,0,0,0,0,0
Vitamin B,1,0,0,0,0,0,0,0,1,0,0,0,0,0,0,0,0,0,0,0,0,0,0,0,0,0,0,0
Vitamin D,1,0,0,0,1,0,0,0,0,1,0,0,0,0,1,0,0,0,0,0,0,0,0,0,0,0,0,0
Vitamin E (Acetate),1,0,0,1,1,0,0,0,0,1,0,0,0,1,0,0,0,0,0,0,0,0,0,0,0,0,0,0
Water Purified ( Eq To Aqueous Purified Or Purified Water ),1,0,0,1,0,0,0,0,0,0,0,0,0,0,0,0,0,0,0,0,0,0,0,0,0,0,0,0
Xylometazoline HCl,1,0,0,0,0,0,0,0,1,0,0,0,0,0,0,0,0,0,0,0,0,0,0,0,0,0,0,0
Zinc Pyrithione,1,0,0,0,0,0,0,0,1,0,0,0,0,0,0,0,0,0,0,0,0,0,0,0,0,0,0,0
Zinger Rhizoma (Zingiber Rhizoma) (Recens),1,0,0,0,0,0,0,0,1,0,0,0,0,0,0,0,0,0,0,0,0,0,0,0,0,0,0,0
