category_id,indication_category,ingredient_id,ingredient_inn,ingredient_zh,product_count,active_product_count,category_product_count,ingredient_total_product_count,within_category_rate,category_share_of_ingredient,association_score,product_names,license_numbers
CAT01,肌肉骨骼疼痛與發炎,ING0003,Menthol,,124,53,281,124,0.4413,1.0000,66.4,"撒隆巴斯;巴士;嘉伊娜巴斯;撒隆濕布;涼涼涼鎮痛藥布;白金膏;奧林巴斯;""人生""舒寧巴斯;痛穩好藥布;歡喜巴斯;金龍膏;""正光"" 巴斯藥膠布;悅心巴斯膏布;濕痛膏布;除痠痛膏布;濕痛藥膏布;樂樂鎮痛藥膏布;金龍藥膏布;〝三陽〞金系羔藥布;大維好安巴斯;濕痛布;大維貼痠痛藥布;""德山"" 免酸痛藥膠布;""德山""鎮痛藥膠布;""德山""青皮藥膠布;耐斯藥膠布;""德山""象印膏藥膠布;疼痛膏;三陽朝日膏;人生舒冷巴佈膏;舒痛巴佈膏〝葡萄王〞;虎標永安堂萬金油（紅）;虎標永安堂萬金油（白）;抗痛寧舒布;曼秀雷敦鎮痛水性藥膠布;虎標水性鎮痛藥布;""得生""舒痛藥布;""得生""剋百痛藥布;""得生"" 滅痠痛藥布;""真富""薄荷膏藥膠布;鐵甲貼布;""三陽"" 痠痛萬金膏;""三陽"" 痠痛金絲膏藥布;""葡萄王"" 百克斯膏布;""陽生"" 鎮痛膏布;舒百達藥膠布;寶安藥膠布;舒可達藥膠布;舒必達藥膠布;""德山""祛酸痛藥膠布;""德山""祛風濕藥膠布;貼可藥膠布;美帝喜布藥膠布;""得生""安可巴斯;易貼巴佈膏;巴巴痛;舒爾痛;溫貼喜布;生春痠痛寧藥膠布;萬應紅花溫感藥布;""港香蘭""撲來貼藥布;巴貼斯巴佈膏藥膠布;巴斯達巴佈膏藥膠布;貼可藥布;美帝喜布藥布;""得生""酸痛貼布;救筋酸痛布;福貼藥布;""生春""貼酸明痠痛布;樂貼藥布;""得生""滅痛藥布;抗痛舒佈藥膠布;貼利康水性藥布;貼可喜布;曼秀雷敦熱力鎮痛藥膠布;透骨痠痛布;救痛藥布;德國薄荷標消炎膏;虎標鎮痛藥布;""德山""筋來爽藥膠布;""人生""舒佈巴斯;""德山"" 舒痠痛藥布;奔肌滲透止痛貼;三箭水性鎮痛藥膏布;""漁人"" 療痛貼藥膠布;〝近江兄弟〞萬痛安酸痛貼布;""得生"" 貼立舒喜布;〝護民〞緩痛貼藥膠布;〝德山〞運動巴斯藥膠布;〝國品〞療舒貼藥膠布;”得生”易貼巴佈膏貼布;“得生”溫利賀藥膠布;脫酸寧透明藥布;脫酸寧藥膠布;三共藥布劑;敵疼貼布;脫酸寧涼藥布;痛貼貼貼片劑;脫酸寧Ａ藥布;快舒服－優貼布劑;日本三笠藥膠布Ｇ;日本三笠溫感藥膠布;善必克貼布劑;藤澤藥膠布;日本祐德巴斯貼布劑;脫酸寧濕布Ａ貼片劑;大正愛舒酸痛貼布;""大協"" 紓得好貼布;撒隆適布;吉品貼布;脫酸寧濕布;撒隆適布肌兒帕奇貼片;速達酸痛貼布;脫酸寧藥布;痛貼貼溫感貼片劑;撒隆巴斯舒適貼;""得生""水楊酸甲酯藥膠布 10%;曼秀雷敦熱力酸痛藥布;""得生""治痠痛貼布5%",內衛成製字第000061號;內衛成製字第000971號;衛署成製字第001427號;衛署成製字第002108號;衛署成製字第002303號;衛署成製字第003051號;衛署成製字第003240號;衛署成製字第003332號;衛署成製字第003346號;衛署成製字第003380號;衛署成製字第003598號;衛署成製字第003786號;衛署成製字第003972號;衛署成製字第004085號;衛署成製字第004090號;衛署成製字第004121號;衛署成製字第004124號;衛署成製字第004148號;衛署成製字第004211號;衛署成製字第004218號;衛署成製字第004545號;衛署成製字第005641號;衛署成製字第005666號;衛署成製字第005667號;衛署成製字第005700號;衛署成製字第005716號;衛署成製字第005830號;衛署成製字第005910號;衛署成製字第006647號;衛署成製字第007361號;衛署成製字第007868號;衛署成製字第008494號;衛署成製字第009015號;衛署成製字第009355號;衛署成製字第009356號;衛署成製字第010319號;衛署成製字第010389號;衛署成製字第011076號;衛署成製字第011077號;衛署成製字第011644號;衛署成製字第013194號;衛署成製字第015313號;衛署成輸字第000001號;衛署藥製字第011334號;衛署藥製字第017039號;衛署藥製字第019363號;衛署藥製字第021345號;衛署藥製字第022741號;衛署藥製字第023884號;衛署藥製字第027371號;衛署藥製字第027399號;衛署藥製字第027581號;衛署藥製字第028231號;衛署藥製字第032109號;衛署藥製字第032110號;衛署藥製字第032919號;衛署藥製字第032920號;衛署藥製字第033155號;衛署藥製字第033156號;衛署藥製字第034095號;衛署藥製字第034140號;衛署藥製字第035217號;衛署藥製字第035322號;衛署藥製字第035323號;衛署藥製字第035703號;衛署藥製字第037282號;衛署藥製字第037295號;衛署藥製字第037297號;衛署藥製字第037298號;衛署藥製字第038086號;衛署藥製字第038309號;衛署藥製字第038310號;衛署藥製字第038322號;衛署藥製字第039767號;衛署藥製字第039768號;衛署藥製字第039881號;衛署藥製字第040204號;衛署藥製字第040515號;衛署藥製字第040571號;衛署藥製字第040929號;衛署藥製字第042882號;衛署藥製字第043030號;衛署藥製字第043430號;衛署藥製字第043734號;衛署藥製字第045173號;衛署藥製字第047605號;衛署藥製字第047842號;衛署藥製字第048163號;衛署藥製字第048748號;衛署藥製字第049007號;衛署藥製字第049355號;衛署藥製字第049460號;衛署藥製字第049614號;衛署藥製字第049675號;衛署藥製字第051025號;衛署藥輸字第018206號;衛署藥輸字第018359號;衛署藥輸字第018475號;衛署藥輸字第018494號;衛署藥輸字第018627號;衛署藥輸字第018861號;衛署藥輸字第019083號;衛署藥輸字第019142號;衛署藥輸字第019787號;衛署藥輸字第019788號;衛署藥輸字第020500號;衛署藥輸字第020565號;衛署藥輸字第020601號;衛署藥輸字第020734號;衛署藥輸字第021138號;衛署藥輸字第022068號;衛署藥輸字第022347號;衛署藥輸字第022519號;衛署藥輸字第022601號;衛署藥輸字第023451號;衛署藥輸字第023545號;衛署藥輸字第024182號;衛署藥輸字第024682號;衛署藥輸字第024683號;衛署藥輸字第025000號;衛署藥輸字第025157號;衛部藥製字第058105號;衛部藥製字第059851號;衛部藥製字第059893號
CAT01,肌肉骨骼疼痛與發炎,ING0002,Camphor,,119,51,281,119,0.4235,1.0000,65.1,"撒隆巴斯;巴士;嘉伊娜巴斯;撒隆濕布;涼涼涼鎮痛藥布;白金膏;""人生""舒寧巴斯;歡喜巴斯;金龍膏;""正光"" 巴斯藥膠布;百珍膏布;悅心巴斯膏布;濕痛膏布;除痠痛膏布;濕痛藥膏布;樂樂鎮痛藥膏布;〝三陽〞金系羔藥布;黃金膏;大維好安巴斯;濕痛布;大維貼痠痛藥布;""德山"" 免酸痛藥膠布;""德山""鎮痛藥膠布;""德山""青皮藥膠布;耐斯藥膠布;""德山""象印膏藥膠布;疼痛膏;三陽朝日膏;人生舒冷巴佈膏;人生溫感巴佈膏;舒痛巴佈膏〝葡萄王〞;虎標永安堂萬金油（紅）;虎標永安堂萬金油（白）;熱龍巴布;抗痛寧舒布;曼秀雷敦鎮痛水性藥膠布;虎標水性鎮痛藥布;""得生""舒痛藥布;""得生""剋百痛藥布;""得生"" 滅痠痛藥布;""真富""薄荷膏藥膠布;鐵甲貼布;""三陽"" 痠痛萬金膏;""三陽"" 痠痛金絲膏藥布;""葡萄王"" 百克斯膏布;""陽生"" 鎮痛膏布;貼溫藥膏布;舒百達藥膠布;寶安藥膠布;舒可達藥膠布;舒必達藥膠布;""德山""祛酸痛藥膠布;""德山""祛風濕藥膠布;貼可藥膠布;美帝喜布藥膠布;""得生""安可巴斯;易貼巴佈膏;巴巴痛;舒爾痛;溫貼喜布;生春痠痛寧藥膠布;萬應紅花溫感藥布;巴貼斯巴佈膏藥膠布;巴斯達巴佈膏藥膠布;貼可藥布;美帝喜布藥布;""得生""酸痛貼布;救筋酸痛布;福貼藥布;""生春""貼酸明痠痛布;樂貼藥布;""得生""滅痛藥布;抗痛舒佈藥膠布;貼利康溫感藥布;貼利康水性藥布;貼可喜布;透骨痠痛布;救痛藥布;德國薄荷標消炎膏;虎標鎮痛藥布;""德山""筋來爽藥膠布;""人生""舒佈巴斯;""德山"" 舒痠痛藥布;奔肌滲透止痛貼;三箭水性鎮痛藥膏布;""漁人"" 療痛貼藥膠布;〝近江兄弟〞萬痛安酸痛貼布;""得生"" 貼立舒喜布;溫賀喜布;〝美善滅酸疼〞溫感貼布;〝護民〞緩痛貼藥膠布;〝德山〞運動巴斯藥膠布;〝國品〞療舒貼藥膠布;”得生”易貼巴佈膏貼布;“德山”邁疼溫感貼布;脫酸寧透明藥布;脫酸寧藥膠布;敵疼貼布;膚克舒貼布;脫酸寧涼藥布;好克斯貼布;痛貼貼貼片劑;脫酸寧Ａ藥布;快舒服－優貼布劑;日本三笠藥膠布Ｇ;日本三笠溫感藥膠布;善必克貼布劑;藤澤藥膠布;熱克百疼貼布劑;""大協"" 紓得好貼布;撒隆適布;吉品貼布;撒隆適布肌兒帕奇貼片;速達酸痛貼布;脫酸寧藥布;痛貼貼溫感貼片劑;溫感喜布",內衛成製字第000061號;內衛成製字第000971號;衛署成製字第001427號;衛署成製字第002108號;衛署成製字第002303號;衛署成製字第003051號;衛署成製字第003332號;衛署成製字第003380號;衛署成製字第003598號;衛署成製字第003786號;衛署成製字第003836號;衛署成製字第003972號;衛署成製字第004085號;衛署成製字第004090號;衛署成製字第004121號;衛署成製字第004148號;衛署成製字第004218號;衛署成製字第004435號;衛署成製字第004545號;衛署成製字第005641號;衛署成製字第005666號;衛署成製字第005667號;衛署成製字第005700號;衛署成製字第005716號;衛署成製字第005830號;衛署成製字第005910號;衛署成製字第006647號;衛署成製字第007361號;衛署成製字第007868號;衛署成製字第008368號;衛署成製字第009015號;衛署成製字第009355號;衛署成製字第009356號;衛署成製字第009438號;衛署成製字第010319號;衛署成製字第010389號;衛署成製字第011076號;衛署成製字第011077號;衛署成製字第011644號;衛署成製字第013194號;衛署成製字第015313號;衛署成輸字第000001號;衛署藥製字第011334號;衛署藥製字第017039號;衛署藥製字第019363號;衛署藥製字第021345號;衛署藥製字第022623號;衛署藥製字第022741號;衛署藥製字第023884號;衛署藥製字第027371號;衛署藥製字第027399號;衛署藥製字第027581號;衛署藥製字第028231號;衛署藥製字第032109號;衛署藥製字第032110號;衛署藥製字第032919號;衛署藥製字第032920號;衛署藥製字第033155號;衛署藥製字第033156號;衛署藥製字第034095號;衛署藥製字第034140號;衛署藥製字第035217號;衛署藥製字第035323號;衛署藥製字第035703號;衛署藥製字第037282號;衛署藥製字第037295號;衛署藥製字第037297號;衛署藥製字第037298號;衛署藥製字第038086號;衛署藥製字第038309號;衛署藥製字第038310號;衛署藥製字第038322號;衛署藥製字第039767號;衛署藥製字第039768號;衛署藥製字第039800號;衛署藥製字第039881號;衛署藥製字第040204號;衛署藥製字第040571號;衛署藥製字第040929號;衛署藥製字第042882號;衛署藥製字第043030號;衛署藥製字第043430號;衛署藥製字第043734號;衛署藥製字第045173號;衛署藥製字第047605號;衛署藥製字第047842號;衛署藥製字第048163號;衛署藥製字第048748號;衛署藥製字第049007號;衛署藥製字第049141號;衛署藥製字第049171號;衛署藥製字第049355號;衛署藥製字第049460號;衛署藥製字第049614號;衛署藥製字第049675號;衛署藥製字第050257號;衛署藥輸字第018206號;衛署藥輸字第018359號;衛署藥輸字第018494號;衛署藥輸字第018582號;衛署藥輸字第018627號;衛署藥輸字第018709號;衛署藥輸字第018861號;衛署藥輸字第019083號;衛署藥輸字第019142號;衛署藥輸字第019787號;衛署藥輸字第019788號;衛署藥輸字第020500號;衛署藥輸字第020565號;衛署藥輸字第021384號;衛署藥輸字第022068號;衛署藥輸字第022347號;衛署藥輸字第022519號;衛署藥輸字第023545號;衛署藥輸字第024182號;衛署藥輸字第024682號;衛署藥輸字第024683號;衛署藥輸字第025000號;衛部藥製字第059290號
CAT01,肌肉骨骼疼痛與發炎,ING0007,Methyl salicylate,,94,35,281,94,0.3345,1.0000,57.8,"撒隆巴斯;巴士;嘉伊娜巴斯;撒隆濕布;涼涼涼鎮痛藥布;白金膏;奧林巴斯;""人生""舒寧巴斯;痛穩好藥布;歡喜巴斯;金龍膏;""正光"" 巴斯藥膠布;百珍膏布;悅心巴斯膏布;濕痛膏布;除痠痛膏布;濕痛藥膏布;樂樂鎮痛藥膏布;〝三陽〞金系羔藥布;黃金膏;大維好安巴斯;治痛巴斯藥膠布;濕痛布;大維貼痠痛藥布;""德山"" 免酸痛藥膠布;""德山""鎮痛藥膠布;""德山""青皮藥膠布;""德山""象印膏藥膠布;三陽朝日膏;舒痛巴佈膏〝葡萄王〞;抗痛寧舒布;虎標水性鎮痛藥布;""得生""舒痛藥布;""得生""剋百痛藥布;""得生"" 滅痠痛藥布;""真富""薄荷膏藥膠布;撒隆巴斯－益;""三陽"" 痠痛萬金膏;""三陽"" 痠痛金絲膏藥布;""葡萄王"" 百克斯膏布;""陽生"" 鎮痛膏布;貼溫藥膏布;舒百達藥膠布;寶安藥膠布;舒可達藥膠布;舒必達藥膠布;""德山""祛酸痛藥膠布;""德山""祛風濕藥膠布;貼可藥膠布;美帝喜布藥膠布;""得生""安可巴斯;易貼巴佈膏;舒爾痛;溫貼喜布;生春痠痛寧藥膠布;萬應紅花溫感藥布;""港香蘭""撲來貼藥布;巴貼斯巴佈膏藥膠布;巴斯達巴佈膏藥膠布;貼可藥布;美帝喜布藥布;""得生""酸痛貼布;救筋酸痛布;福貼藥布;樂貼藥布;""得生""滅痛藥布;貼利康水性藥布;透骨痠痛布;""人生""舒佈巴斯;奔肌滲透止痛貼;〝近江兄弟〞萬痛安酸痛貼布;溫賀喜布;〝德山〞運動巴斯藥膠布;”得生”易貼巴佈膏貼布;脫酸寧藥膠布;敵疼貼布;好克斯貼布;痛貼貼貼片劑;脫酸寧Ａ藥布;快舒服－優貼布劑;貼布;日本三笠溫感藥膠布;熱克百疼貼布劑;速達酸痛貼布;脫酸寧藥布;痛貼貼溫感貼片劑;撒隆巴斯舒適貼;""得生""水楊酸甲酯藥膠布 10%;溫感喜布",內衛成製字第000061號;內衛成製字第000971號;衛署成製字第001427號;衛署成製字第002108號;衛署成製字第002303號;衛署成製字第003051號;衛署成製字第003240號;衛署成製字第003332號;衛署成製字第003346號;衛署成製字第003380號;衛署成製字第003598號;衛署成製字第003786號;衛署成製字第003836號;衛署成製字第003972號;衛署成製字第004085號;衛署成製字第004090號;衛署成製字第004121號;衛署成製字第004124號;衛署成製字第004148號;衛署成製字第004218號;衛署成製字第004435號;衛署成製字第004545號;衛署成製字第005229號;衛署成製字第005641號;衛署成製字第005666號;衛署成製字第005667號;衛署成製字第005700號;衛署成製字第005716號;衛署成製字第005910號;衛署成製字第007361號;衛署成製字第008493號;衛署成製字第008494號;衛署成製字第009015號;衛署成製字第010319號;衛署成製字第011076號;衛署成製字第011077號;衛署成製字第011644號;衛署成製字第013194號;衛署成製字第015313號;衛署藥製字第008962號;衛署藥製字第011334號;衛署藥製字第017039號;衛署藥製字第019363號;衛署藥製字第021345號;衛署藥製字第022623號;衛署藥製字第022741號;衛署藥製字第023884號;衛署藥製字第027371號;衛署藥製字第027399號;衛署藥製字第027581號;衛署藥製字第028231號;衛署藥製字第032109號;衛署藥製字第032110號;衛署藥製字第032919號;衛署藥製字第032920號;衛署藥製字第033156號;衛署藥製字第034095號;衛署藥製字第034140號;衛署藥製字第035217號;衛署藥製字第035322號;衛署藥製字第035323號;衛署藥製字第035703號;衛署藥製字第037282號;衛署藥製字第037295號;衛署藥製字第037297號;衛署藥製字第037298號;衛署藥製字第038086號;衛署藥製字第038309號;衛署藥製字第038322號;衛署藥製字第039767號;衛署藥製字第039881號;衛署藥製字第040571號;衛署藥製字第043734號;衛署藥製字第047605號;衛署藥製字第048748號;衛署藥製字第049141號;衛署藥製字第049460號;衛署藥製字第049675號;衛署藥輸字第018359號;衛署藥輸字第018494號;衛署藥輸字第018709號;衛署藥輸字第018861號;衛署藥輸字第019083號;衛署藥輸字第019142號;衛署藥輸字第019143號;衛署藥輸字第019788號;衛署藥輸字第021384號;衛署藥輸字第024182號;衛署藥輸字第024682號;衛署藥輸字第024683號;衛署藥輸字第025000號;衛署藥輸字第025157號;衛部藥製字第058105號;衛部藥製字第059290號
CAT01,肌肉骨骼疼痛與發炎,ING0017,Glycol Salicylate,,44,23,281,44,0.1566,1.0000,39.6,"歡喜巴斯;人生舒冷巴佈膏;人生溫感巴佈膏;熱龍巴布;""德山""祛酸痛藥膠布;貼可藥膠布;美帝喜布藥膠布;舒爾痛;生春痠痛寧藥膠布;""港香蘭""撲來貼藥布;貼可藥布;美帝喜布藥布;救筋酸痛布;福貼藥布;""生春""貼酸明痠痛布;樂貼藥布;抗痛舒佈藥膠布;貼利康溫感藥布;貼可喜布;曼秀雷敦熱力鎮痛藥膠布;透骨痠痛布;救痛藥布;德國薄荷標消炎膏;曼秀雷敦熱力鎮痛水性藥膠布溫熱感;""德山""筋來爽藥膠布;三箭水性鎮痛藥膏布;""漁人"" 療痛貼藥膠布;〝美善滅酸疼〞溫感貼布;〝護民〞緩痛貼藥膠布;〝國品〞療舒貼藥膠布;“德山”邁疼溫感貼布;脫酸寧透明藥布;三共藥布劑;脫酸寧Ａ藥布;日本三笠藥膠布Ｇ;善必克貼布劑;日本祐德巴斯貼布劑;脫酸寧濕布Ａ貼片劑;大正愛舒酸痛貼布;撒隆適布;脫酸寧濕布;撒隆適布肌兒帕奇貼片;曼秀雷敦熱力酸痛藥布",衛署成製字第003380號;衛署成製字第007868號;衛署成製字第008368號;衛署成製字第009438號;衛署藥製字第027581號;衛署藥製字第032109號;衛署藥製字第032110號;衛署藥製字第033156號;衛署藥製字第034140號;衛署藥製字第035322號;衛署藥製字第037295號;衛署藥製字第037297號;衛署藥製字第038086號;衛署藥製字第038309號;衛署藥製字第038310號;衛署藥製字第038322號;衛署藥製字第039768號;衛署藥製字第039800號;衛署藥製字第040204號;衛署藥製字第040515號;衛署藥製字第040571號;衛署藥製字第040929號;衛署藥製字第042882號;衛署藥製字第043198號;衛署藥製字第043430號;衛署藥製字第047842號;衛署藥製字第048163號;衛署藥製字第049171號;衛署藥製字第049355號;衛署藥製字第049614號;衛署藥製字第050257號;衛署藥輸字第018206號;衛署藥輸字第018475號;衛署藥輸字第019083號;衛署藥輸字第019787號;衛署藥輸字第020500號;衛署藥輸字第020601號;衛署藥輸字第020734號;衛署藥輸字第021138號;衛署藥輸字第022347號;衛署藥輸字第022601號;衛署藥輸字第023451號;衛署藥輸字第023545號;衛部藥製字第059851號
CAT01,肌肉骨骼疼痛與發炎,ING0026,Capsicum,,37,15,281,37,0.1317,1.0000,36.3,"治痛巴斯藥膠布;人生溫感巴佈膏;熱龍巴布;辣椒膏;撒隆辣椒膏;朝日辣椒膏;貼溫藥膏布;辣椒膏３％;""德山""辣椒藥膠布;蕃椒膏貼藥布;溫貼喜布;救痛藥布;萬應紅花溫感藥布;紅椒金國德辣椒膏;""得生""辣椒膏;貼利康溫感藥布;貼利康水性藥布;曼秀雷敦熱力鎮痛水性藥膠布溫熱感;""得生"" 辣椒治痛藥布;德國辣椒標風濕膏藥(溫和);德國辣椒標風濕膏藥;溫賀喜布;〝美善滅酸疼〞溫感貼布;“德山”溫感辣椒膏藥膠布;“德山”邁疼溫感貼布;鴻林辣椒膏;德國辣椒標風濕膏藥（溫和）;熱克百疼貼布劑;溫感喜布",衛署成製字第005229號;衛署成製字第008368號;衛署成製字第008493號;衛署成製字第009438號;衛署藥製字第003950號;衛署藥製字第008581號;衛署藥製字第012064號;衛署藥製字第013430號;衛署藥製字第020099號;衛署藥製字第022623號;衛署藥製字第023549號;衛署藥製字第029185號;衛署藥製字第033469號;衛署藥製字第034095號;衛署藥製字第034797號;衛署藥製字第035217號;衛署藥製字第036547號;衛署藥製字第037282號;衛署藥製字第037296號;衛署藥製字第039531號;衛署藥製字第039800號;衛署藥製字第039881號;衛署藥製字第043198號;衛署藥製字第043701號;衛署藥製字第046464號;衛署藥製字第046467號;衛署藥製字第049141號;衛署藥製字第049171號;衛署藥製字第049771號;衛署藥製字第050257號;衛署藥製字第052578號;衛署藥輸字第016216號;衛署藥輸字第016994號;衛署藥輸字第018673號;衛署藥輸字第018674號;衛署藥輸字第021384號;衛部藥製字第059290號
CAT01,肌肉骨骼疼痛與發炎,ING0051,Indomethacin,,35,20,281,35,0.1246,1.0000,35.3,"運動藥膠布;克痛運動藥膠布５公絲/公克（引朵美酒辛）〝葡萄王〞;歐可藥布（  美酒辛）;“得生”痠痛水性藥布;“協宏”克異痛貼布;""真富""痛得貼藥膠布;虎標酸痛藥布７０毫克（吲哚 美洒辛）;""人生""炎都好酸痛藥布８０公絲（吲哚美洒辛）;""人生""炎多滅酸痛藥布７５公絲（吲哚美洒辛）;""人生""治酸痛藥布;""真富"" 貼痠痛水性藥布85毫克（吲哚美洒辛）;〝中美〞萬痛寧酸痛藥布;〝漁人〞酸痛藥布70公絲(引朵美洒辛);""德山""酸痛藥布５公絲/公克;〝得生〞珍好貼藥布;歐可抗痛藥布;""得生"" 順好貼藥布(吲哚美洒辛);""德山"" 酸痛藥布85毫克;""中美""舒筋樂酸痛藥布70毫克;美善滅酸疼貼布;""國品"" 邁酸痛藥膠布70毫克;漁人酸痛藥布 85 毫克;〝派頓〞筋舒樂藥膠布;〝護民〞酸痛藥布 85 毫克;“得生”溫利賀藥膠布;歐業酸痛藥布;歐可藥膠布(口引口朵美洒辛);愛敏絆貼片劑;克百疼貼片劑;愛斯貼布;速達優力酸痛貼布;金壕酸痛貼布;日方酸痛貼布;欣巴斯酸痛貼布;冠保酸痛貼布",衛署藥製字第035005號;衛署藥製字第035872號;衛署藥製字第035982號;衛署藥製字第037294號;衛署藥製字第038608號;衛署藥製字第039310號;衛署藥製字第041829號;衛署藥製字第042024號;衛署藥製字第042027號;衛署藥製字第042252號;衛署藥製字第042496號;衛署藥製字第042497號;衛署藥製字第042651號;衛署藥製字第043315號;衛署藥製字第043396號;衛署藥製字第043894號;衛署藥製字第047720號;衛署藥製字第047943號;衛署藥製字第047948號;衛署藥製字第048192號;衛署藥製字第048328號;衛署藥製字第048928號;衛署藥製字第049006號;衛署藥製字第049081號;衛署藥製字第051025號;衛署藥製字第055580號;衛署藥製字第057154號;衛署藥輸字第019697號;衛署藥輸字第021213號;衛署藥輸字第023119號;衛署藥輸字第024063號;衛署藥輸字第024197號;衛署藥輸字第024788號;衛署藥輸字第025009號;衛署藥輸字第025094號
CAT01,肌肉骨骼疼痛與發炎,ING0055,Ketoprofen,,34,29,281,34,0.1210,1.0000,34.8,"""中菱"" 袪痛藥膠布;均隆驅風油消炎鎮痛水性貼布（可多普洛菲）;痛貼貼醫療水性貼布;貼痠克痛藥膠布〝生春〞;〝得生〞舒寧莫痛藥布（可多普洛菲）;科痛藥布〝三陽〞;""生春"" 貼痠克痛貼布 (可多普洛菲);""護民"" 舒痛炎藥膠布;""真富""舒康藥膠布;""西德有機"" 立止炎痛水性藥布;康適貼克痛藥布;""人生"" 克痛分酸痛藥膠布;""立康生物科技"" 安痠痛藥膠布(可多普洛菲);〝國品〞切痛寧藥膠布;舒痛安藥膠布;〝德山〞平痛寧藥膠布;“八福”可安炎藥膠布;曼秀雷敦舒效消炎水性藥膠布;達痛平藥膠布;""國品""可多普洛菲藥膠布;“得生”剋痛普洛藥膠布;""得生""濟痛藥布 (可多普洛菲);""得生""剋力痛藥膠布;曼秀雷敦舒效消炎藥膠布;剋吾痛痠痛布;痛免苦　貼片;關健痠痛貼布;舒痛寧貼布;克痛藥膠布30毫克;克洛分舒痛藥膠布;""得生""剋痛藥布(油性基劑);易利氣酸痛藥布;脫酸寧酸痛藥布;掘他痛痠痛藥膠布",衛署藥製字第039389號;衛署藥製字第039712號;衛署藥製字第042591號;衛署藥製字第043220號;衛署藥製字第044026號;衛署藥製字第044246號;衛署藥製字第045598號;衛署藥製字第045916號;衛署藥製字第045992號;衛署藥製字第047507號;衛署藥製字第047891號;衛署藥製字第048000號;衛署藥製字第048164號;衛署藥製字第048704號;衛署藥製字第048767號;衛署藥製字第048874號;衛署藥製字第049027號;衛署藥製字第049567號;衛署藥製字第049837號;衛署藥製字第051035號;衛署藥製字第052108號;衛署藥製字第056758號;衛署藥製字第057144號;衛署藥製字第057146號;衛署藥輸字第022429號;衛署藥輸字第023011號;衛署藥輸字第023826號;衛署藥輸字第024236號;衛署藥輸字第025673號;衛部藥製字第058260號;衛部藥製字第059301號;衛部藥輸字第028413號;衛部藥輸字第028610號;衛部藥輸字第028640號
CAT01,肌肉骨骼疼痛與發炎,ING0005,Thymol,,29,5,281,29,0.1032,1.0000,32.1,"撒隆巴斯;巴士;嘉伊娜巴斯;撒隆濕布;白金膏;""人生""舒寧巴斯;歡喜巴斯;""正光"" 巴斯藥膠布;悅心巴斯膏布;除痠痛膏布;濕痛藥膏布;樂樂鎮痛藥膏布;金龍藥膏布;〝三陽〞金系羔藥布;黃金膏;大維好安巴斯;濕痛布;大維貼痠痛藥布;""德山""青皮藥膠布;耐斯藥膠布;疼痛膏;""德山""祛酸痛藥膠布;""得生""安可巴斯;救筋酸痛布;福貼藥布;透骨痠痛布;脫酸寧藥膠布;脫酸寧涼藥布;日本三笠溫感藥膠布",內衛成製字第000061號;內衛成製字第000971號;衛署成製字第001427號;衛署成製字第002108號;衛署成製字第003051號;衛署成製字第003332號;衛署成製字第003380號;衛署成製字第003786號;衛署成製字第003972號;衛署成製字第004090號;衛署成製字第004121號;衛署成製字第004148號;衛署成製字第004211號;衛署成製字第004218號;衛署成製字第004435號;衛署成製字第004545號;衛署成製字第005641號;衛署成製字第005666號;衛署成製字第005716號;衛署成製字第005830號;衛署成製字第006647號;衛署藥製字第027581號;衛署藥製字第032919號;衛署藥製字第038086號;衛署藥製字第038309號;衛署藥製字第040571號;衛署藥輸字第018359號;衛署藥輸字第018627號;衛署藥輸字第019788號
CAT01,肌肉骨骼疼痛與發炎,ING0012,Diphenhydramine Hcl,,26,10,281,26,0.0925,1.0000,30.4,"嘉伊娜巴斯;金龍膏;""正光"" 巴斯藥膠布;濕痛膏布;〝三陽〞金系羔藥布;大維好安巴斯;""德山""鎮痛藥膠布;舒痛巴佈膏〝葡萄王〞;""得生""舒痛藥布;""葡萄王"" 百克斯膏布;易貼巴佈膏;爽樂巴斯藥膠布;舒爾痛;溫貼喜布;萬應紅花溫感藥布;巴斯達巴佈膏藥膠布;美帝喜布藥布;""得生""酸痛貼布;""生春""貼酸明痠痛布;貼利康水性藥布;貼可喜布;敵疼貼布;膚克舒貼布;日本三笠藥膠布Ｇ;日本三笠溫感藥膠布",衛署成製字第001427號;衛署成製字第003598號;衛署成製字第003786號;衛署成製字第004085號;衛署成製字第004218號;衛署成製字第004545號;衛署成製字第005700號;衛署成製字第009015號;衛署成製字第011077號;衛署藥製字第019363號;衛署藥製字第032920號;衛署藥製字第033057號;衛署藥製字第033156號;衛署藥製字第034095號;衛署藥製字第035217號;衛署藥製字第035703號;衛署藥製字第037282號;衛署藥製字第037297號;衛署藥製字第037298號;衛署藥製字第038310號;衛署藥製字第039881號;衛署藥製字第040204號;衛署藥輸字第018494號;衛署藥輸字第018582號;衛署藥輸字第019787號;衛署藥輸字第019788號
CAT01,肌肉骨骼疼痛與發炎,ING0061,Diclofenac,,22,20,281,22,0.0783,1.0000,28.0,"“得生”剋洛芬 藥布0.5％（二克氯吩鈉）;舒酸貼貼布 1%  (二克氯吩鈉);""熹樂"" 樂痛好酸痛藥布;普拿疼肌立水性酸痛藥布;人生可諾分貼布;""生春"" 待克痛貼布60毫克(待克菲那);服他寧水性酸痛藥布;普拿疼肌立酸痛藥布;""德山""貼可飛消炎止痛水性藥膠布;〝國品〞待克菲那藥膠布 60 毫克;〝真富〞待克菲那藥膠布 60 毫克;〝護民〞痛適貼藥膠布;""立康生物科技"" 待克菲那貼布 60 毫克 (待克菲那);""德山""貼達寧藥膠布140毫克;非炎酸痛(水性)貼布;普拿疼肌立彈性透氣酸痛藥布;服他寧酸痛藥布;""得生""帝克洛芬藥布1% (油性基劑);""得生""帝克洛芬藥布1% (二克氯吩鈉);普拿疼肌立鎮痛彈性藥布;日方藥研酸痛貼布;喜顧痛 貼布75毫克",衛署藥製字第044125號;衛署藥製字第045265號;衛署藥製字第047467號;衛署藥製字第047627號;衛署藥製字第047688號;衛署藥製字第047774號;衛署藥製字第048196號;衛署藥製字第048763號;衛署藥製字第048933號;衛署藥製字第049168號;衛署藥製字第049187號;衛署藥製字第049533號;衛署藥製字第049566號;衛署藥製字第049633號;衛署藥製字第050121號;衛署藥製字第050139號;衛署藥輸字第025124號;衛部藥製字第059641號;衛部藥製字第059772號;衛部藥輸字第028825號;衛部藥輸字第028838號;衛部藥輸字第029134號
CAT01,肌肉骨骼疼痛與發炎,ING0033,Tocopherol Acetate Alpha Dl-,,22,15,281,22,0.0783,1.0000,28.0,"人生舒冷巴佈膏;人生溫感巴佈膏;熱龍巴布;""得生""安可巴斯;巴巴痛;巴斯達巴佈膏藥膠布;抗痛舒佈藥膠布;貼利康溫感藥布;德國薄荷標消炎膏;""德山""筋來爽藥膠布;""漁人"" 療痛貼藥膠布;溫賀喜布;〝美善滅酸疼〞溫感貼布;〝護民〞緩痛貼藥膠布;〝國品〞療舒貼藥膠布;”得生”易貼巴佈膏貼布;“德山”邁疼溫感貼布;大正愛舒酸痛貼布;撒隆適布;溫感喜布;曼秀雷敦熱力酸痛藥布",衛署成製字第007868號;衛署成製字第008368號;衛署成製字第009438號;衛署藥製字第032919號;衛署藥製字第033155號;衛署藥製字第035703號;衛署藥製字第039768號;衛署藥製字第039800號;衛署藥製字第042882號;衛署藥製字第043430號;衛署藥製字第048163號;衛署藥製字第049141號;衛署藥製字第049171號;衛署藥製字第049355號;衛署藥製字第049614號;衛署藥製字第049675號;衛署藥製字第050257號;衛署藥輸字第021138號;衛署藥輸字第022347號;衛署藥輸字第022601號;衛部藥製字第059290號;衛部藥製字第059851號
CAT01,肌肉骨骼疼痛與發炎,ING0001,Zinc Oxide,,22,6,281,22,0.0783,1.0000,28.0,"撒隆巴斯;撒隆濕布;痛穩好藥布;歡喜巴斯;濕痛膏布;""德山"" 免酸痛藥膠布;""德山""象印膏藥膠布;""真富""薄荷膏藥膠布;辣椒膏;撒隆辣椒膏;渡邊 久金膏;""得生""安可巴斯;紅椒金國德辣椒膏;""得生""辣椒膏;德國辣椒標風濕膏藥(溫和);德國辣椒標風濕膏藥;“德山”溫感辣椒膏藥膠布;德國辣椒標風濕膏藥（溫和）",內衛成製字第000061號;衛署成製字第002108號;衛署成製字第003346號;衛署成製字第003380號;衛署成製字第004085號;衛署成製字第005667號;衛署成製字第005910號;衛署成製字第015313號;衛署藥製字第003950號;衛署藥製字第008581號;衛署藥製字第013430號;衛署藥製字第015679號;衛署藥製字第032919號;衛署藥製字第036547號;衛署藥製字第039531號;衛署藥製字第046464號;衛署藥製字第046467號;衛署藥製字第049771號;衛署藥輸字第016216號;衛署藥輸字第016994號;衛署藥輸字第018673號;衛署藥輸字第018674號
CAT01,肌肉骨骼疼痛與發炎,ING0056,Flurbiprofen,,18,16,281,18,0.0641,1.0000,25.3,"富帝芬貼片;氟比洛芬貼布　〝漁人〞;""生春"" 伏痛貼布 (氟白普洛芬);""得生""袪痛貼貼片;氟洛吩貼片;""立康"" 敷炎痛貼布(氟白普洛芬);""美立堅""免普芬貼布(氟白普洛芬);人生非比波芬酸痛貼布;岐黃痠痛貼藥膠布(氟白普洛芬);佛比普珞芬貼片;〝英全〞富比芬水性貼布 (氟白普洛芬);滅酸寧藥膠布;〝派源〞貼適舒藥膠布;〝國品〞貼痛安藥膠布;〝護民〞氟比洛芬藥膠布;伏痛普珞藥布（油性基劑）;""得生""達那芬藥布(油性基劑);祐德痛能健貼片",衛署藥製字第040358號;衛署藥製字第043180號;衛署藥製字第045599號;衛署藥製字第046451號;衛署藥製字第046453號;衛署藥製字第046459號;衛署藥製字第047645號;衛署藥製字第048448號;衛署藥製字第048658號;衛署藥製字第048783號;衛署藥製字第048799號;衛署藥製字第048883號;衛署藥製字第049107號;衛署藥製字第049208號;衛署藥製字第049235號;衛署藥製字第049848號;衛署藥製字第056771號;衛署藥輸字第025152號
CAT01,肌肉骨骼疼痛與發炎,ING0049,Tocopherol Acetate,,18,7,281,18,0.0641,1.0000,25.3,"美帝喜布藥膠布;易貼巴佈膏;美帝喜布藥布;""得生""酸痛貼布;福貼藥布;""生春""貼酸明痠痛布;樂貼藥布;貼可喜布;脫酸寧藥膠布;敵疼貼布;痛貼貼貼片劑;脫酸寧Ａ藥布;吉品貼布;撒隆適布肌兒帕奇貼片;速達酸痛貼布;脫酸寧藥布;撒隆巴斯;痛貼貼溫感貼片劑",衛署藥製字第032110號;衛署藥製字第032920號;衛署藥製字第037297號;衛署藥製字第037298號;衛署藥製字第038309號;衛署藥製字第038310號;衛署藥製字第038322號;衛署藥製字第040204號;衛署藥輸字第018359號;衛署藥輸字第018494號;衛署藥輸字第018861號;衛署藥輸字第019083號;衛署藥輸字第022519號;衛署藥輸字第023545號;衛署藥輸字第024182號;衛署藥輸字第024682號;衛署藥輸字第024683號;衛署藥輸字第025000號
CAT01,肌肉骨骼疼痛與發炎,ING0006,Diphenhydramine,,17,2,281,18,0.0605,0.9444,23.9,"撒隆巴斯;撒隆濕布;涼涼涼鎮痛藥布;黃金膏;""三陽"" 痠痛金絲膏藥布;""陽生"" 鎮痛膏布;舒百達藥膠布;舒必達藥膠布;""德山""祛酸痛藥膠布;美帝喜布藥膠布;""得生""安可巴斯;痠痛寧藥膠布;生春痠痛寧藥膠布;樂貼藥布;好克斯貼布;痛貼貼貼片劑;善必克貼布劑",內衛成製字第000061號;衛署成製字第002108號;衛署成製字第002303號;衛署成製字第004435號;衛署藥製字第017039號;衛署藥製字第021345號;衛署藥製字第022741號;衛署藥製字第027399號;衛署藥製字第027581號;衛署藥製字第032110號;衛署藥製字第032919號;衛署藥製字第033055號;衛署藥製字第034140號;衛署藥製字第038322號;衛署藥輸字第018709號;衛署藥輸字第018861號;衛署藥輸字第020500號
CAT01,肌肉骨骼疼痛與發炎,ING0023,Mentha Oil,,14,2,281,14,0.0498,1.0000,22.3,濕痛藥膏布;鐵甲貼布;福貼藥布;樂貼藥布;虎標鎮痛藥布;脫酸寧透明藥布;脫酸寧藥膠布;膚克舒貼布;脫酸寧涼藥布;好克斯貼布;痛貼貼貼片劑;日本三笠藥膠布Ｇ;藤澤藥膠布;痛貼貼溫感貼片劑,衛署成製字第004121號;衛署成輸字第000001號;衛署藥製字第038309號;衛署藥製字第038322號;衛署藥製字第043030號;衛署藥輸字第018206號;衛署藥輸字第018359號;衛署藥輸字第018582號;衛署藥輸字第018627號;衛署藥輸字第018709號;衛署藥輸字第018861號;衛署藥輸字第019787號;衛署藥輸字第020565號;衛署藥輸字第025000號
CAT01,肌肉骨骼疼痛與發炎,ING0004,Borneol,,12,2,281,12,0.0427,1.0000,20.7,"撒隆巴斯;巴士;嘉伊娜巴斯;奧林巴斯;痛穩好藥布;歡喜巴斯;""正光"" 巴斯藥膠布;濕痛膏布;大維好安巴斯;""葡萄王"" 百克斯膏布;""德山""祛酸痛藥膠布",內衛成製字第000061號;內衛成製字第000971號;衛署成製字第001427號;衛署成製字第003240號;衛署成製字第003346號;衛署成製字第003380號;衛署成製字第003786號;衛署成製字第004085號;衛署成製字第004545號;衛署成製字第008494號;衛署藥製字第019363號;衛署藥製字第027581號
CAT01,肌肉骨骼疼痛與發炎,ING0019,Peppermint Oil (Oleum Menth Pip),,12,4,281,12,0.0427,1.0000,20.7,"百珍膏布;金龍藥膏布;黃金膏;大維貼痠痛藥布;""德山""青皮藥膠布;耐斯藥膠布;""德山""象印膏藥膠布;疼痛膏;""三陽"" 痠痛萬金膏;寶安藥膠布;""德山""祛風濕藥膠布;""德山"" 舒痠痛藥布",衛署成製字第003836號;衛署成製字第004211號;衛署成製字第004435號;衛署成製字第005666號;衛署成製字第005716號;衛署成製字第005830號;衛署成製字第005910號;衛署成製字第006647號;衛署藥製字第011334號;衛署藥製字第023884號;衛署藥製字第028231號;衛署藥製字第045173號
CAT01,肌肉骨骼疼痛與發炎,ING0028,Eucalyptus Oil (Oleum Eucalypti),,10,5,281,10,0.0356,1.0000,18.9,"大維貼痠痛藥布;耐斯藥膠布;""德山""象印膏藥膠布;曼秀雷敦鎮痛水性藥膠布;鐵甲貼布;寶安藥膠布;虎標鎮痛藥布;""德山"" 舒痠痛藥布;""得生"" 貼立舒喜布;藤澤藥膠布",衛署成製字第005666號;衛署成製字第005830號;衛署成製字第005910號;衛署成製字第010389號;衛署成輸字第000001號;衛署藥製字第023884號;衛署藥製字第043030號;衛署藥製字第045173號;衛署藥製字第049007號;衛署藥輸字第020565號
CAT01,肌肉骨骼疼痛與發炎,ING0048,Glycyrrhizinic Acid (Eq To Glycyrrhetinic Acid Glycoside)(Eq To Glycyrrhizic Acid ),,9,3,281,9,0.0320,1.0000,17.9,"""陽生"" 鎮痛膏布;舒必達藥膠布;易貼巴佈膏;""得生""酸痛貼布;""生春""貼酸明痠痛布;貼利康水性藥布;貼可喜布;敵疼貼布;藤澤藥膠布",衛署藥製字第021345號;衛署藥製字第027399號;衛署藥製字第032920號;衛署藥製字第037298號;衛署藥製字第038310號;衛署藥製字第039881號;衛署藥製字第040204號;衛署藥輸字第018494號;衛署藥輸字第020565號
CAT01,肌肉骨骼疼痛與發炎,ING0011,Phellodendron Extract,,8,5,281,8,0.0285,1.0000,16.9,"化能膏;""三陽"" 痠痛萬金膏;寶安藥膠布;""德山""祛風濕藥膠布;萬應紅花溫感藥布;""得生""滅痛藥布;貼利康水性藥布;〝德山〞運動巴斯藥膠布",內衛藥製字第015731號;衛署藥製字第011334號;衛署藥製字第023884號;衛署藥製字第028231號;衛署藥製字第035217號;衛署藥製字第039767號;衛署藥製字第039881號;衛署藥製字第049460號
CAT01,肌肉骨骼疼痛與發炎,ING0010,Scopolia Extract,,8,1,281,8,0.0285,1.0000,16.9,"化能膏;奧林巴斯;痛穩好藥布;""三陽"" 痠痛萬金膏;寶安藥膠布;舒可達藥膠布;""德山""祛風濕藥膠布",內衛藥製字第015731號;衛署成製字第003240號;衛署成製字第003346號;衛署成製字第008494號;衛署藥製字第011334號;衛署藥製字第023884號;衛署藥製字第027371號;衛署藥製字第028231號
CAT01,肌肉骨骼疼痛與發炎,ING0046,Tocopherol Acetate Alpha (Eq To Vit E Acetate) (Eq To Vitamin E Acetate),,8,3,281,8,0.0285,1.0000,16.9,"""葡萄王"" 百克斯膏布;活血止痛膏;痠痛寧藥膠布;爽樂巴斯藥膠布;生春痠痛寧藥膠布;貼可藥布;救筋酸痛布;透骨痠痛布",衛署藥製字第019363號;衛署藥製字第033008號;衛署藥製字第033055號;衛署藥製字第033057號;衛署藥製字第034140號;衛署藥製字第037295號;衛署藥製字第038086號;衛署藥製字第040571號
CAT01,肌肉骨骼疼痛與發炎,ING0016,Chlorpheniramine Maleate,,7,1,281,7,0.0249,1.0000,15.8,"奧林巴斯;樂樂鎮痛藥膏布;""三陽"" 痠痛萬金膏;寶安藥膠布;舒可達藥膠布;""德山""祛風濕藥膠布",衛署成製字第003240號;衛署成製字第004148號;衛署成製字第008494號;衛署藥製字第011334號;衛署藥製字第023884號;衛署藥製字第027371號;衛署藥製字第028231號
CAT01,肌肉骨骼疼痛與發炎,ING0044,Nonylic-Vanillylamide,,6,1,281,6,0.0214,1.0000,14.6,渡邊 久金膏;曼秀雷敦熱力鎮痛藥膠布;脫酸寧溫藥布;脫酸寧涼藥布;痛貼貼貼片劑;日本三笠溫感藥膠布,衛署藥製字第015679號;衛署藥製字第040515號;衛署藥輸字第018626號;衛署藥輸字第018627號;衛署藥輸字第018861號;衛署藥輸字第019788號
CAT01,肌肉骨骼疼痛與發炎,ING0020,Gardenia Fruit Powder,,5,0,281,5,0.0178,1.0000,13.3,百珍膏布;金龍藥膏布;黃金膏;耐斯藥膠布;藤澤藥膠布,衛署成製字第003836號;衛署成製字第004211號;衛署成製字第004435號;衛署成製字第005830號;衛署藥輸字第020565號
CAT01,肌肉骨骼疼痛與發炎,ING0018,Phellodendron Bark Powder (Eq To Powdered Phellodendron Bark),,5,0,281,5,0.0178,1.0000,13.3,百珍膏布;黃金膏;耐斯藥膠布;藤澤藥膠布;脫酸寧濕布Ａ貼片劑,衛署成製字第003836號;衛署成製字第004435號;衛署成製字第005830號;衛署藥輸字第020565號;衛署藥輸字第020734號
CAT01,肌肉骨骼疼痛與發炎,ING0038,Pine Resina,,5,0,281,5,0.0178,1.0000,13.3,"辣椒膏;救痛藥布;紅椒金國德辣椒膏;""得生""辣椒膏",衛署藥製字第008581號;衛署藥製字第034797號;衛署藥製字第036547號;衛署藥製字第037296號;衛署藥製字第039531號
CAT01,肌肉骨骼疼痛與發炎,ING0043,Glycol Monosalicylate,,4,1,281,4,0.0142,1.0000,11.9,"撒隆辣椒膏;""葡萄王"" 百克斯膏布;巴巴痛;脫酸寧藥膠布",衛署藥製字第013430號;衛署藥製字第019363號;衛署藥製字第033155號;衛署藥輸字第018359號
CAT01,肌肉骨骼疼痛與發炎,ING0074,Monoglycol Salicylate,,4,0,281,4,0.0142,1.0000,11.9,膚克舒貼布;脫酸寧溫藥布;脫酸寧涼藥布;好克斯貼布,衛署藥輸字第018582號;衛署藥輸字第018626號;衛署藥輸字第018627號;衛署藥輸字第018709號
CAT01,肌肉骨骼疼痛與發炎,ING0045,Tocopherol Alpha-,,4,0,281,4,0.0142,1.0000,11.9,"""三陽"" 痠痛金絲膏藥布;""陽生"" 鎮痛膏布;舒百達藥膠布;舒必達藥膠布",衛署藥製字第017039號;衛署藥製字第021345號;衛署藥製字第022741號;衛署藥製字第027399號
CAT01,肌肉骨骼疼痛與發炎,ING0027,Clove Oil,,3,0,281,3,0.0107,1.0000,10.3,大維貼痠痛藥布;虎標永安堂萬金油（紅）;虎標永安堂萬金油（白）,衛署成製字第005666號;衛署成製字第009355號;衛署成製字第009356號
CAT01,肌肉骨骼疼痛與發炎,ING0052,Glycyrrhetic Acid (Eq To Glycyrrhetinic Acid),,3,2,281,3,0.0107,1.0000,10.3,萬應紅花溫感藥布;脫酸寧藥布;痛貼貼溫感貼片劑,衛署藥製字第035217號;衛署藥輸字第024682號;衛署藥輸字第025000號
CAT01,肌肉骨骼疼痛與發炎,ING0039,Zinc (Oxide),,3,0,281,3,0.0107,1.0000,10.3,撒隆巴斯－益;救痛藥布,衛署藥製字第008962號;衛署藥製字第034797號;衛署藥製字第037296號
CAT01,肌肉骨骼疼痛與發炎,ING0034,Cajuput Oil,,2,0,281,2,0.0071,1.0000,8.4,虎標永安堂萬金油（紅）;虎標永安堂萬金油（白）,衛署成製字第009355號;衛署成製字第009356號
CAT01,肌肉骨骼疼痛與發炎,ING0041,Capsaicin,,2,1,281,2,0.0071,1.0000,8.4,"辣椒膏藥布;""得生""辣椒止痛貼布",衛署藥製字第010315號;衛部藥製字第059882號
CAT01,肌肉骨骼疼痛與發炎,ING0031,D-Borneol,,2,0,281,2,0.0071,1.0000,8.4,疼痛膏;渡邊 久金膏,衛署成製字第006647號;衛署藥製字第015679號
CAT01,肌肉骨骼疼痛與發炎,ING0024,Olive Oil,,2,0,281,2,0.0071,1.0000,8.4,濕痛藥膏布;大維貼痠痛藥布,衛署成製字第004121號;衛署成製字第005666號
CAT01,肌肉骨骼疼痛與發炎,ING0025,Phellodendron Bark,,2,0,281,2,0.0071,1.0000,8.4,金龍藥膏布;舒可達藥膠布,衛署成製字第004211號;衛署藥製字第027371號
CAT01,肌肉骨骼疼痛與發炎,ING0037,Rubber,,2,0,281,2,0.0071,1.0000,8.4,辣椒膏;撒隆辣椒膏,衛署藥製字第003950號;衛署藥製字第013430號
CAT01,肌肉骨骼疼痛與發炎,ING0030,Salicyl Ethylene Glycol,,2,0,281,2,0.0071,1.0000,8.4,"疼痛膏;""大協"" 紓得好貼布",衛署成製字第006647號;衛署藥輸字第022068號
CAT01,肌肉骨骼疼痛與發炎,ING0082,4-Hydroxy-3-Methoxybenzyl Nonylic Acid Amide,,1,1,281,1,0.0036,1.0000,6.0,痛貼貼溫感貼片劑,衛署藥輸字第025000號
CAT01,肌肉骨骼疼痛與發炎,ING0013,Bentonite,,1,0,281,1,0.0036,1.0000,6.0,撒隆濕布,衛署成製字第002108號
CAT01,肌肉骨骼疼痛與發炎,ING0015,Carbo Med.,,1,0,281,1,0.0036,1.0000,6.0,涼涼涼鎮痛藥布,衛署成製字第002303號
CAT01,肌肉骨骼疼痛與發炎,ING0042,Colophony (Eq To Rosin),,1,0,281,1,0.0036,1.0000,6.0,撒隆辣椒膏,衛署藥製字第013430號
CAT01,肌肉骨骼疼痛與發炎,ING0072,Diphenhydramine Salicylate,,1,0,281,1,0.0036,1.0000,6.0,三共藥布劑,衛署藥輸字第018475號
CAT01,肌肉骨骼疼痛與發炎,ING0057,Dl-Alpha-Tocopherol Acetate,,1,1,281,1,0.0036,1.0000,6.0,救痛藥布,衛署藥製字第040929號
CAT01,肌肉骨骼疼痛與發炎,ING0032,GLYCERIN (eq to GLYCEROL),,1,0,281,1,0.0036,1.0000,6.0,疼痛膏,衛署成製字第006647號
CAT01,肌肉骨骼疼痛與發炎,ING0053,Hydrocortisone Acetate,,1,1,281,1,0.0036,1.0000,6.0,巴斯達巴佈膏藥膠布,衛署藥製字第035703號
CAT01,肌肉骨骼疼痛與發炎,ING0014,Kaolin (White)(Bolus Alba),,1,0,281,1,0.0036,1.0000,6.0,撒隆濕布,衛署成製字第002108號
CAT01,肌肉骨骼疼痛與發炎,ING0040,Menthone,,1,0,281,1,0.0036,1.0000,6.0,撒隆巴斯－益,衛署藥製字第008962號
CAT01,肌肉骨骼疼痛與發炎,ING0075,N-Nonanoyl Vanillylamide,,1,0,281,1,0.0036,1.0000,6.0,善必克貼布劑,衛署藥輸字第020500號
CAT01,肌肉骨骼疼痛與發炎,ING0059,Phellodendron Bark Extract,,1,1,281,1,0.0036,1.0000,6.0,"""人生""舒佈巴斯",衛署藥製字第043734號
CAT01,肌肉骨骼疼痛與發炎,ING0047,Phenocoll,,1,0,281,1,0.0036,1.0000,6.0,朝日辣椒膏,衛署藥製字第020099號
CAT01,肌肉骨骼疼痛與發炎,ING0060,Piroxicam,,1,1,281,1,0.0036,1.0000,6.0,"""大豐""舒筋鎮凝膠10毫克/公克",衛署藥製字第043924號
CAT01,肌肉骨骼疼痛與發炎,ING0035,Prednisolone,,1,0,281,1,0.0036,1.0000,6.0,普利爽蒙片,衛署藥製字第000819號
CAT01,肌肉骨骼疼痛與發炎,ING0036,Resin,,1,0,281,1,0.0036,1.0000,6.0,辣椒膏,衛署藥製字第003950號
CAT01,肌肉骨骼疼痛與發炎,ING0029,Rose Oil,,1,0,281,1,0.0036,1.0000,6.0,大維貼痠痛藥布,衛署成製字第005666號
CAT01,肌肉骨骼疼痛與發炎,ING0073,Rosskastanien Extract,,1,0,281,1,0.0036,1.0000,6.0,三共藥布劑,衛署藥輸字第018475號
CAT01,肌肉骨骼疼痛與發炎,ING0009,Sulfanilamide,,1,0,281,1,0.0036,1.0000,6.0,化能膏,內衛藥製字第015731號
CAT01,肌肉骨骼疼痛與發炎,ING0063,Tocopherol (Acetate Alpha Dl- ),,1,0,281,1,0.0036,1.0000,6.0,三箭水性鎮痛藥膏布,衛署藥製字第047842號
CAT01,肌肉骨骼疼痛與發炎,ING0076,Tocopherol Alpha Dl- (Eq To Dl-Alpha Tocopherol),,1,0,281,1,0.0036,1.0000,6.0,"""大協"" 紓得好貼布",衛署藥輸字第022068號
CAT01,肌肉骨骼疼痛與發炎,ING0008,Salicylic acid,,1,1,281,15,0.0036,0.0667,1.5,吉品貼布,衛署藥輸字第022519號
CAT02,外傷與軟組織損傷,ING0003,Menthol,,90,41,136,124,0.6618,0.7258,69.3,"撒隆巴斯;巴士;撒隆濕布;涼涼涼鎮痛藥布;白金膏;奧林巴斯;""人生""舒寧巴斯;痛穩好藥布;歡喜巴斯;""正光"" 巴斯藥膠布;悅心巴斯膏布;濕痛膏布;除痠痛膏布;濕痛藥膏布;金龍藥膏布;大維好安巴斯;濕痛布;""德山"" 免酸痛藥膠布;""德山""鎮痛藥膠布;""德山""青皮藥膠布;耐斯藥膠布;""德山""象印膏藥膠布;疼痛膏;三陽朝日膏;人生舒冷巴佈膏;虎標永安堂萬金油（紅）;虎標永安堂萬金油（白）;抗痛寧舒布;曼秀雷敦鎮痛水性藥膠布;""得生""剋百痛藥布;""得生"" 滅痠痛藥布;""真富""薄荷膏藥膠布;鐵甲貼布;""三陽"" 痠痛萬金膏;""三陽"" 痠痛金絲膏藥布;""陽生"" 鎮痛膏布;舒百達藥膠布;寶安藥膠布;舒必達藥膠布;""德山""祛酸痛藥膠布;""德山""祛風濕藥膠布;""得生""安可巴斯;巴巴痛;舒爾痛;溫貼喜布;萬應紅花溫感藥布;""港香蘭""撲來貼藥布;巴貼斯巴佈膏藥膠布;巴斯達巴佈膏藥膠布;""生春""貼酸明痠痛布;""得生""滅痛藥布;抗痛舒佈藥膠布;貼可喜布;曼秀雷敦熱力鎮痛藥膠布;救痛藥布;德國薄荷標消炎膏;虎標鎮痛藥布;""德山""筋來爽藥膠布;""德山"" 舒痠痛藥布;奔肌滲透止痛貼;三箭水性鎮痛藥膏布;""漁人"" 療痛貼藥膠布;〝近江兄弟〞萬痛安酸痛貼布;""得生"" 貼立舒喜布;〝護民〞緩痛貼藥膠布;〝德山〞運動巴斯藥膠布;〝國品〞療舒貼藥膠布;”得生”易貼巴佈膏貼布;脫酸寧透明藥布;脫酸寧藥膠布;敵疼貼布;脫酸寧涼藥布;痛貼貼貼片劑;快舒服－優貼布劑;日本三笠藥膠布Ｇ;日本三笠溫感藥膠布;藤澤藥膠布;日本祐德巴斯貼布劑;大正愛舒酸痛貼布;""大協"" 紓得好貼布;撒隆適布;吉品貼布;撒隆適布肌兒帕奇貼片;痛貼貼溫感貼片劑;撒隆巴斯舒適貼;""得生""水楊酸甲酯藥膠布 10%;曼秀雷敦熱力酸痛藥布",內衛成製字第000061號;內衛成製字第000971號;衛署成製字第002108號;衛署成製字第002303號;衛署成製字第003051號;衛署成製字第003240號;衛署成製字第003332號;衛署成製字第003346號;衛署成製字第003380號;衛署成製字第003786號;衛署成製字第003972號;衛署成製字第004085號;衛署成製字第004090號;衛署成製字第004121號;衛署成製字第004124號;衛署成製字第004211號;衛署成製字第004545號;衛署成製字第005641號;衛署成製字第005667號;衛署成製字第005700號;衛署成製字第005716號;衛署成製字第005830號;衛署成製字第005910號;衛署成製字第006647號;衛署成製字第007361號;衛署成製字第007868號;衛署成製字第008494號;衛署成製字第009355號;衛署成製字第009356號;衛署成製字第010319號;衛署成製字第010389號;衛署成製字第011644號;衛署成製字第013194號;衛署成製字第015313號;衛署成輸字第000001號;衛署藥製字第011334號;衛署藥製字第017039號;衛署藥製字第021345號;衛署藥製字第022741號;衛署藥製字第023884號;衛署藥製字第027399號;衛署藥製字第027581號;衛署藥製字第028231號;衛署藥製字第032919號;衛署藥製字第033155號;衛署藥製字第033156號;衛署藥製字第034095號;衛署藥製字第035217號;衛署藥製字第035322號;衛署藥製字第035323號;衛署藥製字第035703號;衛署藥製字第038310號;衛署藥製字第039767號;衛署藥製字第039768號;衛署藥製字第040204號;衛署藥製字第040515號;衛署藥製字第040929號;衛署藥製字第042882號;衛署藥製字第043030號;衛署藥製字第043430號;衛署藥製字第045173號;衛署藥製字第047605號;衛署藥製字第047842號;衛署藥製字第048163號;衛署藥製字第048748號;衛署藥製字第049007號;衛署藥製字第049355號;衛署藥製字第049460號;衛署藥製字第049614號;衛署藥製字第049675號;衛署藥輸字第018206號;衛署藥輸字第018359號;衛署藥輸字第018494號;衛署藥輸字第018627號;衛署藥輸字第018861號;衛署藥輸字第019142號;衛署藥輸字第019787號;衛署藥輸字第019788號;衛署藥輸字第020565號;衛署藥輸字第020601號;衛署藥輸字第021138號;衛署藥輸字第022068號;衛署藥輸字第022347號;衛署藥輸字第022519號;衛署藥輸字第022601號;衛署藥輸字第023545號;衛署藥輸字第025000號;衛署藥輸字第025157號;衛部藥製字第058105號;衛部藥製字第059851號
CAT02,外傷與軟組織損傷,ING0002,Camphor,,85,37,136,119,0.6250,0.7143,66.8,"撒隆巴斯;巴士;撒隆濕布;涼涼涼鎮痛藥布;白金膏;""人生""舒寧巴斯;歡喜巴斯;""正光"" 巴斯藥膠布;百珍膏布;悅心巴斯膏布;濕痛膏布;除痠痛膏布;濕痛藥膏布;黃金膏;大維好安巴斯;濕痛布;""德山"" 免酸痛藥膠布;""德山""鎮痛藥膠布;""德山""青皮藥膠布;耐斯藥膠布;""德山""象印膏藥膠布;疼痛膏;三陽朝日膏;人生舒冷巴佈膏;人生溫感巴佈膏;虎標永安堂萬金油（紅）;虎標永安堂萬金油（白）;熱龍巴布;抗痛寧舒布;曼秀雷敦鎮痛水性藥膠布;""得生""剋百痛藥布;""得生"" 滅痠痛藥布;""真富""薄荷膏藥膠布;鐵甲貼布;""三陽"" 痠痛萬金膏;""三陽"" 痠痛金絲膏藥布;""陽生"" 鎮痛膏布;貼溫藥膏布;舒百達藥膠布;寶安藥膠布;舒必達藥膠布;""德山""祛酸痛藥膠布;""德山""祛風濕藥膠布;""得生""安可巴斯;巴巴痛;舒爾痛;溫貼喜布;萬應紅花溫感藥布;巴貼斯巴佈膏藥膠布;巴斯達巴佈膏藥膠布;""生春""貼酸明痠痛布;""得生""滅痛藥布;抗痛舒佈藥膠布;貼可喜布;救痛藥布;德國薄荷標消炎膏;虎標鎮痛藥布;""德山""筋來爽藥膠布;""德山"" 舒痠痛藥布;奔肌滲透止痛貼;三箭水性鎮痛藥膏布;""漁人"" 療痛貼藥膠布;〝近江兄弟〞萬痛安酸痛貼布;""得生"" 貼立舒喜布;〝護民〞緩痛貼藥膠布;〝德山〞運動巴斯藥膠布;〝國品〞療舒貼藥膠布;”得生”易貼巴佈膏貼布;脫酸寧透明藥布;脫酸寧藥膠布;敵疼貼布;膚克舒貼布;脫酸寧涼藥布;好克斯貼布;痛貼貼貼片劑;快舒服－優貼布劑;日本三笠藥膠布Ｇ;日本三笠溫感藥膠布;藤澤藥膠布;熱克百疼貼布劑;""大協"" 紓得好貼布;撒隆適布;吉品貼布;撒隆適布肌兒帕奇貼片;痛貼貼溫感貼片劑",內衛成製字第000061號;內衛成製字第000971號;衛署成製字第002108號;衛署成製字第002303號;衛署成製字第003051號;衛署成製字第003332號;衛署成製字第003380號;衛署成製字第003786號;衛署成製字第003836號;衛署成製字第003972號;衛署成製字第004085號;衛署成製字第004090號;衛署成製字第004121號;衛署成製字第004435號;衛署成製字第004545號;衛署成製字第005641號;衛署成製字第005667號;衛署成製字第005700號;衛署成製字第005716號;衛署成製字第005830號;衛署成製字第005910號;衛署成製字第006647號;衛署成製字第007361號;衛署成製字第007868號;衛署成製字第008368號;衛署成製字第009355號;衛署成製字第009356號;衛署成製字第009438號;衛署成製字第010319號;衛署成製字第010389號;衛署成製字第011644號;衛署成製字第013194號;衛署成製字第015313號;衛署成輸字第000001號;衛署藥製字第011334號;衛署藥製字第017039號;衛署藥製字第021345號;衛署藥製字第022623號;衛署藥製字第022741號;衛署藥製字第023884號;衛署藥製字第027399號;衛署藥製字第027581號;衛署藥製字第028231號;衛署藥製字第032919號;衛署藥製字第033155號;衛署藥製字第033156號;衛署藥製字第034095號;衛署藥製字第035217號;衛署藥製字第035323號;衛署藥製字第035703號;衛署藥製字第038310號;衛署藥製字第039767號;衛署藥製字第039768號;衛署藥製字第040204號;衛署藥製字第040929號;衛署藥製字第042882號;衛署藥製字第043030號;衛署藥製字第043430號;衛署藥製字第045173號;衛署藥製字第047605號;衛署藥製字第047842號;衛署藥製字第048163號;衛署藥製字第048748號;衛署藥製字第049007號;衛署藥製字第049355號;衛署藥製字第049460號;衛署藥製字第049614號;衛署藥製字第049675號;衛署藥輸字第018206號;衛署藥輸字第018359號;衛署藥輸字第018494號;衛署藥輸字第018582號;衛署藥輸字第018627號;衛署藥輸字第018709號;衛署藥輸字第018861號;衛署藥輸字第019142號;衛署藥輸字第019787號;衛署藥輸字第019788號;衛署藥輸字第020565號;衛署藥輸字第021384號;衛署藥輸字第022068號;衛署藥輸字第022347號;衛署藥輸字第022519號;衛署藥輸字第023545號;衛署藥輸字第025000號
CAT02,外傷與軟組織損傷,ING0007,Methyl salicylate,,63,23,136,94,0.4632,0.6702,55.7,"撒隆巴斯;巴士;撒隆濕布;涼涼涼鎮痛藥布;白金膏;奧林巴斯;""人生""舒寧巴斯;痛穩好藥布;歡喜巴斯;""正光"" 巴斯藥膠布;百珍膏布;悅心巴斯膏布;濕痛膏布;除痠痛膏布;濕痛藥膏布;黃金膏;大維好安巴斯;治痛巴斯藥膠布;濕痛布;""德山"" 免酸痛藥膠布;""德山""鎮痛藥膠布;""德山""青皮藥膠布;""德山""象印膏藥膠布;三陽朝日膏;抗痛寧舒布;""得生""剋百痛藥布;""得生"" 滅痠痛藥布;""真富""薄荷膏藥膠布;撒隆巴斯－益;""三陽"" 痠痛萬金膏;""三陽"" 痠痛金絲膏藥布;""陽生"" 鎮痛膏布;貼溫藥膏布;舒百達藥膠布;寶安藥膠布;舒必達藥膠布;""德山""祛酸痛藥膠布;""德山""祛風濕藥膠布;""得生""安可巴斯;舒爾痛;溫貼喜布;萬應紅花溫感藥布;""港香蘭""撲來貼藥布;巴貼斯巴佈膏藥膠布;巴斯達巴佈膏藥膠布;""得生""滅痛藥布;奔肌滲透止痛貼;〝近江兄弟〞萬痛安酸痛貼布;〝德山〞運動巴斯藥膠布;”得生”易貼巴佈膏貼布;脫酸寧藥膠布;敵疼貼布;好克斯貼布;痛貼貼貼片劑;快舒服－優貼布劑;日本三笠溫感藥膠布;熱克百疼貼布劑;痛貼貼溫感貼片劑;撒隆巴斯舒適貼;""得生""水楊酸甲酯藥膠布 10%",內衛成製字第000061號;內衛成製字第000971號;衛署成製字第002108號;衛署成製字第002303號;衛署成製字第003051號;衛署成製字第003240號;衛署成製字第003332號;衛署成製字第003346號;衛署成製字第003380號;衛署成製字第003786號;衛署成製字第003836號;衛署成製字第003972號;衛署成製字第004085號;衛署成製字第004090號;衛署成製字第004121號;衛署成製字第004124號;衛署成製字第004435號;衛署成製字第004545號;衛署成製字第005229號;衛署成製字第005641號;衛署成製字第005667號;衛署成製字第005700號;衛署成製字第005716號;衛署成製字第005910號;衛署成製字第007361號;衛署成製字第008493號;衛署成製字第008494號;衛署成製字第010319號;衛署成製字第011644號;衛署成製字第013194號;衛署成製字第015313號;衛署藥製字第008962號;衛署藥製字第011334號;衛署藥製字第017039號;衛署藥製字第021345號;衛署藥製字第022623號;衛署藥製字第022741號;衛署藥製字第023884號;衛署藥製字第027399號;衛署藥製字第027581號;衛署藥製字第028231號;衛署藥製字第032919號;衛署藥製字第033156號;衛署藥製字第034095號;衛署藥製字第035217號;衛署藥製字第035322號;衛署藥製字第035323號;衛署藥製字第035703號;衛署藥製字第039767號;衛署藥製字第047605號;衛署藥製字第048748號;衛署藥製字第049460號;衛署藥製字第049675號;衛署藥輸字第018359號;衛署藥輸字第018494號;衛署藥輸字第018709號;衛署藥輸字第018861號;衛署藥輸字第019142號;衛署藥輸字第019788號;衛署藥輸字第021384號;衛署藥輸字第025000號;衛署藥輸字第025157號;衛部藥製字第058105號
CAT02,外傷與軟組織損傷,ING0056,Flurbiprofen,,18,16,136,18,0.1324,1.0000,36.4,"富帝芬貼片;氟比洛芬貼布　〝漁人〞;""生春"" 伏痛貼布 (氟白普洛芬);""得生""袪痛貼貼片;氟洛吩貼片;""立康"" 敷炎痛貼布(氟白普洛芬);""美立堅""免普芬貼布(氟白普洛芬);人生非比波芬酸痛貼布;岐黃痠痛貼藥膠布(氟白普洛芬);佛比普珞芬貼片;〝英全〞富比芬水性貼布 (氟白普洛芬);滅酸寧藥膠布;〝派源〞貼適舒藥膠布;〝國品〞貼痛安藥膠布;〝護民〞氟比洛芬藥膠布;伏痛普珞藥布（油性基劑）;""得生""達那芬藥布(油性基劑);祐德痛能健貼片",衛署藥製字第040358號;衛署藥製字第043180號;衛署藥製字第045599號;衛署藥製字第046451號;衛署藥製字第046453號;衛署藥製字第046459號;衛署藥製字第047645號;衛署藥製字第048448號;衛署藥製字第048658號;衛署藥製字第048783號;衛署藥製字第048799號;衛署藥製字第048883號;衛署藥製字第049107號;衛署藥製字第049208號;衛署藥製字第049235號;衛署藥製字第049848號;衛署藥製字第056771號;衛署藥輸字第025152號
CAT02,外傷與軟組織損傷,ING0005,Thymol,,22,3,136,29,0.1618,0.7586,35.0,"撒隆巴斯;巴士;撒隆濕布;白金膏;""人生""舒寧巴斯;歡喜巴斯;""正光"" 巴斯藥膠布;悅心巴斯膏布;除痠痛膏布;濕痛藥膏布;金龍藥膏布;黃金膏;大維好安巴斯;濕痛布;""德山""青皮藥膠布;耐斯藥膠布;疼痛膏;""德山""祛酸痛藥膠布;""得生""安可巴斯;脫酸寧藥膠布;脫酸寧涼藥布;日本三笠溫感藥膠布",內衛成製字第000061號;內衛成製字第000971號;衛署成製字第002108號;衛署成製字第003051號;衛署成製字第003332號;衛署成製字第003380號;衛署成製字第003786號;衛署成製字第003972號;衛署成製字第004090號;衛署成製字第004121號;衛署成製字第004211號;衛署成製字第004435號;衛署成製字第004545號;衛署成製字第005641號;衛署成製字第005716號;衛署成製字第005830號;衛署成製字第006647號;衛署藥製字第027581號;衛署藥製字第032919號;衛署藥輸字第018359號;衛署藥輸字第018627號;衛署藥輸字第019788號
CAT02,外傷與軟組織損傷,ING0017,Glycol Salicylate,,26,16,136,44,0.1912,0.5909,33.6,"歡喜巴斯;人生舒冷巴佈膏;人生溫感巴佈膏;熱龍巴布;""德山""祛酸痛藥膠布;舒爾痛;""港香蘭""撲來貼藥布;""生春""貼酸明痠痛布;抗痛舒佈藥膠布;貼可喜布;曼秀雷敦熱力鎮痛藥膠布;救痛藥布;德國薄荷標消炎膏;""德山""筋來爽藥膠布;三箭水性鎮痛藥膏布;""漁人"" 療痛貼藥膠布;〝護民〞緩痛貼藥膠布;〝國品〞療舒貼藥膠布;脫酸寧透明藥布;日本三笠藥膠布Ｇ;日本祐德巴斯貼布劑;大正愛舒酸痛貼布;撒隆適布;撒隆適布肌兒帕奇貼片;曼秀雷敦熱力酸痛藥布",衛署成製字第003380號;衛署成製字第007868號;衛署成製字第008368號;衛署成製字第009438號;衛署藥製字第027581號;衛署藥製字第033156號;衛署藥製字第035322號;衛署藥製字第038310號;衛署藥製字第039768號;衛署藥製字第040204號;衛署藥製字第040515號;衛署藥製字第040929號;衛署藥製字第042882號;衛署藥製字第043430號;衛署藥製字第047842號;衛署藥製字第048163號;衛署藥製字第049355號;衛署藥製字第049614號;衛署藥輸字第018206號;衛署藥輸字第019787號;衛署藥輸字第020601號;衛署藥輸字第021138號;衛署藥輸字第022347號;衛署藥輸字第022601號;衛署藥輸字第023545號;衛部藥製字第059851號
CAT02,外傷與軟組織損傷,ING0033,Tocopherol Acetate Alpha Dl-,,17,11,136,22,0.1250,0.7727,31.1,"人生舒冷巴佈膏;人生溫感巴佈膏;熱龍巴布;""得生""安可巴斯;巴巴痛;巴斯達巴佈膏藥膠布;抗痛舒佈藥膠布;德國薄荷標消炎膏;""德山""筋來爽藥膠布;""漁人"" 療痛貼藥膠布;〝護民〞緩痛貼藥膠布;〝國品〞療舒貼藥膠布;”得生”易貼巴佈膏貼布;大正愛舒酸痛貼布;撒隆適布;曼秀雷敦熱力酸痛藥布",衛署成製字第007868號;衛署成製字第008368號;衛署成製字第009438號;衛署藥製字第032919號;衛署藥製字第033155號;衛署藥製字第035703號;衛署藥製字第039768號;衛署藥製字第042882號;衛署藥製字第043430號;衛署藥製字第048163號;衛署藥製字第049355號;衛署藥製字第049614號;衛署藥製字第049675號;衛署藥輸字第021138號;衛署藥輸字第022347號;衛署藥輸字第022601號;衛部藥製字第059851號
CAT02,外傷與軟組織損傷,ING0023,Mentha Oil,,12,2,136,14,0.0882,0.8571,27.5,濕痛藥膏布;鐵甲貼布;虎標鎮痛藥布;脫酸寧透明藥布;脫酸寧藥膠布;膚克舒貼布;脫酸寧涼藥布;好克斯貼布;痛貼貼貼片劑;日本三笠藥膠布Ｇ;藤澤藥膠布;痛貼貼溫感貼片劑,衛署成製字第004121號;衛署成輸字第000001號;衛署藥製字第043030號;衛署藥輸字第018206號;衛署藥輸字第018359號;衛署藥輸字第018582號;衛署藥輸字第018627號;衛署藥輸字第018709號;衛署藥輸字第018861號;衛署藥輸字第019787號;衛署藥輸字第020565號;衛署藥輸字第025000號
CAT02,外傷與軟組織損傷,ING0019,Peppermint Oil (Oleum Menth Pip),,11,4,136,12,0.0809,0.9167,27.2,"百珍膏布;金龍藥膏布;黃金膏;""德山""青皮藥膠布;耐斯藥膠布;""德山""象印膏藥膠布;疼痛膏;""三陽"" 痠痛萬金膏;寶安藥膠布;""德山""祛風濕藥膠布;""德山"" 舒痠痛藥布",衛署成製字第003836號;衛署成製字第004211號;衛署成製字第004435號;衛署成製字第005716號;衛署成製字第005830號;衛署成製字第005910號;衛署成製字第006647號;衛署藥製字第011334號;衛署藥製字第023884號;衛署藥製字第028231號;衛署藥製字第045173號
CAT02,外傷與軟組織損傷,ING0012,Diphenhydramine Hcl,,15,6,136,26,0.1103,0.5769,25.2,"""正光"" 巴斯藥膠布;濕痛膏布;大維好安巴斯;""德山""鎮痛藥膠布;爽樂巴斯藥膠布;舒爾痛;溫貼喜布;萬應紅花溫感藥布;巴斯達巴佈膏藥膠布;""生春""貼酸明痠痛布;貼可喜布;敵疼貼布;膚克舒貼布;日本三笠藥膠布Ｇ;日本三笠溫感藥膠布",衛署成製字第003786號;衛署成製字第004085號;衛署成製字第004545號;衛署成製字第005700號;衛署藥製字第033057號;衛署藥製字第033156號;衛署藥製字第034095號;衛署藥製字第035217號;衛署藥製字第035703號;衛署藥製字第038310號;衛署藥製字第040204號;衛署藥輸字第018494號;衛署藥輸字第018582號;衛署藥輸字第019787號;衛署藥輸字第019788號
CAT02,外傷與軟組織損傷,ING0004,Borneol,,10,1,136,12,0.0735,0.8333,24.8,"撒隆巴斯;巴士;奧林巴斯;痛穩好藥布;歡喜巴斯;""正光"" 巴斯藥膠布;濕痛膏布;大維好安巴斯;""德山""祛酸痛藥膠布",內衛成製字第000061號;內衛成製字第000971號;衛署成製字第003240號;衛署成製字第003346號;衛署成製字第003380號;衛署成製字第003786號;衛署成製字第004085號;衛署成製字第004545號;衛署成製字第008494號;衛署藥製字第027581號
CAT02,外傷與軟組織損傷,ING0028,Eucalyptus Oil (Oleum Eucalypti),,9,5,136,10,0.0662,0.9000,24.4,"耐斯藥膠布;""德山""象印膏藥膠布;曼秀雷敦鎮痛水性藥膠布;鐵甲貼布;寶安藥膠布;虎標鎮痛藥布;""德山"" 舒痠痛藥布;""得生"" 貼立舒喜布;藤澤藥膠布",衛署成製字第005830號;衛署成製字第005910號;衛署成製字第010389號;衛署成輸字第000001號;衛署藥製字第023884號;衛署藥製字第043030號;衛署藥製字第045173號;衛署藥製字第049007號;衛署藥輸字第020565號
CAT02,外傷與軟組織損傷,ING0006,Diphenhydramine,,12,1,136,18,0.0882,0.6667,24.3,"撒隆巴斯;撒隆濕布;涼涼涼鎮痛藥布;黃金膏;""三陽"" 痠痛金絲膏藥布;""陽生"" 鎮痛膏布;舒百達藥膠布;舒必達藥膠布;""德山""祛酸痛藥膠布;""得生""安可巴斯;好克斯貼布;痛貼貼貼片劑",內衛成製字第000061號;衛署成製字第002108號;衛署成製字第002303號;衛署成製字第004435號;衛署藥製字第017039號;衛署藥製字第021345號;衛署藥製字第022741號;衛署藥製字第027399號;衛署藥製字第027581號;衛署藥製字第032919號;衛署藥輸字第018709號;衛署藥輸字第018861號
CAT02,外傷與軟組織損傷,ING0011,Phellodendron Extract,,7,4,136,8,0.0515,0.8750,21.2,"化能膏;""三陽"" 痠痛萬金膏;寶安藥膠布;""德山""祛風濕藥膠布;萬應紅花溫感藥布;""得生""滅痛藥布;〝德山〞運動巴斯藥膠布",內衛藥製字第015731號;衛署藥製字第011334號;衛署藥製字第023884號;衛署藥製字第028231號;衛署藥製字第035217號;衛署藥製字第039767號;衛署藥製字第049460號
CAT02,外傷與軟組織損傷,ING0010,Scopolia Extract,,7,1,136,8,0.0515,0.8750,21.2,"化能膏;奧林巴斯;痛穩好藥布;""三陽"" 痠痛萬金膏;寶安藥膠布;""德山""祛風濕藥膠布",內衛藥製字第015731號;衛署成製字第003240號;衛署成製字第003346號;衛署成製字第008494號;衛署藥製字第011334號;衛署藥製字第023884號;衛署藥製字第028231號
CAT02,外傷與軟組織損傷,ING0044,Nonylic-Vanillylamide,,6,1,136,6,0.0441,1.0000,21.0,渡邊 久金膏;曼秀雷敦熱力鎮痛藥膠布;脫酸寧溫藥布;脫酸寧涼藥布;痛貼貼貼片劑;日本三笠溫感藥膠布,衛署藥製字第015679號;衛署藥製字第040515號;衛署藥輸字第018626號;衛署藥輸字第018627號;衛署藥輸字第018861號;衛署藥輸字第019788號
CAT02,外傷與軟組織損傷,ING0020,Gardenia Fruit Powder,,5,0,136,5,0.0368,1.0000,19.2,百珍膏布;金龍藥膏布;黃金膏;耐斯藥膠布;藤澤藥膠布,衛署成製字第003836號;衛署成製字第004211號;衛署成製字第004435號;衛署成製字第005830號;衛署藥輸字第020565號
CAT02,外傷與軟組織損傷,ING0001,Zinc Oxide,,10,3,136,22,0.0735,0.4545,18.3,"撒隆巴斯;撒隆濕布;痛穩好藥布;歡喜巴斯;濕痛膏布;""德山"" 免酸痛藥膠布;""德山""象印膏藥膠布;""真富""薄荷膏藥膠布;渡邊 久金膏;""得生""安可巴斯",內衛成製字第000061號;衛署成製字第002108號;衛署成製字第003346號;衛署成製字第003380號;衛署成製字第004085號;衛署成製字第005667號;衛署成製字第005910號;衛署成製字第015313號;衛署藥製字第015679號;衛署藥製字第032919號
CAT02,外傷與軟組織損傷,ING0048,Glycyrrhizinic Acid (Eq To Glycyrrhetinic Acid Glycoside)(Eq To Glycyrrhizic Acid ),,6,2,136,9,0.0441,0.6667,17.1,"""陽生"" 鎮痛膏布;舒必達藥膠布;""生春""貼酸明痠痛布;貼可喜布;敵疼貼布;藤澤藥膠布",衛署藥製字第021345號;衛署藥製字第027399號;衛署藥製字第038310號;衛署藥製字第040204號;衛署藥輸字第018494號;衛署藥輸字第020565號
CAT02,外傷與軟組織損傷,ING0074,Monoglycol Salicylate,,4,0,136,4,0.0294,1.0000,17.1,膚克舒貼布;脫酸寧溫藥布;脫酸寧涼藥布;好克斯貼布,衛署藥輸字第018582號;衛署藥輸字第018626號;衛署藥輸字第018627號;衛署藥輸字第018709號
CAT02,外傷與軟組織損傷,ING0045,Tocopherol Alpha-,,4,0,136,4,0.0294,1.0000,17.1,"""三陽"" 痠痛金絲膏藥布;""陽生"" 鎮痛膏布;舒百達藥膠布;舒必達藥膠布",衛署藥製字第017039號;衛署藥製字第021345號;衛署藥製字第022741號;衛署藥製字第027399號
CAT02,外傷與軟組織損傷,ING0049,Tocopherol Acetate,,8,5,136,18,0.0588,0.4444,16.2,"""生春""貼酸明痠痛布;貼可喜布;脫酸寧藥膠布;敵疼貼布;痛貼貼貼片劑;吉品貼布;撒隆適布肌兒帕奇貼片;痛貼貼溫感貼片劑",衛署藥製字第038310號;衛署藥製字第040204號;衛署藥輸字第018359號;衛署藥輸字第018494號;衛署藥輸字第018861號;衛署藥輸字第022519號;衛署藥輸字第023545號;衛署藥輸字第025000號
CAT02,外傷與軟組織損傷,ING0016,Chlorpheniramine Maleate,,5,1,136,7,0.0368,0.7143,16.2,"奧林巴斯;""三陽"" 痠痛萬金膏;寶安藥膠布;""德山""祛風濕藥膠布",衛署成製字第003240號;衛署成製字第008494號;衛署藥製字第011334號;衛署藥製字第023884號;衛署藥製字第028231號
CAT02,外傷與軟組織損傷,ING0018,Phellodendron Bark Powder (Eq To Powdered Phellodendron Bark),,4,0,136,5,0.0294,0.8000,15.3,百珍膏布;黃金膏;耐斯藥膠布;藤澤藥膠布,衛署成製字第003836號;衛署成製字第004435號;衛署成製字第005830號;衛署藥輸字第020565號
CAT02,外傷與軟組織損傷,ING0026,Capsicum,,9,2,136,37,0.0662,0.2432,12.7,治痛巴斯藥膠布;人生溫感巴佈膏;熱龍巴布;朝日辣椒膏;貼溫藥膏布;溫貼喜布;萬應紅花溫感藥布;熱克百疼貼布劑,衛署成製字第005229號;衛署成製字第008368號;衛署成製字第008493號;衛署成製字第009438號;衛署藥製字第020099號;衛署藥製字第022623號;衛署藥製字第034095號;衛署藥製字第035217號;衛署藥輸字第021384號
CAT02,外傷與軟組織損傷,ING0034,Cajuput Oil,,2,0,136,2,0.0147,1.0000,12.1,虎標永安堂萬金油（紅）;虎標永安堂萬金油（白）,衛署成製字第009355號;衛署成製字第009356號
CAT02,外傷與軟組織損傷,ING0031,D-Borneol,,2,0,136,2,0.0147,1.0000,12.1,疼痛膏;渡邊 久金膏,衛署成製字第006647號;衛署藥製字第015679號
CAT02,外傷與軟組織損傷,ING0030,Salicyl Ethylene Glycol,,2,0,136,2,0.0147,1.0000,12.1,"疼痛膏;""大協"" 紓得好貼布",衛署成製字第006647號;衛署藥輸字第022068號
CAT02,外傷與軟組織損傷,ING0027,Clove Oil,,2,0,136,3,0.0147,0.6667,9.9,虎標永安堂萬金油（紅）;虎標永安堂萬金油（白）,衛署成製字第009355號;衛署成製字第009356號
CAT02,外傷與軟組織損傷,ING0052,Glycyrrhetic Acid (Eq To Glycyrrhetinic Acid),,2,2,136,3,0.0147,0.6667,9.9,萬應紅花溫感藥布;痛貼貼溫感貼片劑,衛署藥製字第035217號;衛署藥輸字第025000號
CAT02,外傷與軟組織損傷,ING0051,Indomethacin,,6,0,136,35,0.0441,0.1714,8.7,運動藥膠布;克痛運動藥膠布５公絲/公克（引朵美酒辛）〝葡萄王〞;歐可藥布（  美酒辛）;“協宏”克異痛貼布;愛敏絆貼片劑;克百疼貼片劑,衛署藥製字第035005號;衛署藥製字第035872號;衛署藥製字第035982號;衛署藥製字第038608號;衛署藥輸字第019697號;衛署藥輸字第021213號
CAT02,外傷與軟組織損傷,ING0043,Glycol Monosalicylate,,2,1,136,4,0.0147,0.5000,8.6,巴巴痛;脫酸寧藥膠布,衛署藥製字第033155號;衛署藥輸字第018359號
CAT02,外傷與軟組織損傷,ING0082,4-Hydroxy-3-Methoxybenzyl Nonylic Acid Amide,,1,1,136,1,0.0074,1.0000,8.6,痛貼貼溫感貼片劑,衛署藥輸字第025000號
CAT02,外傷與軟組織損傷,ING0013,Bentonite,,1,0,136,1,0.0074,1.0000,8.6,撒隆濕布,衛署成製字第002108號
CAT02,外傷與軟組織損傷,ING0015,Carbo Med.,,1,0,136,1,0.0074,1.0000,8.6,涼涼涼鎮痛藥布,衛署成製字第002303號
CAT02,外傷與軟組織損傷,ING0057,Dl-Alpha-Tocopherol Acetate,,1,1,136,1,0.0074,1.0000,8.6,救痛藥布,衛署藥製字第040929號
CAT02,外傷與軟組織損傷,ING0032,GLYCERIN (eq to GLYCEROL),,1,0,136,1,0.0074,1.0000,8.6,疼痛膏,衛署成製字第006647號
CAT02,外傷與軟組織損傷,ING0053,Hydrocortisone Acetate,,1,1,136,1,0.0074,1.0000,8.6,巴斯達巴佈膏藥膠布,衛署藥製字第035703號
CAT02,外傷與軟組織損傷,ING0014,Kaolin (White)(Bolus Alba),,1,0,136,1,0.0074,1.0000,8.6,撒隆濕布,衛署成製字第002108號
CAT02,外傷與軟組織損傷,ING0040,Menthone,,1,0,136,1,0.0074,1.0000,8.6,撒隆巴斯－益,衛署藥製字第008962號
CAT02,外傷與軟組織損傷,ING0047,Phenocoll,,1,0,136,1,0.0074,1.0000,8.6,朝日辣椒膏,衛署藥製字第020099號
CAT02,外傷與軟組織損傷,ING0060,Piroxicam,,1,1,136,1,0.0074,1.0000,8.6,"""大豐""舒筋鎮凝膠10毫克/公克",衛署藥製字第043924號
CAT02,外傷與軟組織損傷,ING0009,Sulfanilamide,,1,0,136,1,0.0074,1.0000,8.6,化能膏,內衛藥製字第015731號
CAT02,外傷與軟組織損傷,ING0063,Tocopherol (Acetate Alpha Dl- ),,1,0,136,1,0.0074,1.0000,8.6,三箭水性鎮痛藥膏布,衛署藥製字第047842號
CAT02,外傷與軟組織損傷,ING0076,Tocopherol Alpha Dl- (Eq To Dl-Alpha Tocopherol),,1,0,136,1,0.0074,1.0000,8.6,"""大協"" 紓得好貼布",衛署藥輸字第022068號
CAT02,外傷與軟組織損傷,ING0055,Ketoprofen,,5,4,136,34,0.0368,0.1471,7.4,"""中菱"" 袪痛藥膠布;均隆驅風油消炎鎮痛水性貼布（可多普洛菲）;""生春"" 貼痠克痛貼布 (可多普洛菲);舒痛寧貼布;克痛藥膠布30毫克",衛署藥製字第039389號;衛署藥製字第039712號;衛署藥製字第045598號;衛署藥輸字第024236號;衛署藥輸字第025673號
CAT02,外傷與軟組織損傷,ING0024,Olive Oil,,1,0,136,2,0.0074,0.5000,6.1,濕痛藥膏布,衛署成製字第004121號
CAT02,外傷與軟組織損傷,ING0025,Phellodendron Bark,,1,0,136,2,0.0074,0.5000,6.1,金龍藥膏布,衛署成製字第004211號
CAT02,外傷與軟組織損傷,ING0039,Zinc (Oxide),,1,0,136,3,0.0074,0.3333,5.0,撒隆巴斯－益,衛署藥製字第008962號
CAT02,外傷與軟組織損傷,ING0046,Tocopherol Acetate Alpha (Eq To Vit E Acetate) (Eq To Vitamin E Acetate),,1,0,136,8,0.0074,0.1250,3.0,爽樂巴斯藥膠布,衛署藥製字第033057號
CAT02,外傷與軟組織損傷,ING0008,Salicylic acid,,1,1,136,15,0.0074,0.0667,2.2,吉品貼布,衛署藥輸字第022519號
CAT03,神經痛與局部麻醉,ING0007,Methyl salicylate,,57,15,89,94,0.6404,0.6064,62.3,"撒隆巴斯;巴士;嘉伊娜巴斯;撒隆濕布;涼涼涼鎮痛藥布;奧林巴斯;""人生""舒寧巴斯;痛穩好藥布;歡喜巴斯;金龍膏;""正光"" 巴斯藥膠布;百珍膏布;悅心巴斯膏布;濕痛膏布;濕痛藥膏布;樂樂鎮痛藥膏布;〝三陽〞金系羔藥布;黃金膏;大維好安巴斯;治痛巴斯藥膠布;大維貼痠痛藥布;""德山"" 免酸痛藥膠布;""德山""鎮痛藥膠布;""德山""青皮藥膠布;""德山""象印膏藥膠布;舒痛巴佈膏〝葡萄王〞;""得生""舒痛藥布;""真富""薄荷膏藥膠布;撒隆巴斯－益;""三陽"" 痠痛萬金膏;""三陽"" 痠痛金絲膏藥布;""葡萄王"" 百克斯膏布;""陽生"" 鎮痛膏布;貼溫藥膏布;舒百達藥膠布;寶安藥膠布;舒可達藥膠布;舒必達藥膠布;""德山""祛酸痛藥膠布;""德山""祛風濕藥膠布;貼可藥膠布;美帝喜布藥膠布;易貼巴佈膏;溫貼喜布;生春痠痛寧藥膠布;貼可藥布;美帝喜布藥布;""得生""酸痛貼布;救筋酸痛布;福貼藥布;樂貼藥布;透骨痠痛布;痛貼貼貼片劑;痛貼貼溫感貼片劑",內衛成製字第000061號;內衛成製字第000971號;衛署成製字第001427號;衛署成製字第002108號;衛署成製字第002303號;衛署成製字第003240號;衛署成製字第003332號;衛署成製字第003346號;衛署成製字第003380號;衛署成製字第003598號;衛署成製字第003786號;衛署成製字第003836號;衛署成製字第003972號;衛署成製字第004085號;衛署成製字第004121號;衛署成製字第004124號;衛署成製字第004148號;衛署成製字第004218號;衛署成製字第004435號;衛署成製字第004545號;衛署成製字第005229號;衛署成製字第005666號;衛署成製字第005667號;衛署成製字第005700號;衛署成製字第005716號;衛署成製字第005910號;衛署成製字第008493號;衛署成製字第008494號;衛署成製字第009015號;衛署成製字第011077號;衛署成製字第015313號;衛署藥製字第008962號;衛署藥製字第011334號;衛署藥製字第017039號;衛署藥製字第019363號;衛署藥製字第021345號;衛署藥製字第022623號;衛署藥製字第022741號;衛署藥製字第023884號;衛署藥製字第027371號;衛署藥製字第027399號;衛署藥製字第027581號;衛署藥製字第028231號;衛署藥製字第032109號;衛署藥製字第032110號;衛署藥製字第032920號;衛署藥製字第034095號;衛署藥製字第034140號;衛署藥製字第037295號;衛署藥製字第037297號;衛署藥製字第037298號;衛署藥製字第038086號;衛署藥製字第038309號;衛署藥製字第038322號;衛署藥製字第040571號;衛署藥輸字第018861號;衛署藥輸字第025000號
CAT03,神經痛與局部麻醉,ING0003,Menthol,,55,15,89,124,0.6180,0.4435,52.4,"撒隆巴斯;巴士;嘉伊娜巴斯;撒隆濕布;涼涼涼鎮痛藥布;奧林巴斯;""人生""舒寧巴斯;痛穩好藥布;歡喜巴斯;金龍膏;""正光"" 巴斯藥膠布;悅心巴斯膏布;濕痛膏布;濕痛藥膏布;樂樂鎮痛藥膏布;金龍藥膏布;〝三陽〞金系羔藥布;大維好安巴斯;大維貼痠痛藥布;""德山"" 免酸痛藥膠布;""德山""鎮痛藥膠布;""德山""青皮藥膠布;耐斯藥膠布;""德山""象印膏藥膠布;疼痛膏;舒痛巴佈膏〝葡萄王〞;""得生""舒痛藥布;""真富""薄荷膏藥膠布;""三陽"" 痠痛萬金膏;""三陽"" 痠痛金絲膏藥布;""葡萄王"" 百克斯膏布;""陽生"" 鎮痛膏布;舒百達藥膠布;寶安藥膠布;舒可達藥膠布;舒必達藥膠布;""德山""祛酸痛藥膠布;""德山""祛風濕藥膠布;貼可藥膠布;美帝喜布藥膠布;易貼巴佈膏;溫貼喜布;生春痠痛寧藥膠布;貼可藥布;美帝喜布藥布;""得生""酸痛貼布;救筋酸痛布;福貼藥布;樂貼藥布;透骨痠痛布;脫酸寧涼藥布;痛貼貼貼片劑;痛貼貼溫感貼片劑",內衛成製字第000061號;內衛成製字第000971號;衛署成製字第001427號;衛署成製字第002108號;衛署成製字第002303號;衛署成製字第003240號;衛署成製字第003332號;衛署成製字第003346號;衛署成製字第003380號;衛署成製字第003598號;衛署成製字第003786號;衛署成製字第003972號;衛署成製字第004085號;衛署成製字第004121號;衛署成製字第004124號;衛署成製字第004148號;衛署成製字第004211號;衛署成製字第004218號;衛署成製字第004545號;衛署成製字第005666號;衛署成製字第005667號;衛署成製字第005700號;衛署成製字第005716號;衛署成製字第005830號;衛署成製字第005910號;衛署成製字第006647號;衛署成製字第008494號;衛署成製字第009015號;衛署成製字第011077號;衛署成製字第015313號;衛署藥製字第011334號;衛署藥製字第017039號;衛署藥製字第019363號;衛署藥製字第021345號;衛署藥製字第022741號;衛署藥製字第023884號;衛署藥製字第027371號;衛署藥製字第027399號;衛署藥製字第027581號;衛署藥製字第028231號;衛署藥製字第032109號;衛署藥製字第032110號;衛署藥製字第032920號;衛署藥製字第034095號;衛署藥製字第034140號;衛署藥製字第037295號;衛署藥製字第037297號;衛署藥製字第037298號;衛署藥製字第038086號;衛署藥製字第038309號;衛署藥製字第038322號;衛署藥製字第040571號;衛署藥輸字第018627號;衛署藥輸字第018861號;衛署藥輸字第025000號
CAT03,神經痛與局部麻醉,ING0002,Camphor,,53,15,89,119,0.5955,0.4454,51.5,"撒隆巴斯;巴士;嘉伊娜巴斯;撒隆濕布;涼涼涼鎮痛藥布;""人生""舒寧巴斯;歡喜巴斯;金龍膏;""正光"" 巴斯藥膠布;百珍膏布;悅心巴斯膏布;濕痛膏布;濕痛藥膏布;樂樂鎮痛藥膏布;〝三陽〞金系羔藥布;黃金膏;大維好安巴斯;大維貼痠痛藥布;""德山"" 免酸痛藥膠布;""德山""鎮痛藥膠布;""德山""青皮藥膠布;耐斯藥膠布;""德山""象印膏藥膠布;疼痛膏;舒痛巴佈膏〝葡萄王〞;""得生""舒痛藥布;""真富""薄荷膏藥膠布;""三陽"" 痠痛萬金膏;""三陽"" 痠痛金絲膏藥布;""葡萄王"" 百克斯膏布;""陽生"" 鎮痛膏布;貼溫藥膏布;舒百達藥膠布;寶安藥膠布;舒可達藥膠布;舒必達藥膠布;""德山""祛酸痛藥膠布;""德山""祛風濕藥膠布;貼可藥膠布;美帝喜布藥膠布;易貼巴佈膏;溫貼喜布;生春痠痛寧藥膠布;貼可藥布;美帝喜布藥布;""得生""酸痛貼布;救筋酸痛布;福貼藥布;樂貼藥布;透骨痠痛布;脫酸寧涼藥布;痛貼貼貼片劑;痛貼貼溫感貼片劑",內衛成製字第000061號;內衛成製字第000971號;衛署成製字第001427號;衛署成製字第002108號;衛署成製字第002303號;衛署成製字第003332號;衛署成製字第003380號;衛署成製字第003598號;衛署成製字第003786號;衛署成製字第003836號;衛署成製字第003972號;衛署成製字第004085號;衛署成製字第004121號;衛署成製字第004148號;衛署成製字第004218號;衛署成製字第004435號;衛署成製字第004545號;衛署成製字第005666號;衛署成製字第005667號;衛署成製字第005700號;衛署成製字第005716號;衛署成製字第005830號;衛署成製字第005910號;衛署成製字第006647號;衛署成製字第009015號;衛署成製字第011077號;衛署成製字第015313號;衛署藥製字第011334號;衛署藥製字第017039號;衛署藥製字第019363號;衛署藥製字第021345號;衛署藥製字第022623號;衛署藥製字第022741號;衛署藥製字第023884號;衛署藥製字第027371號;衛署藥製字第027399號;衛署藥製字第027581號;衛署藥製字第028231號;衛署藥製字第032109號;衛署藥製字第032110號;衛署藥製字第032920號;衛署藥製字第034095號;衛署藥製字第034140號;衛署藥製字第037295號;衛署藥製字第037297號;衛署藥製字第037298號;衛署藥製字第038086號;衛署藥製字第038309號;衛署藥製字第038322號;衛署藥製字第040571號;衛署藥輸字第018627號;衛署藥輸字第018861號;衛署藥輸字第025000號
CAT03,神經痛與局部麻醉,ING0005,Thymol,,23,5,89,29,0.2584,0.7931,45.3,"撒隆巴斯;巴士;嘉伊娜巴斯;撒隆濕布;""人生""舒寧巴斯;歡喜巴斯;""正光"" 巴斯藥膠布;悅心巴斯膏布;濕痛藥膏布;樂樂鎮痛藥膏布;金龍藥膏布;〝三陽〞金系羔藥布;黃金膏;大維好安巴斯;大維貼痠痛藥布;""德山""青皮藥膠布;耐斯藥膠布;疼痛膏;""德山""祛酸痛藥膠布;救筋酸痛布;福貼藥布;透骨痠痛布;脫酸寧涼藥布",內衛成製字第000061號;內衛成製字第000971號;衛署成製字第001427號;衛署成製字第002108號;衛署成製字第003332號;衛署成製字第003380號;衛署成製字第003786號;衛署成製字第003972號;衛署成製字第004121號;衛署成製字第004148號;衛署成製字第004211號;衛署成製字第004218號;衛署成製字第004435號;衛署成製字第004545號;衛署成製字第005666號;衛署成製字第005716號;衛署成製字第005830號;衛署成製字第006647號;衛署藥製字第027581號;衛署藥製字第038086號;衛署藥製字第038309號;衛署藥製字第040571號;衛署藥輸字第018627號
CAT03,神經痛與局部麻醉,ING0001,Zinc Oxide,,19,6,89,22,0.2135,0.8636,42.9,"撒隆巴斯;撒隆濕布;痛穩好藥布;歡喜巴斯;濕痛膏布;""德山"" 免酸痛藥膠布;""德山""象印膏藥膠布;""真富""薄荷膏藥膠布;辣椒膏;渡邊 久金膏;紅椒金國德辣椒膏;德國辣椒標風濕膏藥(溫和);德國辣椒標風濕膏藥;“德山”溫感辣椒膏藥膠布;德國辣椒標風濕膏藥（溫和）",內衛成製字第000061號;衛署成製字第002108號;衛署成製字第003346號;衛署成製字第003380號;衛署成製字第004085號;衛署成製字第005667號;衛署成製字第005910號;衛署成製字第015313號;衛署藥製字第003950號;衛署藥製字第008581號;衛署藥製字第015679號;衛署藥製字第036547號;衛署藥製字第046464號;衛署藥製字第046467號;衛署藥製字第049771號;衛署藥輸字第016216號;衛署藥輸字第016994號;衛署藥輸字第018673號;衛署藥輸字第018674號
CAT03,神經痛與局部麻醉,ING0004,Borneol,,12,2,89,12,0.1348,1.0000,36.7,"撒隆巴斯;巴士;嘉伊娜巴斯;奧林巴斯;痛穩好藥布;歡喜巴斯;""正光"" 巴斯藥膠布;濕痛膏布;大維好安巴斯;""葡萄王"" 百克斯膏布;""德山""祛酸痛藥膠布",內衛成製字第000061號;內衛成製字第000971號;衛署成製字第001427號;衛署成製字第003240號;衛署成製字第003346號;衛署成製字第003380號;衛署成製字第003786號;衛署成製字第004085號;衛署成製字第004545號;衛署成製字第008494號;衛署藥製字第019363號;衛署藥製字第027581號
CAT03,神經痛與局部麻醉,ING0006,Diphenhydramine,,14,2,89,18,0.1573,0.7778,35.0,"撒隆巴斯;撒隆濕布;涼涼涼鎮痛藥布;黃金膏;""三陽"" 痠痛金絲膏藥布;""陽生"" 鎮痛膏布;舒百達藥膠布;舒必達藥膠布;""德山""祛酸痛藥膠布;美帝喜布藥膠布;痠痛寧藥膠布;生春痠痛寧藥膠布;樂貼藥布;痛貼貼貼片劑",內衛成製字第000061號;衛署成製字第002108號;衛署成製字第002303號;衛署成製字第004435號;衛署藥製字第017039號;衛署藥製字第021345號;衛署藥製字第022741號;衛署藥製字第027399號;衛署藥製字第027581號;衛署藥製字第032110號;衛署藥製字第033055號;衛署藥製字第034140號;衛署藥製字第038322號;衛署藥輸字第018861號
CAT03,神經痛與局部麻醉,ING0019,Peppermint Oil (Oleum Menth Pip),,11,3,89,12,0.1236,0.9167,33.7,"百珍膏布;金龍藥膏布;黃金膏;大維貼痠痛藥布;""德山""青皮藥膠布;耐斯藥膠布;""德山""象印膏藥膠布;疼痛膏;""三陽"" 痠痛萬金膏;寶安藥膠布;""德山""祛風濕藥膠布",衛署成製字第003836號;衛署成製字第004211號;衛署成製字第004435號;衛署成製字第005666號;衛署成製字第005716號;衛署成製字第005830號;衛署成製字第005910號;衛署成製字第006647號;衛署藥製字第011334號;衛署藥製字第023884號;衛署藥製字第028231號
CAT03,神經痛與局部麻醉,ING0026,Capsicum,,18,4,89,37,0.2022,0.4865,31.4,治痛巴斯藥膠布;辣椒膏;朝日辣椒膏;貼溫藥膏布;溫貼喜布;救痛藥布;紅椒金國德辣椒膏;德國辣椒標風濕膏藥(溫和);德國辣椒標風濕膏藥;“德山”溫感辣椒膏藥膠布;德國辣椒標風濕膏藥（溫和）,衛署成製字第005229號;衛署成製字第008493號;衛署藥製字第003950號;衛署藥製字第008581號;衛署藥製字第012064號;衛署藥製字第020099號;衛署藥製字第022623號;衛署藥製字第034095號;衛署藥製字第034797號;衛署藥製字第036547號;衛署藥製字第037296號;衛署藥製字第046464號;衛署藥製字第046467號;衛署藥製字第049771號;衛署藥輸字第016216號;衛署藥輸字第016994號;衛署藥輸字第018673號;衛署藥輸字第018674號
CAT03,神經痛與局部麻醉,ING0010,Scopolia Extract,,8,1,89,8,0.0899,1.0000,30.0,"化能膏;奧林巴斯;痛穩好藥布;""三陽"" 痠痛萬金膏;寶安藥膠布;舒可達藥膠布;""德山""祛風濕藥膠布",內衛藥製字第015731號;衛署成製字第003240號;衛署成製字第003346號;衛署成製字第008494號;衛署藥製字第011334號;衛署藥製字第023884號;衛署藥製字第027371號;衛署藥製字第028231號
CAT03,神經痛與局部麻醉,ING0012,Diphenhydramine Hcl,,14,4,89,26,0.1573,0.5385,29.1,"嘉伊娜巴斯;金龍膏;""正光"" 巴斯藥膠布;濕痛膏布;〝三陽〞金系羔藥布;大維好安巴斯;""德山""鎮痛藥膠布;舒痛巴佈膏〝葡萄王〞;""得生""舒痛藥布;""葡萄王"" 百克斯膏布;易貼巴佈膏;溫貼喜布;美帝喜布藥布;""得生""酸痛貼布",衛署成製字第001427號;衛署成製字第003598號;衛署成製字第003786號;衛署成製字第004085號;衛署成製字第004218號;衛署成製字第004545號;衛署成製字第005700號;衛署成製字第009015號;衛署成製字第011077號;衛署藥製字第019363號;衛署藥製字第032920號;衛署藥製字第034095號;衛署藥製字第037297號;衛署藥製字第037298號
CAT03,神經痛與局部麻醉,ING0016,Chlorpheniramine Maleate,,7,1,89,7,0.0787,1.0000,28.0,"奧林巴斯;樂樂鎮痛藥膏布;""三陽"" 痠痛萬金膏;寶安藥膠布;舒可達藥膠布;""德山""祛風濕藥膠布",衛署成製字第003240號;衛署成製字第004148號;衛署成製字第008494號;衛署藥製字第011334號;衛署藥製字第023884號;衛署藥製字第027371號;衛署藥製字第028231號
CAT03,神經痛與局部麻醉,ING0064,Lidocaine,,7,5,89,8,0.0787,0.8750,26.2,"遠疼貼貼片 5%;安疼片5%;美帝貼片5%;""意欣""利多卡因貼片5%;""真富""剋疼貼片;""護民""消疼貼貼片5%;寧絡貼5%貼布",衛署藥製字第049320號;衛部藥製字第058054號;衛部藥製字第058223號;衛部藥製字第059291號;衛部藥製字第060505號;衛部藥製字第060998號;衛部藥輸字第026267號
CAT03,神經痛與局部麻醉,ING0046,Tocopherol Acetate Alpha (Eq To Vit E Acetate) (Eq To Vitamin E Acetate),,7,3,89,8,0.0787,0.8750,26.2,"""葡萄王"" 百克斯膏布;活血止痛膏;痠痛寧藥膠布;生春痠痛寧藥膠布;貼可藥布;救筋酸痛布;透骨痠痛布",衛署藥製字第019363號;衛署藥製字第033008號;衛署藥製字第033055號;衛署藥製字第034140號;衛署藥製字第037295號;衛署藥製字第038086號;衛署藥製字第040571號
CAT03,神經痛與局部麻醉,ING0045,Tocopherol Alpha-,,4,0,89,4,0.0449,1.0000,21.2,"""三陽"" 痠痛金絲膏藥布;""陽生"" 鎮痛膏布;舒百達藥膠布;舒必達藥膠布",衛署藥製字第017039號;衛署藥製字第021345號;衛署藥製字第022741號;衛署藥製字第027399號
CAT03,神經痛與局部麻醉,ING0049,Tocopherol Acetate,,8,2,89,18,0.0899,0.4444,20.0,"美帝喜布藥膠布;易貼巴佈膏;美帝喜布藥布;""得生""酸痛貼布;福貼藥布;樂貼藥布;痛貼貼貼片劑;痛貼貼溫感貼片劑",衛署藥製字第032110號;衛署藥製字第032920號;衛署藥製字第037297號;衛署藥製字第037298號;衛署藥製字第038309號;衛署藥製字第038322號;衛署藥輸字第018861號;衛署藥輸字第025000號
CAT03,神經痛與局部麻醉,ING0020,Gardenia Fruit Powder,,4,0,89,5,0.0449,0.8000,19.0,百珍膏布;金龍藥膏布;黃金膏;耐斯藥膠布,衛署成製字第003836號;衛署成製字第004211號;衛署成製字第004435號;衛署成製字第005830號
CAT03,神經痛與局部麻醉,ING0038,Pine Resina,,4,0,89,5,0.0449,0.8000,19.0,辣椒膏;救痛藥布;紅椒金國德辣椒膏,衛署藥製字第008581號;衛署藥製字第034797號;衛署藥製字第036547號;衛署藥製字第037296號
CAT03,神經痛與局部麻醉,ING0039,Zinc (Oxide),,3,0,89,3,0.0337,1.0000,18.4,撒隆巴斯－益;救痛藥布,衛署藥製字第008962號;衛署藥製字第034797號;衛署藥製字第037296號
CAT03,神經痛與局部麻醉,ING0017,Glycol Salicylate,,11,5,89,44,0.1236,0.2500,17.6,"歡喜巴斯;""德山""祛酸痛藥膠布;貼可藥膠布;美帝喜布藥膠布;生春痠痛寧藥膠布;貼可藥布;美帝喜布藥布;救筋酸痛布;福貼藥布;樂貼藥布;透骨痠痛布",衛署成製字第003380號;衛署藥製字第027581號;衛署藥製字第032109號;衛署藥製字第032110號;衛署藥製字第034140號;衛署藥製字第037295號;衛署藥製字第037297號;衛署藥製字第038086號;衛署藥製字第038309號;衛署藥製字第038322號;衛署藥製字第040571號
CAT03,神經痛與局部麻醉,ING0044,Nonylic-Vanillylamide,,4,0,89,6,0.0449,0.6667,17.3,渡邊 久金膏;脫酸寧溫藥布;脫酸寧涼藥布;痛貼貼貼片劑,衛署藥製字第015679號;衛署藥輸字第018626號;衛署藥輸字第018627號;衛署藥輸字第018861號
CAT03,神經痛與局部麻醉,ING0023,Mentha Oil,,6,1,89,14,0.0674,0.4286,17.0,濕痛藥膏布;福貼藥布;樂貼藥布;脫酸寧涼藥布;痛貼貼貼片劑;痛貼貼溫感貼片劑,衛署成製字第004121號;衛署藥製字第038309號;衛署藥製字第038322號;衛署藥輸字第018627號;衛署藥輸字第018861號;衛署藥輸字第025000號
CAT03,神經痛與局部麻醉,ING0011,Phellodendron Extract,,4,1,89,8,0.0449,0.5000,15.0,"化能膏;""三陽"" 痠痛萬金膏;寶安藥膠布;""德山""祛風濕藥膠布",內衛藥製字第015731號;衛署藥製字第011334號;衛署藥製字第023884號;衛署藥製字第028231號
CAT03,神經痛與局部麻醉,ING0031,D-Borneol,,2,0,89,2,0.0225,1.0000,15.0,疼痛膏;渡邊 久金膏,衛署成製字第006647號;衛署藥製字第015679號
CAT03,神經痛與局部麻醉,ING0024,Olive Oil,,2,0,89,2,0.0225,1.0000,15.0,濕痛藥膏布;大維貼痠痛藥布,衛署成製字第004121號;衛署成製字第005666號
CAT03,神經痛與局部麻醉,ING0025,Phellodendron Bark,,2,0,89,2,0.0225,1.0000,15.0,金龍藥膏布;舒可達藥膠布,衛署成製字第004211號;衛署藥製字第027371號
CAT03,神經痛與局部麻醉,ING0018,Phellodendron Bark Powder (Eq To Powdered Phellodendron Bark),,3,0,89,5,0.0337,0.6000,14.2,百珍膏布;黃金膏;耐斯藥膠布,衛署成製字第003836號;衛署成製字第004435號;衛署成製字第005830號
CAT03,神經痛與局部麻醉,ING0048,Glycyrrhizinic Acid (Eq To Glycyrrhetinic Acid Glycoside)(Eq To Glycyrrhizic Acid ),,4,0,89,9,0.0449,0.4444,14.1,"""陽生"" 鎮痛膏布;舒必達藥膠布;易貼巴佈膏;""得生""酸痛貼布",衛署藥製字第021345號;衛署藥製字第027399號;衛署藥製字第032920號;衛署藥製字第037298號
CAT03,神經痛與局部麻醉,ING0028,Eucalyptus Oil (Oleum Eucalypti),,4,1,89,10,0.0449,0.4000,13.4,"大維貼痠痛藥布;耐斯藥膠布;""德山""象印膏藥膠布;寶安藥膠布",衛署成製字第005666號;衛署成製字第005830號;衛署成製字第005910號;衛署藥製字第023884號
CAT03,神經痛與局部麻醉,ING0074,Monoglycol Salicylate,,2,0,89,4,0.0225,0.5000,10.6,脫酸寧溫藥布;脫酸寧涼藥布,衛署藥輸字第018626號;衛署藥輸字第018627號
CAT03,神經痛與局部麻醉,ING0082,4-Hydroxy-3-Methoxybenzyl Nonylic Acid Amide,,1,1,89,1,0.0112,1.0000,10.6,痛貼貼溫感貼片劑,衛署藥輸字第025000號
CAT03,神經痛與局部麻醉,ING0013,Bentonite,,1,0,89,1,0.0112,1.0000,10.6,撒隆濕布,衛署成製字第002108號
CAT03,神經痛與局部麻醉,ING0015,Carbo Med.,,1,0,89,1,0.0112,1.0000,10.6,涼涼涼鎮痛藥布,衛署成製字第002303號
CAT03,神經痛與局部麻醉,ING0032,GLYCERIN (eq to GLYCEROL),,1,0,89,1,0.0112,1.0000,10.6,疼痛膏,衛署成製字第006647號
CAT03,神經痛與局部麻醉,ING0014,Kaolin (White)(Bolus Alba),,1,0,89,1,0.0112,1.0000,10.6,撒隆濕布,衛署成製字第002108號
CAT03,神經痛與局部麻醉,ING0040,Menthone,,1,0,89,1,0.0112,1.0000,10.6,撒隆巴斯－益,衛署藥製字第008962號
CAT03,神經痛與局部麻醉,ING0047,Phenocoll,,1,0,89,1,0.0112,1.0000,10.6,朝日辣椒膏,衛署藥製字第020099號
CAT03,神經痛與局部麻醉,ING0035,Prednisolone,,1,0,89,1,0.0112,1.0000,10.6,普利爽蒙片,衛署藥製字第000819號
CAT03,神經痛與局部麻醉,ING0036,Resin,,1,0,89,1,0.0112,1.0000,10.6,辣椒膏,衛署藥製字第003950號
CAT03,神經痛與局部麻醉,ING0029,Rose Oil,,1,0,89,1,0.0112,1.0000,10.6,大維貼痠痛藥布,衛署成製字第005666號
CAT03,神經痛與局部麻醉,ING0009,Sulfanilamide,,1,0,89,1,0.0112,1.0000,10.6,化能膏,內衛藥製字第015731號
CAT03,神經痛與局部麻醉,ING0041,Capsaicin,,1,0,89,2,0.0112,0.5000,7.5,辣椒膏藥布,衛署藥製字第010315號
CAT03,神經痛與局部麻醉,ING0037,Rubber,,1,0,89,2,0.0112,0.5000,7.5,辣椒膏,衛署藥製字第003950號
CAT03,神經痛與局部麻醉,ING0030,Salicyl Ethylene Glycol,,1,0,89,2,0.0112,0.5000,7.5,疼痛膏,衛署成製字第006647號
CAT03,神經痛與局部麻醉,ING0027,Clove Oil,,1,0,89,3,0.0112,0.3333,6.1,大維貼痠痛藥布,衛署成製字第005666號
CAT03,神經痛與局部麻醉,ING0052,Glycyrrhetic Acid (Eq To Glycyrrhetinic Acid),,1,1,89,3,0.0112,0.3333,6.1,痛貼貼溫感貼片劑,衛署藥輸字第025000號
CAT03,神經痛與局部麻醉,ING0043,Glycol Monosalicylate,,1,0,89,4,0.0112,0.2500,5.3,"""葡萄王"" 百克斯膏布",衛署藥製字第019363號
CAT04,全身性疼痛控制,ING0065,Fentanyl,,28,16,33,28,0.8485,1.0000,92.1,"“管制藥品廠”吩坦尼穿皮貼片劑 25 微公克/小時;“管制藥品廠”吩坦尼穿皮貼片劑50微公克/小時;吩坦尼穿皮貼片劑１００微公克／小時;吩坦尼穿皮貼片劑２５微公克／小時;吩坦尼穿皮貼片劑７５微公克／小時;吩坦尼穿皮貼片劑５０微公克／小時;""比利時嬌生"" 吩坦尼穿皮貼片劑２５微公克/小時;〝比利時嬌生〞吩坦尼穿皮貼皮劑５０微公克/小時;""比利時嬌生"" 吩坦尼穿皮貼片劑７５微公克/小時;""比利時嬌生"" 吩坦尼穿皮貼片劑１００微公克/小時;“楊森”多瑞喜穿皮貼片劑 100 微公克/小時;“楊森”多瑞喜穿皮貼片劑 75 微公克/小時;“楊森”多瑞喜穿皮貼片劑 25 微公克/小時;“楊森”多瑞喜穿皮貼片劑 50 微公克/小時;“楊森”多瑞喜穿皮貼片劑 12 微公克/小時;”漢姆”吩坦尼穿皮貼片劑 25 微公克/小時;”德國漢姆”吩坦尼穿皮貼片劑 50 微公克/小時;”德國漢姆”吩坦尼穿皮貼片劑 75 微公克/小時;”德國漢姆”吩坦尼穿皮貼片劑 100 微公克/小時;“管制藥品廠”吩坦尼穿皮貼片劑12.5 微公克/小時;“管制藥品廠”吩坦尼穿皮貼片劑75微公克/小時;“管制藥品廠”吩坦尼基質型穿皮貼片劑25微公克/小時;歐必德穿皮貼片劑 12微公克/小時;歐必德穿皮貼片劑 25微公克/小時;歐必德穿皮貼片劑 50微公克/小時;歐必德穿皮貼片劑 75微公克/小時;歐必德穿皮貼片劑 100微公克/小時",衛署藥製字第050018號;衛署藥製字第051717號;衛署藥輸字第021522號;衛署藥輸字第021523號;衛署藥輸字第021524號;衛署藥輸字第021525號;衛署藥輸字第022898號;衛署藥輸字第022899號;衛署藥輸字第022900號;衛署藥輸字第022901號;衛署藥輸字第024797號;衛署藥輸字第024840號;衛署藥輸字第024841號;衛署藥輸字第024842號;衛署藥輸字第024870號;衛署藥輸字第024889號;衛署藥輸字第024939號;衛署藥輸字第024940號;衛署藥輸字第024941號;衛部藥製字第061539號;衛部藥製字第061540號;衛部藥製字第061910號;衛部藥製字第062068號;衛部藥輸字第027656號;衛部藥輸字第027657號;衛部藥輸字第027658號;衛部藥輸字第027659號;衛部藥輸字第027660號
CAT04,全身性疼痛控制,ING0085,Buprenorphine,,5,0,33,5,0.1515,1.0000,38.9,舒免疼穿皮貼片劑5微公克/小時;舒免疼穿皮貼片劑10微公克/小時;舒免疼穿皮貼片劑20微公克/小時;全克痛穿皮貼片劑35微克/小時;全克痛穿皮貼片劑52.5微克/小時,衛部藥輸字第026280號;衛部藥輸字第026281號;衛部藥輸字第026282號;衛部藥輸字第026935號;衛部藥輸字第026936號
CAT05,戒菸治療,ING0054,Nicotine,,21,10,23,21,0.9130,1.0000,95.6,"""信東""淨菸經皮吸收戒菸貼片2.08毫克/平方公分（尼古丁）;菸可戒穿皮貼片劑３０公絲;克菸貼片３０　〝臺灣汽巴〞;菸可戒穿皮貼片劑１５公絲;克菸貼片１０;克菸貼片２０;克菸貼片３０;力抗菸戒菸貼片７毫克/天;力抗菸戒菸貼片２１毫克/天;力抗菸戒菸貼片１４毫克/天;尼古清 戒菸貼片5毫克;尼古清 戒菸貼片15毫克;尼古清 戒菸貼片10毫克;停菸貼片20 (35毫克);停菸貼片10 (17.5毫克);停菸貼片30 (52.5毫克);尼古清戒菸貼片15毫克;尼古清戒菸貼片10毫克;尼古清戒菸貼片25毫克",衛署藥製字第038646號;衛署藥輸字第019915號;衛署藥輸字第020054號;衛署藥輸字第020709號;衛署藥輸字第021112號;衛署藥輸字第021164號;衛署藥輸字第022088號;衛署藥輸字第022089號;衛署藥輸字第022090號;衛署藥輸字第023699號;衛署藥輸字第023700號;衛署藥輸字第023701號;衛署藥輸字第024473號;衛署藥輸字第024474號;衛署藥輸字第024475號;衛部藥製字第058301號;衛部藥製字第058386號;衛部藥製字第060923號;衛部藥輸字第028583號;衛部藥輸字第028584號;衛部藥輸字第028678號
CAT06,心血管治療,ING0067,Nitroglycerin,,11,1,11,11,1.0000,1.0000,100.0,護心貼片;寧受定硬膏３２公絲;寧受定硬膏１６公絲;護心貼片１０;恩得息護心貼片;耐妥心５號軟片;奈妥心１０號軟片;寧受定穿皮貼片劑１６公絲;寧受定穿皮貼片劑３２公絲;安貼穿皮吸收系統０．４公絲/小時;安貼穿皮吸收系統０．２公絲/小時,衛署藥輸字第010671號;衛署藥輸字第011599號;衛署藥輸字第011665號;衛署藥輸字第015365號;衛署藥輸字第017242號;衛署藥輸字第018261號;衛署藥輸字第018441號;衛署藥輸字第020188號;衛署藥輸字第020189號;衛署藥輸字第021116號;衛署藥輸字第021117號
CAT06,心血管治療,ING0070,Lactose Anhydrous,,1,0,11,1,0.0909,1.0000,30.2,奈妥心１０號軟片,衛署藥輸字第018441號
CAT06,心血管治療,ING0071,Triglycerides Medium Chain,,1,0,11,1,0.0909,1.0000,30.2,奈妥心１０號軟片,衛署藥輸字第018441號
CAT07,巴金森氏症與失智症,ING0083,Rivastigmine,,6,6,12,6,0.5000,1.0000,70.7,"憶思能穿皮貼片5;憶思能穿皮貼片10;""得生""利斯狄明穿皮貼片5;""得生""利斯狄明穿皮貼片10;利思貼片10;利思貼片5",衛署藥輸字第025234號;衛署藥輸字第026029號;衛部藥製字第060824號;衛部藥製字第060867號;衛部藥製字第061504號;衛部藥製字第061928號
CAT07,巴金森氏症與失智症,ING0081,Rotigotine,,4,4,12,4,0.3333,1.0000,57.7,紐普洛穿皮貼片劑 2 毫克/ 24 小時;紐普洛穿皮貼片劑 4 毫克/ 24 小時;紐普洛穿皮貼片劑 6 毫克/ 24 小時;紐普洛穿皮貼片劑 8 毫克/ 24 小時,衛署藥輸字第024933號;衛署藥輸字第024934號;衛署藥輸字第024935號;衛署藥輸字第024936號
CAT07,巴金森氏症與失智症,ING0087,Donepezil,,2,2,12,2,0.1667,1.0000,40.8,利睿貼穿皮貼片劑5毫克/日;利睿貼穿皮貼片劑10毫克/日,衛部藥輸字第028998號;衛部藥輸字第028999號
CAT09,荷爾蒙與生殖系統治療,ING0058,Estradiol,,8,0,8,8,1.0000,1.0000,100.0,〝生達〞貼樂蒙貼片４公絲/１０平方公分（氫偶素);康蒙穿皮貼片劑５０;康蒙穿皮貼片劑　ＭＸ５０;康蒙穿皮貼片劑　ＭＸ１００;康蒙穿皮貼片劑　ＭＸ２５;可麗貼５０穿皮貼片劑;可麗貼１００穿皮貼片劑;以芙避孕貼片,衛署藥製字第042777號;衛署藥輸字第016914號;衛署藥輸字第022683號;衛署藥輸字第022684號;衛署藥輸字第022685號;衛署藥輸字第022702號;衛署藥輸字第022703號;衛署藥輸字第023956號
CAT09,荷爾蒙與生殖系統治療,ING0077,Norelgestromin,,1,0,8,1,0.1250,1.0000,35.4,以芙避孕貼片,衛署藥輸字第023956號
CAT10,止吐與暈動症,ING0034,Cajuput Oil,,2,0,5,2,0.4000,1.0000,63.2,虎標永安堂萬金油（紅）;虎標永安堂萬金油（白）,衛署成製字第009355號;衛署成製字第009356號
CAT10,止吐與暈動症,ING0062,Scopolamine,,2,1,5,2,0.4000,1.0000,63.2,暈得寧防暈貼片劑1.5毫克(東茛菪儉);克暈貼片,衛署藥製字第044712號;衛署藥輸字第012884號
CAT10,止吐與暈動症,ING0027,Clove Oil,,2,0,5,3,0.4000,0.6667,51.6,虎標永安堂萬金油（紅）;虎標永安堂萬金油（白）,衛署成製字第009355號;衛署成製字第009356號
CAT10,止吐與暈動症,ING0084,Granisetron,,1,0,5,1,0.2000,1.0000,44.7,貼固守穿皮貼片劑,衛署藥輸字第025820號
CAT10,止吐與暈動症,ING0002,Camphor,,2,0,5,119,0.4000,0.0168,8.2,虎標永安堂萬金油（紅）;虎標永安堂萬金油（白）,衛署成製字第009355號;衛署成製字第009356號
CAT10,止吐與暈動症,ING0003,Menthol,,2,0,5,124,0.4000,0.0161,8.0,虎標永安堂萬金油（紅）;虎標永安堂萬金油（白）,衛署成製字第009355號;衛署成製字第009356號
CAT11,泌尿與膀胱功能治療,ING0086,Oxybutynin,,2,1,2,2,1.0000,1.0000,75.0,歐保尿克貼布;歐保尿克快適貼布,衛部藥輸字第027496號;衛部藥輸字第028008號
CAT12,皮膚局部治療,ING0008,Salicylic acid,,14,1,26,15,0.5385,0.9333,70.9,"柳酸絆創膏;雞眼藥貼布１７％（水楊酸）〝威尼斯〞;""威尼斯"" 雞眼藥貼布　１７％　（水楊酸）;得好雞眼硬膏;祐德雞眼貼布劑;膚樂克貼布劑;適膚絆 片劑貼;阿蘇雞眼貼布;德佑雞眼貼布;優德好絆雞眼貼布;金壕雞眼貼布;甲子雞眼貼片;祐德治雞眼貼布劑;威尼斯雞眼藥貼布17% (水楊酸)",內衛藥製字第003577號;衛署藥製字第043121號;衛署藥製字第044335號;衛署藥輸字第009831號;衛署藥輸字第020812號;衛署藥輸字第022499號;衛署藥輸字第023067號;衛署藥輸字第023606號;衛署藥輸字第023683號;衛署藥輸字第023797號;衛署藥輸字第023948號;衛署藥輸字第023962號;衛署藥輸字第024776號;衛部藥製字第059816號
CAT12,皮膚局部治療,ING0034,Cajuput Oil,,2,0,26,2,0.0769,1.0000,27.7,虎標永安堂萬金油（紅）;虎標永安堂萬金油（白）,衛署成製字第009355號;衛署成製字第009356號
CAT12,皮膚局部治療,ING0021,Ethacridine Lactate Monohydrate (Acrinol),,2,1,26,2,0.0769,1.0000,27.7,治傷藥布;美安絆膠布,衛署成製字第003913號;衛署成製字第005885號
CAT12,皮膚局部治療,ING0068,Fluocinolone Acetonide,,2,0,26,2,0.0769,1.0000,27.7,膚瘡隱膠帶,衛署藥輸字第013381號;衛署藥輸字第019053號
CAT12,皮膚局部治療,ING0050,Triamcinolone (Acetonide),,2,0,26,2,0.0769,1.0000,27.7,腔炎貼錠０．０２５公絲丙酮特安皮質醇;舒美樂口腔錠０．０２５公絲（丙酮特安皮質醇）,衛署藥製字第033069號;衛署藥製字第038240號
CAT12,皮膚局部治療,ING0027,Clove Oil,,2,0,26,3,0.0769,0.6667,22.6,虎標永安堂萬金油（紅）;虎標永安堂萬金油（白）,衛署成製字第009355號;衛署成製字第009356號
CAT12,皮膚局部治療,ING0078,Benzalkonium Chloride,,1,0,26,1,0.0385,1.0000,19.6,日方消毒貼布,衛署藥輸字第024744號
CAT12,皮膚局部治療,ING0079,Crotamiton,,1,0,26,1,0.0385,1.0000,19.6,帝文貼片,衛署藥輸字第024828號
CAT12,皮膚局部治療,ING0080,Isopropyl Methyl Phenol,,1,0,26,1,0.0385,1.0000,19.6,帝文貼片,衛署藥輸字第024828號
CAT12,皮膚局部治療,ING0035,Prednisolone,,1,0,26,1,0.0385,1.0000,19.6,普利爽蒙片,衛署藥製字第000819號
CAT12,皮膚局部治療,ING0069,Triamcinolone Acetonide,,1,0,26,1,0.0385,1.0000,19.6,艾福達治錠,衛署藥輸字第017471號
CAT12,皮膚局部治療,ING0022,Zinc Oxide Ointment,,1,1,26,1,0.0385,1.0000,19.6,治傷藥布,衛署成製字第003913號
CAT12,皮膚局部治療,ING0064,Lidocaine,,1,0,26,8,0.0385,0.1250,6.9,帝文貼片,衛署藥輸字第024828號
CAT12,皮膚局部治療,ING0006,Diphenhydramine,,1,0,26,18,0.0385,0.0556,4.6,帝文貼片,衛署藥輸字第024828號
CAT12,皮膚局部治療,ING0002,Camphor,,2,0,26,119,0.0769,0.0168,3.6,虎標永安堂萬金油（紅）;虎標永安堂萬金油（白）,衛署成製字第009355號;衛署成製字第009356號
CAT12,皮膚局部治療,ING0003,Menthol,,2,0,26,124,0.0769,0.0161,3.5,虎標永安堂萬金油（紅）;虎標永安堂萬金油（白）,衛署成製字第009355號;衛署成製字第009356號
CAT13,其他治療用途,ING0066,Polyvinyl Acetate,,1,0,3,1,0.3333,1.0000,57.7,革義齒妥硬膏劑,衛署藥輸字第005386號
CAT13,其他治療用途,ING0035,Prednisolone,,1,0,3,1,0.3333,1.0000,57.7,普利爽蒙片,衛署藥製字第000819號
CAT13,其他治療用途,ING0004,Borneol,,1,0,3,12,0.3333,0.0833,16.7,撒隆巴斯,內衛成製字第000061號
CAT13,其他治療用途,ING0006,Diphenhydramine,,1,0,3,18,0.3333,0.0556,13.6,撒隆巴斯,內衛成製字第000061號
CAT13,其他治療用途,ING0001,Zinc Oxide,,1,0,3,22,0.3333,0.0455,12.3,撒隆巴斯,內衛成製字第000061號
CAT13,其他治療用途,ING0005,Thymol,,1,0,3,29,0.3333,0.0345,10.7,撒隆巴斯,內衛成製字第000061號
CAT13,其他治療用途,ING0007,Methyl salicylate,,1,0,3,94,0.3333,0.0106,6.0,撒隆巴斯,內衛成製字第000061號
CAT13,其他治療用途,ING0002,Camphor,,1,0,3,119,0.3333,0.0084,5.3,撒隆巴斯,內衛成製字第000061號
CAT13,其他治療用途,ING0003,Menthol,,1,0,3,124,0.3333,0.0081,5.2,撒隆巴斯,內衛成製字第000061號
CAT14,頸部以上部位疼痛,ING0034,Cajuput Oil,,2,0,8,2,0.2500,1.0000,50.0,虎標永安堂萬金油（紅）;虎標永安堂萬金油（白）,衛署成製字第009355號;衛署成製字第009356號
CAT14,頸部以上部位疼痛,ING0027,Clove Oil,,2,0,8,3,0.2500,0.6667,40.8,虎標永安堂萬金油（紅）;虎標永安堂萬金油（白）,衛署成製字第009355號;衛署成製字第009356號
CAT14,頸部以上部位疼痛,ING0001,Zinc Oxide,,4,3,8,22,0.5000,0.1818,30.2,"撒隆巴斯;""德山"" 免酸痛藥膠布;""德山""象印膏藥膠布;""真富""薄荷膏藥膠布",內衛成製字第000061號;衛署成製字第005667號;衛署成製字第005910號;衛署成製字第015313號
CAT14,頸部以上部位疼痛,ING0002,Camphor,,8,4,8,119,1.0000,0.0672,25.9,"撒隆巴斯;大維好安巴斯;""德山"" 免酸痛藥膠布;""德山""象印膏藥膠布;虎標永安堂萬金油（紅）;虎標永安堂萬金油（白）;""真富""薄荷膏藥膠布;""德山""祛風濕藥膠布",內衛成製字第000061號;衛署成製字第004545號;衛署成製字第005667號;衛署成製字第005910號;衛署成製字第009355號;衛署成製字第009356號;衛署成製字第015313號;衛署藥製字第028231號
CAT14,頸部以上部位疼痛,ING0003,Menthol,,8,4,8,124,1.0000,0.0645,25.4,"撒隆巴斯;大維好安巴斯;""德山"" 免酸痛藥膠布;""德山""象印膏藥膠布;虎標永安堂萬金油（紅）;虎標永安堂萬金油（白）;""真富""薄荷膏藥膠布;""德山""祛風濕藥膠布",內衛成製字第000061號;衛署成製字第004545號;衛署成製字第005667號;衛署成製字第005910號;衛署成製字第009355號;衛署成製字第009356號;衛署成製字第015313號;衛署藥製字第028231號
CAT14,頸部以上部位疼痛,ING0007,Methyl salicylate,,6,4,8,94,0.7500,0.0638,21.9,"撒隆巴斯;大維好安巴斯;""德山"" 免酸痛藥膠布;""德山""象印膏藥膠布;""真富""薄荷膏藥膠布;""德山""祛風濕藥膠布",內衛成製字第000061號;衛署成製字第004545號;衛署成製字第005667號;衛署成製字第005910號;衛署成製字第015313號;衛署藥製字第028231號
CAT14,頸部以上部位疼痛,ING0004,Borneol,,2,0,8,12,0.2500,0.1667,20.4,撒隆巴斯;大維好安巴斯,內衛成製字第000061號;衛署成製字第004545號
CAT14,頸部以上部位疼痛,ING0019,Peppermint Oil (Oleum Menth Pip),,2,2,8,12,0.2500,0.1667,20.4,"""德山""象印膏藥膠布;""德山""祛風濕藥膠布",衛署成製字第005910號;衛署藥製字第028231號
CAT14,頸部以上部位疼痛,ING0016,Chlorpheniramine Maleate,,1,1,8,7,0.1250,0.1429,13.4,"""德山""祛風濕藥膠布",衛署藥製字第028231號
CAT14,頸部以上部位疼痛,ING0005,Thymol,,2,0,8,29,0.2500,0.0690,13.1,撒隆巴斯;大維好安巴斯,內衛成製字第000061號;衛署成製字第004545號
CAT14,頸部以上部位疼痛,ING0011,Phellodendron Extract,,1,1,8,8,0.1250,0.1250,12.5,"""德山""祛風濕藥膠布",衛署藥製字第028231號
CAT14,頸部以上部位疼痛,ING0010,Scopolia Extract,,1,1,8,8,0.1250,0.1250,12.5,"""德山""祛風濕藥膠布",衛署藥製字第028231號
CAT14,頸部以上部位疼痛,ING0028,Eucalyptus Oil (Oleum Eucalypti),,1,1,8,10,0.1250,0.1000,11.2,"""德山""象印膏藥膠布",衛署成製字第005910號
CAT14,頸部以上部位疼痛,ING0006,Diphenhydramine,,1,0,8,18,0.1250,0.0556,8.3,撒隆巴斯,內衛成製字第000061號
CAT14,頸部以上部位疼痛,ING0012,Diphenhydramine Hcl,,1,0,8,26,0.1250,0.0385,6.9,大維好安巴斯,衛署成製字第004545號
CAT15,扁桃腺炎,ING0004,Borneol,,1,0,1,12,1.0000,0.0833,28.9,撒隆巴斯,內衛成製字第000061號
CAT15,扁桃腺炎,ING0006,Diphenhydramine,,1,0,1,18,1.0000,0.0556,23.6,撒隆巴斯,內衛成製字第000061號
CAT15,扁桃腺炎,ING0001,Zinc Oxide,,1,0,1,22,1.0000,0.0455,21.3,撒隆巴斯,內衛成製字第000061號
CAT15,扁桃腺炎,ING0005,Thymol,,1,0,1,29,1.0000,0.0345,18.6,撒隆巴斯,內衛成製字第000061號
CAT15,扁桃腺炎,ING0007,Methyl salicylate,,1,0,1,94,1.0000,0.0106,10.3,撒隆巴斯,內衛成製字第000061號
CAT15,扁桃腺炎,ING0002,Camphor,,1,0,1,119,1.0000,0.0084,9.2,撒隆巴斯,內衛成製字第000061號
CAT15,扁桃腺炎,ING0003,Menthol,,1,0,1,124,1.0000,0.0081,9.0,撒隆巴斯,內衛成製字第000061號
CAT99,待人工確認,ING0056,Flurbiprofen,,13,11,54,18,0.2407,0.7222,41.7,"氟比洛芬貼布　〝漁人〞;""生春"" 伏痛貼布 (氟白普洛芬);""立康"" 敷炎痛貼布(氟白普洛芬);""美立堅""免普芬貼布(氟白普洛芬);岐黃痠痛貼藥膠布(氟白普洛芬);〝英全〞富比芬水性貼布 (氟白普洛芬);滅酸寧藥膠布;〝派源〞貼適舒藥膠布;〝國品〞貼痛安藥膠布;〝護民〞氟比洛芬藥膠布;伏痛普珞藥布（油性基劑）;""得生""達那芬藥布(油性基劑);祐德痛能健貼片",衛署藥製字第043180號;衛署藥製字第045599號;衛署藥製字第046459號;衛署藥製字第047645號;衛署藥製字第048658號;衛署藥製字第048799號;衛署藥製字第048883號;衛署藥製字第049107號;衛署藥製字第049208號;衛署藥製字第049235號;衛署藥製字第049848號;衛署藥製字第056771號;衛署藥輸字第025152號
CAT99,待人工確認,ING0064,Lidocaine,,7,5,54,8,0.1296,0.8750,33.7,"遠疼貼貼片 5%;安疼片5%;美帝貼片5%;""意欣""利多卡因貼片5%;""真富""剋疼貼片;""護民""消疼貼貼片5%;寧絡貼5%貼布",衛署藥製字第049320號;衛部藥製字第058054號;衛部藥製字第058223號;衛部藥製字第059291號;衛部藥製字第060505號;衛部藥製字第060998號;衛部藥輸字第026267號
CAT99,待人工確認,ING0046,Tocopherol Acetate Alpha (Eq To Vit E Acetate) (Eq To Vitamin E Acetate),,7,3,54,8,0.1296,0.8750,33.7,"""葡萄王"" 百克斯膏布;活血止痛膏;痠痛寧藥膠布;生春痠痛寧藥膠布;貼可藥布;救筋酸痛布;透骨痠痛布",衛署藥製字第019363號;衛署藥製字第033008號;衛署藥製字第033055號;衛署藥製字第034140號;衛署藥製字第037295號;衛署藥製字第038086號;衛署藥製字第040571號
CAT99,待人工確認,ING0085,Buprenorphine,,5,0,54,5,0.0926,1.0000,30.4,舒免疼穿皮貼片劑5微公克/小時;舒免疼穿皮貼片劑10微公克/小時;舒免疼穿皮貼片劑20微公克/小時;全克痛穿皮貼片劑35微克/小時;全克痛穿皮貼片劑52.5微克/小時,衛部藥輸字第026280號;衛部藥輸字第026281號;衛部藥輸字第026282號;衛部藥輸字第026935號;衛部藥輸字第026936號
CAT99,待人工確認,ING0003,Menthol,,18,4,54,124,0.3333,0.1452,22.0,"虎標永安堂萬金油（紅）;虎標永安堂萬金油（白）;""葡萄王"" 百克斯膏布;貼可藥膠布;美帝喜布藥膠布;""得生""安可巴斯;易貼巴佈膏;溫貼喜布;生春痠痛寧藥膠布;貼可藥布;美帝喜布藥布;""得生""酸痛貼布;救筋酸痛布;福貼藥布;樂貼藥布;透骨痠痛布;日本三笠溫感藥膠布;大正愛舒酸痛貼布",衛署成製字第009355號;衛署成製字第009356號;衛署藥製字第019363號;衛署藥製字第032109號;衛署藥製字第032110號;衛署藥製字第032919號;衛署藥製字第032920號;衛署藥製字第034095號;衛署藥製字第034140號;衛署藥製字第037295號;衛署藥製字第037297號;衛署藥製字第037298號;衛署藥製字第038086號;衛署藥製字第038309號;衛署藥製字第038322號;衛署藥製字第040571號;衛署藥輸字第019788號;衛署藥輸字第021138號
CAT99,待人工確認,ING0002,Camphor,,17,4,54,119,0.3148,0.1429,21.2,"虎標永安堂萬金油（紅）;虎標永安堂萬金油（白）;""葡萄王"" 百克斯膏布;貼可藥膠布;美帝喜布藥膠布;""得生""安可巴斯;易貼巴佈膏;溫貼喜布;生春痠痛寧藥膠布;貼可藥布;美帝喜布藥布;""得生""酸痛貼布;救筋酸痛布;福貼藥布;樂貼藥布;透骨痠痛布;日本三笠溫感藥膠布",衛署成製字第009355號;衛署成製字第009356號;衛署藥製字第019363號;衛署藥製字第032109號;衛署藥製字第032110號;衛署藥製字第032919號;衛署藥製字第032920號;衛署藥製字第034095號;衛署藥製字第034140號;衛署藥製字第037295號;衛署藥製字第037297號;衛署藥製字第037298號;衛署藥製字第038086號;衛署藥製字第038309號;衛署藥製字第038322號;衛署藥製字第040571號;衛署藥輸字第019788號
CAT99,待人工確認,ING0007,Methyl salicylate,,15,4,54,94,0.2778,0.1596,21.1,"""葡萄王"" 百克斯膏布;貼可藥膠布;美帝喜布藥膠布;""得生""安可巴斯;易貼巴佈膏;溫貼喜布;生春痠痛寧藥膠布;貼可藥布;美帝喜布藥布;""得生""酸痛貼布;救筋酸痛布;福貼藥布;樂貼藥布;透骨痠痛布;日本三笠溫感藥膠布",衛署藥製字第019363號;衛署藥製字第032109號;衛署藥製字第032110號;衛署藥製字第032919號;衛署藥製字第032920號;衛署藥製字第034095號;衛署藥製字第034140號;衛署藥製字第037295號;衛署藥製字第037297號;衛署藥製字第037298號;衛署藥製字第038086號;衛署藥製字第038309號;衛署藥製字第038322號;衛署藥製字第040571號;衛署藥輸字第019788號
CAT99,待人工確認,ING0017,Glycol Salicylate,,10,4,54,44,0.1852,0.2273,20.5,貼可藥膠布;美帝喜布藥膠布;生春痠痛寧藥膠布;貼可藥布;美帝喜布藥布;救筋酸痛布;福貼藥布;樂貼藥布;透骨痠痛布;大正愛舒酸痛貼布,衛署藥製字第032109號;衛署藥製字第032110號;衛署藥製字第034140號;衛署藥製字第037295號;衛署藥製字第037297號;衛署藥製字第038086號;衛署藥製字第038309號;衛署藥製字第038322號;衛署藥製字第040571號;衛署藥輸字第021138號
CAT99,待人工確認,ING0049,Tocopherol Acetate,,6,1,54,18,0.1111,0.3333,19.2,"美帝喜布藥膠布;易貼巴佈膏;美帝喜布藥布;""得生""酸痛貼布;福貼藥布;樂貼藥布",衛署藥製字第032110號;衛署藥製字第032920號;衛署藥製字第037297號;衛署藥製字第037298號;衛署藥製字第038309號;衛署藥製字第038322號
CAT99,待人工確認,ING0034,Cajuput Oil,,2,0,54,2,0.0370,1.0000,19.2,虎標永安堂萬金油（紅）;虎標永安堂萬金油（白）,衛署成製字第009355號;衛署成製字第009356號
CAT99,待人工確認,ING0012,Diphenhydramine Hcl,,6,1,54,26,0.1111,0.2308,16.0,"""葡萄王"" 百克斯膏布;易貼巴佈膏;溫貼喜布;美帝喜布藥布;""得生""酸痛貼布;日本三笠溫感藥膠布",衛署藥製字第019363號;衛署藥製字第032920號;衛署藥製字第034095號;衛署藥製字第037297號;衛署藥製字第037298號;衛署藥輸字第019788號
CAT99,待人工確認,ING0006,Diphenhydramine,,5,1,54,18,0.0926,0.2778,16.0,"美帝喜布藥膠布;""得生""安可巴斯;痠痛寧藥膠布;生春痠痛寧藥膠布;樂貼藥布",衛署藥製字第032110號;衛署藥製字第032919號;衛署藥製字第033055號;衛署藥製字第034140號;衛署藥製字第038322號
CAT99,待人工確認,ING0027,Clove Oil,,2,0,54,3,0.0370,0.6667,15.7,虎標永安堂萬金油（紅）;虎標永安堂萬金油（白）,衛署成製字第009355號;衛署成製字第009356號
CAT99,待人工確認,ING0060,Piroxicam,,1,1,54,1,0.0185,1.0000,13.6,"""大豐""舒筋鎮凝膠10毫克/公克",衛署藥製字第043924號
CAT99,待人工確認,ING0035,Prednisolone,,1,0,54,1,0.0185,1.0000,13.6,普利爽蒙片,衛署藥製字第000819號
CAT99,待人工確認,ING0005,Thymol,,5,1,54,29,0.0926,0.1724,12.6,"""得生""安可巴斯;救筋酸痛布;福貼藥布;透骨痠痛布;日本三笠溫感藥膠布",衛署藥製字第032919號;衛署藥製字第038086號;衛署藥製字第038309號;衛署藥製字第040571號;衛署藥輸字第019788號
CAT99,待人工確認,ING0038,Pine Resina,,2,0,54,5,0.0370,0.4000,12.2,辣椒膏;紅椒金國德辣椒膏,衛署藥製字第008581號;衛署藥製字第036547號
CAT99,待人工確認,ING0048,Glycyrrhizinic Acid (Eq To Glycyrrhetinic Acid Glycoside)(Eq To Glycyrrhizic Acid ),,2,0,54,9,0.0370,0.2222,9.1,"易貼巴佈膏;""得生""酸痛貼布",衛署藥製字第032920號;衛署藥製字第037298號
CAT99,待人工確認,ING0001,Zinc Oxide,,3,0,54,22,0.0556,0.1364,8.7,"辣椒膏;""得生""安可巴斯;紅椒金國德辣椒膏",衛署藥製字第008581號;衛署藥製字第032919號;衛署藥製字第036547號
CAT99,待人工確認,ING0023,Mentha Oil,,2,0,54,14,0.0370,0.1429,7.3,福貼藥布;樂貼藥布,衛署藥製字第038309號;衛署藥製字第038322號
CAT99,待人工確認,ING0051,Indomethacin,,3,0,54,35,0.0556,0.0857,6.9,克痛運動藥膠布５公絲/公克（引朵美酒辛）〝葡萄王〞;“協宏”克異痛貼布;愛敏絆貼片劑,衛署藥製字第035872號;衛署藥製字第038608號;衛署藥輸字第019697號
CAT99,待人工確認,ING0043,Glycol Monosalicylate,,1,0,54,4,0.0185,0.2500,6.8,"""葡萄王"" 百克斯膏布",衛署藥製字第019363號
CAT99,待人工確認,ING0026,Capsicum,,3,0,54,37,0.0556,0.0811,6.7,辣椒膏;溫貼喜布;紅椒金國德辣椒膏,衛署藥製字第008581號;衛署藥製字第034095號;衛署藥製字第036547號
CAT99,待人工確認,ING0033,Tocopherol Acetate Alpha Dl-,,2,0,54,22,0.0370,0.0909,5.8,"""得生""安可巴斯;大正愛舒酸痛貼布",衛署藥製字第032919號;衛署藥輸字第021138號
CAT99,待人工確認,ING0044,Nonylic-Vanillylamide,,1,0,54,6,0.0185,0.1667,5.6,日本三笠溫感藥膠布,衛署藥輸字第019788號
CAT99,待人工確認,ING0055,Ketoprofen,,2,2,54,34,0.0370,0.0588,4.7,"""中菱"" 袪痛藥膠布;""生春"" 貼痠克痛貼布 (可多普洛菲)",衛署藥製字第039389號;衛署藥製字第045598號
CAT99,待人工確認,ING0004,Borneol,,1,0,54,12,0.0185,0.0833,3.9,"""葡萄王"" 百克斯膏布",衛署藥製字第019363號
