商品名,英文品名,藥證字號,藥證狀態,有效日期,有效日期判讀,成分_官方原文,成分_標準化,成分分類,劑型,裝置種類,裝置判定依據,適應症,氣喘_COPD,疾病判定依據,是否可急救,急救判定說明,維持／急救角色,是否含 ICS,是否需漱口,漱口判定說明,裝置使用特色,藥品分類,申請商,包裝,用法用量_官方欄位,資料來源,資料基準日
輔舒酮ＴＭ準納ＴＭ乾粉吸入劑２５０微公克／ＤＯＳＥ,FLIXOTIDE TM ACCUHALER TM 250MCG/DOSE,衛署藥輸字第021921號,未註銷,2027/10/15,未註銷且日期未屆,FLUTICASONE PROPIONATE,fluticasone propionate,ICS,乾粉吸入劑,DPI,裝置商品名或劑型明示乾粉吸入,用於預防性治療成人及兒童氣喘。,氣喘,藥證適應症明列氣喘,否,維持、預防、診斷或其他用途，不作一般急救吸入劑,維持／控制治療,是,是,含 ICS，吸入後漱口並吐掉,打開裝置並推動滑桿完成上藥；先遠離裝置吐氣，再快速、深而有力吸入；不需按壓與吸氣同步；不可對裝置內吐氣；吸後閉氣約10秒。,須由醫師處方使用,荷商葛蘭素史克藥廠股份有限公司台灣分公司,盒裝,,TFDA 未註銷藥品許可證資料集（InfoId 37）＋全部藥品許可證資料集（InfoId 36）,2026-07-16
"""吸必擴""都保定量粉狀吸入劑 320/9 μG/DOSE",SYMBICORT TURBUHALER 320/9 μG/DOSE,衛署藥輸字第023980號,未註銷,2029/05/11,未註銷且日期未屆,BUDESONIDE;;FORMOTEROL FUMARATE DIHYDRATE,budesonide; formoterol,ICS; LABA,粉狀吸入劑,DPI,裝置商品名或劑型明示乾粉吸入,１. 氣喘（Asthma） 適合使用類固醇及長效β2 作用劑（β2-agonist）合併治療的支氣管氣喘（Bronchial asthma）。 ２. 慢性阻塞性肺部疾病（COPD） 適用於18 歲以上患有慢性阻塞性肺部疾病（COPD），使用氣管擴張劑後之第一秒吐氣量（post-bronchodilator FEV1）少於預測值之70%及已定期使用支氣管擴張劑，而仍有惡化病史的病患之治療。,皆可,藥證適應症同時明列氣喘與 COPD／慢性阻塞性肺疾,否,維持、預防、診斷或其他用途，不作一般急救吸入劑,維持／控制治療,是,是,含 ICS，吸入後漱口並吐掉,依指示旋轉底座完成上藥；劑量可能無明顯味道；先遠離裝置吐氣，再快速、深而有力吸入；不需按壓與吸氣同步；不可對裝置內吐氣；吸後閉氣約10秒。,須由醫師處方使用,臺灣阿斯特捷利康股份有限公司,瓶裝,,TFDA 未註銷藥品許可證資料集（InfoId 37）＋全部藥品許可證資料集（InfoId 36）,2026-07-16
〝吸必擴〞都保定量粉狀吸入劑160／4.5μg／dose,SYMBICORT TURBUHALER 160/4.5MCG/DOSE,衛署藥輸字第023265號,未註銷,2026/08/20,未註銷且日期未屆,BUDESONIDE;;FORMOTEROL FUMARATE DIHYDRATE,budesonide; formoterol,ICS; LABA,粉狀吸入劑,DPI,裝置商品名或劑型明示乾粉吸入,１. 氣喘 (Asthma)適用於適合使用類固醇及長效β2作用劑（β2-agonist）合併治療的氣喘，以達到氣喘整體控制，包括預防、緩解症狀及降低惡化風險。 ２. 慢性阻塞性肺部疾病 (COPD)適用於18歲以上患有慢性阻塞性肺部疾病 (COPD)，使用氣管擴張劑後之第一秒吐氣量 (post-bronchodilator FEV1)少於預測值之70%，及已定期使用支氣管擴張劑而仍有惡化病史的病人之治療。,皆可,藥證適應症同時明列氣喘與 COPD／慢性阻塞性肺疾,依療程可,此規格可依醫師設定的 ICS-formoterol AIR/MART 計畫作症狀緩解；不可自行套用,維持＋依醫囑緩解（AIR／MART）,是,是,含 ICS，吸入後漱口並吐掉,依指示旋轉底座完成上藥；劑量可能無明顯味道；先遠離裝置吐氣，再快速、深而有力吸入；不需按壓與吸氣同步；不可對裝置內吐氣；吸後閉氣約10秒。,須由醫師處方使用,臺灣阿斯特捷利康股份有限公司,定量吸入瓶裝,詳如仿單,TFDA 未註銷藥品許可證資料集（InfoId 37）＋全部藥品許可證資料集（InfoId 36）,2026-07-16
使肺泰１００準納 乾粉吸入劑,SERETIDE 100 ACCUHALER INHALATION POWDER,衛署藥輸字第023202號,未註銷,2031/06/18,未註銷且日期未屆,FLUTICASONE PROPIONATE MICRONIZED;;SALMETEROL XINAFOATE MICRONIZED,fluticasone propionate; salmeterol,ICS; LABA,口腔吸入劑,DPI,裝置商品名或劑型明示乾粉吸入,STRETIDE適用於可逆性呼吸道阻塞疾病(ROAD)之常規治療，包括適合使用支氣管擴張劑及皮質類固醇組合療法之患有氣喘的兒童與成人。這可能包括：正在使用長效乙型作用劑(β-AGONIST)及吸入型皮質類固醇之有效維持劑量的患者。正在接受吸入型皮質類固醇療法，而仍有症狀之患者。接受支氣管擴張劑之常規治療，而需要吸入型皮質類固醇之患者。,氣喘,藥證適應症明列氣喘,否,維持、預防、診斷或其他用途，不作一般急救吸入劑,維持／控制治療,是,是,含 ICS，吸入後漱口並吐掉,打開裝置並推動滑桿完成上藥；先遠離裝置吐氣，再快速、深而有力吸入；不需按壓與吸氣同步；不可對裝置內吐氣；吸後閉氣約10秒。,須由醫師處方使用,荷商葛蘭素史克藥廠股份有限公司台灣分公司,碟型塑膠殼裝,,TFDA 未註銷藥品許可證資料集（InfoId 37）＋全部藥品許可證資料集（InfoId 36）,2026-07-16
布芬司粉狀吸入劑320/9微克/劑量,"Bufomix Easyhaler 320ug/9ug/inhalation, inhalation powder",衛部藥輸字第028118號,未註銷,2026/07/02,日期已過但仍列未註銷資料集,BUDESONIDE;;FORMOTEROL FUMARATE DIHYDRATE,budesonide; formoterol,ICS; LABA,粉狀吸入劑,DPI,裝置商品名或劑型明示乾粉吸入,1.氣喘(Asthma)適合使用類固醇及長效ß2作用劑（ß2-agonist）合併治療的支氣管氣喘（Bronchial asthma）。2.慢性阻塞性肺部疾病（COPD）適用於18歲以上患有慢性阻塞性肺部疾病（COPD），使用氣管擴張劑後之第一秒吐氣量（post-bronchodilator FEV1）少於預測值之70%及已定期使用支氣管擴張劑，而仍有惡化病史的病人之治療。,皆可,藥證適應症同時明列氣喘與 COPD／慢性阻塞性肺疾,否,維持、預防、診斷或其他用途，不作一般急救吸入劑,維持／控制治療,是,是,含 ICS，吸入後漱口並吐掉,先搖勻，再直立按壓一次完成上藥；先遠離裝置吐氣，再快速、深而有力吸入；不需按壓與吸氣同步；不可對裝置內吐氣；吸後閉氣約10秒。,須由醫師處方使用,健喬信元醫藥生技股份有限公司,,請詳見仿單,TFDA 未註銷藥品許可證資料集（InfoId 37）＋全部藥品許可證資料集（InfoId 36）,2026-07-16
潤娃易利達92/22 mcg乾粉吸入劑,Relvar Ellipta 92/22 mcg Inhalation Powder,衛部藥輸字第026318號,未註銷,2029/07/18,未註銷且日期未屆,Fluticasone furoate (micronised) ;;Vilanterol trifenatate (micronised),fluticasone furoate; vilanterol,ICS; LABA,乾粉吸入劑,DPI,裝置商品名或劑型明示乾粉吸入,1.慢性阻塞性肺病的維持治療：適用於慢性阻塞性肺病(COPD)病人的維持治療。降低有惡化病史病人之COPD惡化。 2.氣喘的維持治療：適用於適合使用吸入型皮質類固醇及長效β2 作用劑合併治療的12 歲以上氣喘病人的維持治療。,皆可,藥證適應症同時明列氣喘與 COPD／慢性阻塞性肺疾,否,維持、預防、診斷或其他用途，不作一般急救吸入劑,維持／控制治療,是,是,含 ICS，吸入後漱口並吐掉,開蓋即完成上藥，勿無故反覆開關；先遠離裝置吐氣，再快速、深而有力吸入；不需按壓與吸氣同步；不可對裝置內吐氣；吸後閉氣約10秒。,須由醫師處方使用,荷商葛蘭素史克藥廠股份有限公司台灣分公司,塑膠殼裝;;含劑量計數之吸入器,如仿單,TFDA 未註銷藥品許可證資料集（InfoId 37）＋全部藥品許可證資料集（InfoId 36）,2026-07-16
肺舒坦耐舒樂 乾粉吸入劑 100/6mcg/dose,Foster NEXThaler,衛部藥輸字第026816號,未註銷,2031/06/02,未註銷且日期未屆,BECLOMETHASONE DIPROPIONATE;;FORMOTEROL FUMARATE DIHYDRATE,beclomethasone; formoterol,ICS; LABA,乾粉吸入劑,DPI,裝置商品名或劑型明示乾粉吸入,氣喘 適用於需規律使用吸入型皮質類固醇與 長效beta 2-致效劑合併治療的氣喘病人。 慢性阻塞性肺病 (COPD) 患有較嚴重之慢性阻塞性肺病(FEV1少於預測值之50%)及 有反覆惡化病史，已定期使用長效型支氣管擴張劑，而仍 有明顯症狀病人之治療。,皆可,藥證適應症同時明列氣喘與 COPD／慢性阻塞性肺疾,否,維持、預防、診斷或其他用途，不作一般急救吸入劑,維持／控制治療,是,是,含 ICS，吸入後漱口並吐掉,打開吸嘴蓋完成上藥，吸氣需達裝置觸發流速；先遠離裝置吐氣，再快速、深而有力吸入；不需按壓與吸氣同步；不可對裝置內吐氣；吸後閉氣約10秒。,須由醫師處方使用,友華生技醫藥股份有限公司,塑膠殼裝;;含劑量計數之吸入器,詳見仿單,TFDA 未註銷藥品許可證資料集（InfoId 37）＋全部藥品許可證資料集（InfoId 36）,2026-07-16
肺舒坦耐舒樂乾粉吸入劑200/6 mcg/dose,Foster NEXThaler 200/6,衛部藥輸字第027946號,未註銷,2030/09/11,未註銷且日期未屆,BECLOMETHASONE DIPROPIONATE;;FORMOTEROL FUMARATE DIHYDRATE,beclomethasone; formoterol,ICS; LABA,乾粉吸入劑,DPI,裝置商品名或劑型明示乾粉吸入,適用於需規律使用吸入型皮質類固醇與長效beta2-致效劑合併治療的氣喘成人病人。,氣喘,藥證適應症明列氣喘,否,維持、預防、診斷或其他用途，不作一般急救吸入劑,維持／控制治療,是,是,含 ICS，吸入後漱口並吐掉,打開吸嘴蓋完成上藥，吸氣需達裝置觸發流速；先遠離裝置吐氣，再快速、深而有力吸入；不需按壓與吸氣同步；不可對裝置內吐氣；吸後閉氣約10秒。,須由醫師處方使用,友華生技醫藥股份有限公司,塑膠殼裝,詳如仿單,TFDA 未註銷藥品許可證資料集（InfoId 37）＋全部藥品許可證資料集（InfoId 36）,2026-07-16
肺樂喜易利達184/55/22 mcg 乾粉吸入劑,Trelegy Ellipta 184/55/22 mcg Inhalation Powder,衛部藥輸字第028240號,未註銷,2027/02/07,未註銷且日期未屆,Fluticasone furoate (micronised) ;;Vilanterol trifenatate (micronised);;Umeclidinium bromide (micronised),fluticasone furoate; vilanterol; umeclidinium,ICS; LABA; LAMA,乾粉吸入劑,DPI,裝置商品名或劑型明示乾粉吸入,適用於併用吸入性長效型β2-腎上腺受體作用劑和吸入性皮質類固醇治療氣喘仍控制不佳的成年病人，做為氣喘維持治療。,氣喘,藥證適應症明列氣喘,否,維持、預防、診斷或其他用途，不作一般急救吸入劑,維持／控制治療,是,是,含 ICS，吸入後漱口並吐掉,開蓋即完成上藥，勿無故反覆開關；先遠離裝置吐氣，再快速、深而有力吸入；不需按壓與吸氣同步；不可對裝置內吐氣；吸後閉氣約10秒。,須由醫師處方使用,荷商葛蘭素史克藥廠股份有限公司台灣分公司,含劑量計數之吸入器,如仿單,TFDA 未註銷藥品許可證資料集（InfoId 37）＋全部藥品許可證資料集（InfoId 36）,2026-07-16
昂舒吸入膠囊150微克,"Onbrez Breezhaler 150 mcg inhalation powder, hard capsule",衛署藥輸字第025282號,未註銷,2030/10/19,未註銷且日期未屆,INDACATEROL MALEATE,indacaterol,LABA,吸入用膠囊劑,DPI,裝置商品名或劑型明示乾粉吸入,慢性阻塞性肺疾之維持治療,COPD,藥證適應症明列 COPD／慢性阻塞性肺疾,否,維持、預防、診斷或其他用途，不作一般急救吸入劑,維持／控制治療,否,否,未含 ICS，無例行性類固醇漱口要求,膠囊須放入專用裝置並刺破，絕不可吞服；先遠離裝置吐氣，再快速、深而有力吸入；不需按壓與吸氣同步；不可對裝置內吐氣；吸後閉氣約10秒。吸後檢查膠囊，必要時再吸一次。,須由醫師處方使用,台灣諾華股份有限公司,盒裝附吸入器;;鋁箔盒裝,詳見仿單,TFDA 未註銷藥品許可證資料集（InfoId 37）＋全部藥品許可證資料集（InfoId 36）,2026-07-16
使肺泰 50/500 準納乾粉吸入劑,"Seretide 50/500 Accuhaler, Inhalation Powder",衛署藥輸字第024849號,未註銷,2028/06/25,未註銷且日期未屆,SALMETEROL XINAFOATE MICRONIZED;;FLUTICASONE PROPIONATE MICRONIZED,salmeterol; fluticasone propionate,LABA; ICS,乾粉吸入劑,DPI,裝置商品名或劑型明示乾粉吸入,成人及12歲以上青少年之嚴重氣喘及中至重度(FEV1<60%)慢性阻塞性肺部疾病之維持性治療。,皆可,藥證適應症同時明列氣喘與 COPD／慢性阻塞性肺疾,否,維持、預防、診斷或其他用途，不作一般急救吸入劑,維持／控制治療,是,是,含 ICS，吸入後漱口並吐掉,打開裝置並推動滑桿完成上藥；先遠離裝置吐氣，再快速、深而有力吸入；不需按壓與吸氣同步；不可對裝置內吐氣；吸後閉氣約10秒。,須由醫師處方使用,荷商葛蘭素史克藥廠股份有限公司台灣分公司,碟型塑膠殼裝,每日最高可早晚各吸入壹次。,TFDA 未註銷藥品許可證資料集（InfoId 37）＋全部藥品許可證資料集（InfoId 36）,2026-07-16
使肺泰２５０準納乾粉吸入劑,SERETIDE 250 ACCUHALER INHALATION POWDER,衛署藥輸字第023203號,未註銷,2031/06/18,未註銷且日期未屆,SALMETEROL XINAFOATE MICRONIZED;;FLUTICASONE PROPIONATE MICRONIZED,salmeterol; fluticasone propionate,LABA; ICS,粉狀吸入劑,DPI,裝置商品名或劑型明示乾粉吸入,STRETIDE適用於可逆性呼吸道阻塞疾病(ROAD)之常規治療，包括適合使用支氣管擴張劑及皮質類固醇組合療法之患有氣喘的兒童與成人。這可能包括：正在使用長效乙型作用劑(β-AGONIST)及吸入型皮質類固醇之有效維持劑量的患者。正在接受吸入型皮質類固醇療法，而仍有症狀之患者。接受支氣管擴張劑之常規治療，而需要吸入型皮質類固醇之患者。SERETIDE適用於嚴重慢性阻塞性肺部疾病(FEV1<50%預期值，FEV1/FVC<70%)之維持治療，包括慢性支氣管炎和肺氣腫。,皆可,藥證適應症同時明列氣喘與 COPD／慢性阻塞性肺疾,否,維持、預防、診斷或其他用途，不作一般急救吸入劑,維持／控制治療,是,是,含 ICS，吸入後漱口並吐掉,打開裝置並推動滑桿完成上藥；先遠離裝置吐氣，再快速、深而有力吸入；不需按壓與吸氣同步；不可對裝置內吐氣；吸後閉氣約10秒。,須由醫師處方使用,荷商葛蘭素史克藥廠股份有限公司台灣分公司,碟型塑膠殼裝,,TFDA 未註銷藥品許可證資料集（InfoId 37）＋全部藥品許可證資料集（InfoId 36）,2026-07-16
潤娃易利達184/22 mcg 乾粉吸入劑,Relvar Ellipta 184/22 mcg Inhalation Powder,衛部藥輸字第027034號,未註銷,2027/02/02,未註銷且日期未屆,Vilanterol trifenatate (micronised);;Fluticasone furoate (micronised),vilanterol; fluticasone furoate,LABA; ICS,乾粉吸入劑,DPI,裝置商品名或劑型明示乾粉吸入,治療適合使用吸入型皮質類固醇及長效β2作用劑合併治療的18歲及以上氣喘患者,氣喘,藥證適應症明列氣喘,否,維持、預防、診斷或其他用途，不作一般急救吸入劑,維持／控制治療,是,是,含 ICS，吸入後漱口並吐掉,開蓋即完成上藥，勿無故反覆開關；先遠離裝置吐氣，再快速、深而有力吸入；不需按壓與吸氣同步；不可對裝置內吐氣；吸後閉氣約10秒。,須由醫師處方使用,荷商葛蘭素史克藥廠股份有限公司台灣分公司,塑膠殼裝;;含劑量計數之吸入器,如仿單,TFDA 未註銷藥品許可證資料集（InfoId 37）＋全部藥品許可證資料集（InfoId 36）,2026-07-16
安肺樂易利達 55/22 mcg 乾粉吸入劑,Anoro Ellipta 55/22 mcg inhalation Powder,衛部藥輸字第026315號,未註銷,2029/06/30,未註銷且日期未屆,Vilanterol trifenatate (micronised);;Umeclidinium bromide (micronised),vilanterol; umeclidinium,LABA; LAMA,乾粉吸入劑,DPI,裝置商品名或劑型明示乾粉吸入,適用於做為慢性阻塞性肺病(COPD)病人的維持治療用藥,COPD,藥證適應症明列 COPD／慢性阻塞性肺疾,否,維持、預防、診斷或其他用途，不作一般急救吸入劑,維持／控制治療,否,否,未含 ICS，無例行性類固醇漱口要求,開蓋即完成上藥，勿無故反覆開關；先遠離裝置吐氣，再快速、深而有力吸入；不需按壓與吸氣同步；不可對裝置內吐氣；吸後閉氣約10秒。,須由醫師處方使用,荷商葛蘭素史克藥廠股份有限公司台灣分公司,塑膠殼裝,如仿單,TFDA 未註銷藥品許可證資料集（InfoId 37）＋全部藥品許可證資料集（InfoId 36）,2026-07-16
艾能舒吸入膠囊150/50/80微克,"Enerzair breezhaler 150/50/80 mcg, inhalation powder hard capsule",衛部藥輸字第028048號,未註銷,2031/05/19,未註銷且日期未屆,Indacaterol acetate;;Glycopyrronium bromide;;MOMETASONE FUROATE,indacaterol; glycopyrronium; mometasone,LABA; LAMA; ICS,吸入用膠囊劑,DPI,裝置商品名或劑型明示乾粉吸入,適用於併用吸入性長效型β2-腎上腺受體作用劑和吸入性皮質類固醇治療氣喘仍控制不佳的成年病人，做為氣喘維持治療。,氣喘,藥證適應症明列氣喘,否,維持、預防、診斷或其他用途，不作一般急救吸入劑,維持／控制治療,是,是,含 ICS，吸入後漱口並吐掉,膠囊須放入專用裝置並刺破，絕不可吞服；先遠離裝置吐氣，再快速、深而有力吸入；不需按壓與吸氣同步；不可對裝置內吐氣；吸後閉氣約10秒。吸後檢查膠囊，必要時再吸一次。,須由醫師處方使用,台灣諾華股份有限公司,鋁箔盒裝,詳見仿單,TFDA 未註銷藥品許可證資料集（InfoId 37）＋全部藥品許可證資料集（InfoId 36）,2026-07-16
艾威舒霈吸入劑,"Alvospiva 18mcg, inhalation powder, hard capsule with device",衛部藥輸字第028354號,未註銷,2027/08/04,未註銷且日期未屆,TIOTROPIUM,tiotropium,LAMA,口腔吸入劑,DPI,裝置商品名或劑型明示乾粉吸入,慢性阻塞性肺疾(包括慢性支氣管炎及肺氣腫)維持治療、降低惡化。,COPD,藥證適應症明列 COPD／慢性阻塞性肺疾,否,維持、預防、診斷或其他用途，不作一般急救吸入劑,維持／控制治療,否,否,未含 ICS，無例行性類固醇漱口要求,膠囊須放入專用裝置並刺破，絕不可吞服；先遠離裝置吐氣，再快速、深而有力吸入；不需按壓與吸氣同步；不可對裝置內吐氣；吸後閉氣約10秒。吸後檢查膠囊，必要時再吸一次。,須由醫師處方使用,美時化學製藥股份有限公司,鋁箔盒裝,請詳見仿單,TFDA 未註銷藥品許可證資料集（InfoId 37）＋全部藥品許可證資料集（InfoId 36）,2026-07-16
英克賜易利達55 mcg乾粉吸入劑,Incruse Ellipta 55 mcg Inhalation Powder,衛部藥輸字第026500號,未註銷,2030/06/01,未註銷且日期未屆,Umeclidinium bromide (micronised),umeclidinium,LAMA,乾粉吸入劑,DPI,裝置商品名或劑型明示乾粉吸入,慢性阻塞性肺病(COPD)患者之氣道阻塞症狀的維持治療,COPD,藥證適應症明列 COPD／慢性阻塞性肺疾,否,維持、預防、診斷或其他用途，不作一般急救吸入劑,維持／控制治療,否,否,未含 ICS，無例行性類固醇漱口要求,開蓋即完成上藥，勿無故反覆開關；先遠離裝置吐氣，再快速、深而有力吸入；不需按壓與吸氣同步；不可對裝置內吐氣；吸後閉氣約10秒。,須由醫師處方使用,荷商葛蘭素史克藥廠股份有限公司台灣分公司,含劑量計數之吸入器;;塑膠殼裝,如仿單,TFDA 未註銷藥品許可證資料集（InfoId 37）＋全部藥品許可證資料集（InfoId 36）,2026-07-16
昂帝博吸入膠囊110/50微克,"Ultibro Breezhaler 110/50 microgram, inhalation powder hard capsules",衛部藥輸字第026301號,未註銷,2029/05/26,未註銷且日期未屆,Glycopyrronium bromide;;INDACATEROL MALEATE,glycopyrronium; indacaterol,LAMA; LABA,吸入用膠囊劑,DPI,裝置商品名或劑型明示乾粉吸入,慢性阻塞性肺疾 (COPD; 包括慢性支氣管炎及肺氣腫 ) 之維持治療。降低有惡化病史病人之COPD 惡化。,COPD,藥證適應症明列 COPD／慢性阻塞性肺疾,否,維持、預防、診斷或其他用途，不作一般急救吸入劑,維持／控制治療,否,否,未含 ICS，無例行性類固醇漱口要求,膠囊須放入專用裝置並刺破，絕不可吞服；先遠離裝置吐氣，再快速、深而有力吸入；不需按壓與吸氣同步；不可對裝置內吐氣；吸後閉氣約10秒。吸後檢查膠囊，必要時再吸一次。,須由醫師處方使用,台灣諾華股份有限公司,30粒膠囊盒裝內含1個吸入器,如仿單說明書,TFDA 未註銷藥品許可證資料集（InfoId 37）＋全部藥品許可證資料集（InfoId 36）,2026-07-16
肺樂喜易利達92/55/22 mcg乾粉吸入劑,Trelegy Ellipta 92/55/22 mcg Inhalation Powder,衛部藥輸字第027395號,未註銷,2028/05/01,未註銷且日期未屆,Umeclidinium bromide (micronised);;Vilanterol trifenatate (micronised);;Fluticasone furoate (micronised),umeclidinium; vilanterol; fluticasone furoate,LAMA; LABA; ICS,乾粉吸入劑,DPI,裝置商品名或劑型明示乾粉吸入,1. 慢性阻塞性肺病維持治療：適用於已接受吸入性皮質類固醇與長效β2作用劑合併治療，或已定期使用兩種吸入型長效支氣管擴張劑合併治療，而仍控制不佳的慢性阻塞性肺病(COPD)病人，以治療氣道阻塞。也適用於降低有惡化病史病人之COPD惡化。 2. 氣喘維持治療：適用於併用吸入性長效型β2-腎上腺受體作用劑和吸入性皮質類固醇治療氣喘仍控制不佳的成年病人，做為氣喘維持治療。,皆可,藥證適應症同時明列氣喘與 COPD／慢性阻塞性肺疾,否,維持、預防、診斷或其他用途，不作一般急救吸入劑,維持／控制治療,是,是,含 ICS，吸入後漱口並吐掉,開蓋即完成上藥，勿無故反覆開關；先遠離裝置吐氣，再快速、深而有力吸入；不需按壓與吸氣同步；不可對裝置內吐氣；吸後閉氣約10秒。,須由醫師處方使用,荷商葛蘭素史克藥廠股份有限公司台灣分公司,吸入器,如仿單,TFDA 未註銷藥品許可證資料集（InfoId 37）＋全部藥品許可證資料集（InfoId 36）,2026-07-16
艾能舒吸入膠囊150/50/160微克,"Enerzair breezhaler 150/50/160 mcg, inhalation powder hard capsule",衛部藥輸字第028049號,未註銷,2031/05/19,未註銷且日期未屆,Glycopyrronium bromide;;Indacaterol acetate;;MOMETASONE FUROATE,glycopyrronium; indacaterol; mometasone,LAMA; LABA; ICS,吸入用膠囊劑,DPI,裝置商品名或劑型明示乾粉吸入,適用於併用吸入性長效型β2-腎上腺受體作用劑和吸入性皮質類固醇治療氣喘仍控制不佳的成年病人，做為氣喘維持治療。,氣喘,藥證適應症明列氣喘,否,維持、預防、診斷或其他用途，不作一般急救吸入劑,維持／控制治療,是,是,含 ICS，吸入後漱口並吐掉,膠囊須放入專用裝置並刺破，絕不可吞服；先遠離裝置吐氣，再快速、深而有力吸入；不需按壓與吸氣同步；不可對裝置內吐氣；吸後閉氣約10秒。吸後檢查膠囊，必要時再吸一次。,須由醫師處方使用,台灣諾華股份有限公司,鋁箔盒裝,詳見仿單,TFDA 未註銷藥品許可證資料集（InfoId 37）＋全部藥品許可證資料集（InfoId 36）,2026-07-16
瑞樂沙旋達碟,RELENZA ROTADISKS,衛署藥輸字第023336號,未註銷,2026/12/24,未註銷且日期未屆,ZANAMIVIR,zanamivir,抗病毒藥,口腔吸入劑,DPI,裝置商品名或劑型明示乾粉吸入,治療及預防成人及兒童(≧5歲)之A型及B型流行性感冒。,其他,適應症屬肺動脈高壓、流感、化痰或其他非氣喘／COPD 用途,否,維持、預防、診斷或其他用途，不作一般急救吸入劑,流感治療／預防（非氣喘急救）,否,否,未含 ICS，無例行性類固醇漱口要求,將旋達碟裝入專用裝置並刺破泡殼；先遠離裝置吐氣，再快速、深而有力吸入；不需按壓與吸氣同步；不可對裝置內吐氣；吸後閉氣約10秒。,須由醫師處方使用,荷商葛蘭素史克藥廠股份有限公司台灣分公司,盒裝,,TFDA 未註銷藥品許可證資料集（InfoId 37）＋全部藥品許可證資料集（InfoId 36）,2026-07-16
”保衛康”治喘樂吸入劑 160 微公克,Alvesco 160 Inhaler,衛署藥輸字第024786號,未註銷,2028/02/04,未註銷且日期未屆,CICLESONIDE,ciclesonide,ICS,口腔吸入劑,MDI,依品名、劑型與包裝判定為定量吸入器,成人、青少年及四歲以上兒童之持續性氣喘。,氣喘,藥證適應症明列氣喘,否,維持、預防、診斷或其他用途，不作一般急救吸入劑,維持／控制治療,是,是,含 ICS，吸入後漱口並吐掉,使用前搖勻（依仿單）；先吐氣，再於開始緩慢深吸時同步按壓一次；持續吸到底並閉氣約10秒。協調困難可依醫囑搭配吸入輔助器。,須由醫師處方使用,台灣大昌華嘉股份有限公司,瓶裝,詳見仿單。,TFDA 未註銷藥品許可證資料集（InfoId 37）＋全部藥品許可證資料集（InfoId 36）,2026-07-16
”保衛康”治喘樂吸入劑 80 微公克,Alvesco 80 Inhaler,衛署藥輸字第024787號,未註銷,2028/02/04,未註銷且日期未屆,CICLESONIDE,ciclesonide,ICS,口腔吸入劑,MDI,依品名、劑型與包裝判定為定量吸入器,成人、青少年及四歲以上兒童之持續性氣喘。,氣喘,藥證適應症明列氣喘,否,維持、預防、診斷或其他用途，不作一般急救吸入劑,維持／控制治療,是,是,含 ICS，吸入後漱口並吐掉,使用前搖勻（依仿單）；先吐氣，再於開始緩慢深吸時同步按壓一次；持續吸到底並閉氣約10秒。協調困難可依醫囑搭配吸入輔助器。,須由醫師處方使用,台灣大昌華嘉股份有限公司,瓶裝,詳見仿單。,TFDA 未註銷藥品許可證資料集（InfoId 37）＋全部藥品許可證資料集（InfoId 36）,2026-07-16
克爾喘吸入劑250微公克,Clenil 250 mcg Pressurised Inhalation Solution,衛署藥輸字第024453號,未註銷,2026/05/26,日期已過但仍列未註銷資料集,BECLOMETHASONE DIPROPIONATE,beclomethasone,ICS,口腔吸入劑,MDI,定量／加壓氣霧吸入裝置,支氣管氣喘。,氣喘,藥證適應症明列氣喘,否,維持、預防、診斷或其他用途，不作一般急救吸入劑,維持／控制治療,是,是,含 ICS，吸入後漱口並吐掉,使用前搖勻（依仿單）；先吐氣，再於開始緩慢深吸時同步按壓一次；持續吸到底並閉氣約10秒。協調困難可依醫囑搭配吸入輔助器。,須由醫師處方使用,吉富貿易有限公司,鋁罐裝,,TFDA 未註銷藥品許可證資料集（InfoId 37）＋全部藥品許可證資料集（InfoId 36）,2026-07-16
帝舒滿定量噴霧劑,Duasma HFA 200 (Budesonide 200mcg) Inhaler,衛署藥製字第057770號,未註銷,2027/12/12,未註銷且日期未屆,BUDESONIDE,budesonide,ICS,口腔氣化噴霧劑,MDI,定量／加壓氣霧吸入裝置,支氣管氣喘。,氣喘,藥證適應症明列氣喘,否,維持、預防、診斷或其他用途，不作一般急救吸入劑,維持／控制治療,是,是,含 ICS，吸入後漱口並吐掉,使用前搖勻（依仿單）；先吐氣，再於開始緩慢深吸時同步按壓一次；持續吸到底並閉氣約10秒。協調困難可依醫囑搭配吸入輔助器。,須由醫師處方使用,益得生物科技股份有限公司,鋁瓶,請詳見仿單,TFDA 未註銷藥品許可證資料集（InfoId 37）＋全部藥品許可證資料集（InfoId 36）,2026-07-16
輔舒酮 優氟 吸入劑５０微公克／劑量,FLIXOTIDE EVOHALER 50MCG,衛署藥輸字第023755號,未註銷,2028/06/20,未註銷且日期未屆,FLUTICASONE PROPIONATE MICRONIZED,fluticasone propionate,ICS,口腔吸入劑,MDI,定量／加壓氣霧吸入裝置,用於預防性治療成人及兒童氣喘。,氣喘,藥證適應症明列氣喘,否,維持、預防、診斷或其他用途，不作一般急救吸入劑,維持／控制治療,是,是,含 ICS，吸入後漱口並吐掉,使用前搖勻（依仿單）；先吐氣，再於開始緩慢深吸時同步按壓一次；持續吸到底並閉氣約10秒。協調困難可依醫囑搭配吸入輔助器。,須由醫師處方使用,荷商葛蘭素史克藥廠股份有限公司台灣分公司,金屬罐裝附吸入器;;金屬罐裝附吸入器,,TFDA 未註銷藥品許可證資料集（InfoId 37）＋全部藥品許可證資料集（InfoId 36）,2026-07-16
使肺泰250優氟吸入劑,SERETIDE 250 EVOHALER,衛署藥輸字第023481號,未註銷,2027/07/01,未註銷且日期未屆,FLUTICASONE PROPIONATE MICRONIZED;;SALMETEROL XINAFOATE MICRONIZED,fluticasone propionate; salmeterol,ICS; LABA,口腔吸入劑,MDI,定量／加壓氣霧吸入裝置,SERETIDE適用於可逆性呼吸道阻塞疾病(ROAD)之常規治療，包括適合使用支氣管擴張劑及皮質類固醇組合療法之患有氣喘的兒童與成人。這可能包括：正在使用長效乙型作用劑(β-AGONIST)及吸入型皮質類固醇之有效維持劑量的患者。正在接受吸入型皮質類固醇療法，而仍有症狀之患者。接受支氣管擴張劑之常規治療，而需要吸入型皮質類固醇之患者。SERETIDE適用於嚴重慢性阻塞性肺部疾病(FEV1 <50%預期值，FEV1/FVC<70%)之維持治療，包括慢性支氣管炎和肺氣腫。,皆可,藥證適應症同時明列氣喘與 COPD／慢性阻塞性肺疾,否,維持、預防、診斷或其他用途，不作一般急救吸入劑,維持／控制治療,是,是,含 ICS，吸入後漱口並吐掉,使用前搖勻（依仿單）；先吐氣，再於開始緩慢深吸時同步按壓一次；持續吸到底並閉氣約10秒。協調困難可依醫囑搭配吸入輔助器。,須由醫師處方使用,荷商葛蘭素史克藥廠股份有限公司台灣分公司,罐裝附含劑量計數之吸入器,,TFDA 未註銷藥品許可證資料集（InfoId 37）＋全部藥品許可證資料集（InfoId 36）,2026-07-16
吸洛復250定量噴霧吸入劑,SEROFLO 250 INHALER (CFC free),衛部藥輸字第027767號,未註銷,2029/12/03,未註銷且日期未屆,FLUTICASONE PROPIONATE;;SALMETEROL,fluticasone propionate; salmeterol,ICS; LABA,口腔吸入劑,MDI,定量／加壓氣霧吸入裝置,適用於可逆性呼吸道阻塞疾病(ROAD)之常規治療，包括適合使用支氣管擴張劑及皮質類固醇組合療法之患有氣喘的兒童與成人。這可能包括：正在使用長效乙型作用劑(ß-AGONIST)及吸入型皮質類固醇之有效維持劑量的患者。正在接受吸入型皮質類固醇療法，而仍有症狀之患者。接受支氣管擴張劑之常規治療，而需要吸入型皮質類固醇之患者。SEROFLO適用於嚴重慢性阻塞性肺部疾病(FEV1<50%預期值，EV1/FVC<70%)之維持治療，包括慢性支氣管炎和肺氣腫。,皆可,藥證適應症同時明列氣喘與 COPD／慢性阻塞性肺疾,否,維持、預防、診斷或其他用途，不作一般急救吸入劑,維持／控制治療,是,是,含 ICS，吸入後漱口並吐掉,使用前搖勻（依仿單）；先吐氣，再於開始緩慢深吸時同步按壓一次；持續吸到底並閉氣約10秒。協調困難可依醫囑搭配吸入輔助器。,須由醫師處方使用,侑安藥品股份有限公司,罐裝附含劑量計數之吸入器,請詳見仿單,TFDA 未註銷藥品許可證資料集（InfoId 37）＋全部藥品許可證資料集（InfoId 36）,2026-07-16
欣必復氣化噴霧劑160/4.5微克/劑量,Synbufo Inhaler 160/4.5 μg/dose,衛部藥製字第061164號,未註銷,2027/09/13,未註銷且日期未屆,BUDESONIDE;;FORMOTEROL FUMARATE DIHYDRATE,budesonide; formoterol,ICS; LABA,氣化噴霧劑,MDI,定量／加壓氣霧吸入裝置,氣喘(Asthma)：適用於適合使用吸入型皮質類固醇及長效β2作用劑(β2-agonist)合併治療的氣喘(asthma)常規治療。--以吸入型皮質類固醇和”需要時”吸入短效β2作用劑未能充分控制氣喘的病人。慢性阻塞性肺部疾病(COPD)：適用於患有中至重度COPD，頻繁出現症狀及有惡化病史之病人的常規治療。,皆可,藥證適應症同時明列氣喘與 COPD／慢性阻塞性肺疾,否,維持、預防、診斷或其他用途，不作一般急救吸入劑,維持／控制治療,是,是,含 ICS，吸入後漱口並吐掉,使用前搖勻（依仿單）；先吐氣，再於開始緩慢深吸時同步按壓一次；持續吸到底並閉氣約10秒。協調困難可依醫囑搭配吸入輔助器。,須由醫師處方使用,益得生物科技股份有限公司,鋁罐裝,請詳見仿單,TFDA 未註銷藥品許可證資料集（InfoId 37）＋全部藥品許可證資料集（InfoId 36）,2026-07-16
肺舒坦定量吸入劑 100/6mcg/dose,Foster,衛署藥輸字第025092號,未註銷,2029/09/18,未註銷且日期未屆,BECLOMETHASONE DIPROPIONATE;;FORMOTEROL FUMARATE DIHYDRATE,beclomethasone; formoterol,ICS; LABA,口腔吸入劑,MDI,依品名、劑型與包裝判定為定量吸入器,氣喘: Foster適用於需規律使用吸入型皮質類固醇與長效beta 2致效劑合併治療的氣喘病患。 慢性阻塞性肺病(COPD): 患有較嚴重之慢性阻塞性肺病(FEV1少於預測值之50%)及有反覆惡化病史，已定期使用長效型支氣管擴張劑，而仍有明顯症狀病患之治療。,皆可,藥證適應症同時明列氣喘與 COPD／慢性阻塞性肺疾,否,維持、預防、診斷或其他用途，不作一般急救吸入劑,維持／控制治療,是,是,含 ICS，吸入後漱口並吐掉,使用前搖勻（依仿單）；先吐氣，再於開始緩慢深吸時同步按壓一次；持續吸到底並閉氣約10秒。協調困難可依醫囑搭配吸入輔助器。,須由醫師處方使用,友華生技醫藥股份有限公司,鋁罐瓶裝,詳見仿單,TFDA 未註銷藥品許可證資料集（InfoId 37）＋全部藥品許可證資料集（InfoId 36）,2026-07-16
肺舒坦定量吸入劑200/6 mcg/dose,Foster 200/6,衛部藥輸字第027945號,未註銷,2030/09/11,未註銷且日期未屆,BECLOMETHASONE DIPROPIONATE;;FORMOTEROL FUMARATE DIHYDRATE,beclomethasone; formoterol,ICS; LABA,氣化噴霧劑,MDI,定量／加壓氣霧吸入裝置,適用於需規律使用吸入型皮質類固醇與長效beta2-致效劑合併治療的氣喘成人病人。,氣喘,藥證適應症明列氣喘,否,維持、預防、診斷或其他用途，不作一般急救吸入劑,維持／控制治療,是,是,含 ICS，吸入後漱口並吐掉,使用前搖勻（依仿單）；先吐氣，再於開始緩慢深吸時同步按壓一次；持續吸到底並閉氣約10秒。協調困難可依醫囑搭配吸入輔助器。,須由醫師處方使用,友華生技醫藥股份有限公司,鋁罐瓶裝,詳如仿單,TFDA 未註銷藥品許可證資料集（InfoId 37）＋全部藥品許可證資料集（InfoId 36）,2026-07-16
喘寶定量吸入劑200/6/12.5微克/劑量,"Trimbow 200/6/12.5 micrograms pressuried inhalation, solution",衛部藥輸字第028490號,未註銷,2028/07/04,未註銷且日期未屆,BECLOMETHASONE DIPROPIONATE ANHYDROUS (equal to BECLOMETASONE DIPROPIONATE ANHYDROUS);;FORMOTEROL FUMARATE DIHYDRATE;;Glycopyrronium bromide,beclomethasone; formoterol; glycopyrronium,ICS; LABA; LAMA,氣化噴霧劑,MDI,定量／加壓氣霧吸入裝置,適用於已使用長效 beta 2 致效劑與高劑量吸入型皮質類固醇維持合併療法仍未得到充分控制，且前一年內有一次以上氣喘發作的成年病人，作為氣喘的維持療法。,氣喘,藥證適應症明列氣喘,否,維持、預防、診斷或其他用途，不作一般急救吸入劑,維持／控制治療,是,是,含 ICS，吸入後漱口並吐掉,使用前搖勻（依仿單）；先吐氣，再於開始緩慢深吸時同步按壓一次；持續吸到底並閉氣約10秒。協調困難可依醫囑搭配吸入輔助器。,須由醫師處方使用,友華生技醫藥股份有限公司,鋁罐瓶裝,詳如仿單,TFDA 未註銷藥品許可證資料集（InfoId 37）＋全部藥品許可證資料集（InfoId 36）,2026-07-16
使肺泰125優氟吸入劑,SERETIDE 125 EVOHALER,衛署藥輸字第023482號,未註銷,2027/07/01,未註銷且日期未屆,SALMETEROL XINAFOATE MICRONIZED;;FLUTICASONE PROPIONATE MICRONIZED,salmeterol; fluticasone propionate,LABA; ICS,口腔吸入劑,MDI,定量／加壓氣霧吸入裝置,SERETIDE適用於可逆性呼吸道阻塞疾病(ROAD)之常規治療，包括適合使用支氣管擴張劑及皮質類固醇組合療法之患有氣喘的兒童與成人。這可能包括：正在使用長效乙型作用劑(β-AGONIST)及吸入型皮質類固醇之有效維持劑量的患者。正在接受吸入型皮質類固醇療法，而仍有症狀之患者。接受支氣管擴張劑之常規治療，而需要吸入型皮質類固醇之患者。SERETIDE適用於嚴重慢性阻塞性肺部疾病(FEV1<50%預期值，FEV1/FVC<70%)之維持治療，包括慢性支氣管炎和肺氣腫。,皆可,藥證適應症同時明列氣喘與 COPD／慢性阻塞性肺疾,否,維持、預防、診斷或其他用途，不作一般急救吸入劑,維持／控制治療,是,是,含 ICS，吸入後漱口並吐掉,使用前搖勻（依仿單）；先吐氣，再於開始緩慢深吸時同步按壓一次；持續吸到底並閉氣約10秒。協調困難可依醫囑搭配吸入輔助器。,須由醫師處方使用,荷商葛蘭素史克藥廠股份有限公司台灣分公司,罐裝附含劑量計數之吸入器,,TFDA 未註銷藥品許可證資料集（InfoId 37）＋全部藥品許可證資料集（InfoId 36）,2026-07-16
使肺泰50優氟吸入劑,SERETIDE 50 EVOHALER,衛署藥輸字第023480號,未註銷,2027/07/01,未註銷且日期未屆,SALMETEROL XINAFOATE MICRONIZED;;FLUTICASONE PROPIONATE MICRONIZED,salmeterol; fluticasone propionate,LABA; ICS,口腔吸入劑,MDI,定量／加壓氣霧吸入裝置,SERETIDE適用於可逆性呼吸道阻塞疾病(ROAD)之常規治療，包括適合使用支氣管擴張劑及皮質類固醇組合療法的兒童與成人。這可能包括正在使用長效乙型作用劑(β-AGONIST)及吸入型皮質類固醇之有效維持劑量的患者。正在接受吸入型皮質類固醇療法，而仍有症狀之患者。接受支氣管擴張劑之常規治療，而需要吸入型皮質類固醇之患者。,氣喘,藥證使用 ROAD／可逆性呼吸道阻塞疾病用語且未列 COPD，歸入氣喘控制用途,否,維持、預防、診斷或其他用途，不作一般急救吸入劑,維持／控制治療,是,是,含 ICS，吸入後漱口並吐掉,使用前搖勻（依仿單）；先吐氣，再於開始緩慢深吸時同步按壓一次；持續吸到底並閉氣約10秒。協調困難可依醫囑搭配吸入輔助器。,須由醫師處方使用,荷商葛蘭素史克藥廠股份有限公司台灣分公司,罐裝附含劑量計數之吸入器,,TFDA 未註銷藥品許可證資料集（InfoId 37）＋全部藥品許可證資料集（InfoId 36）,2026-07-16
必肺宜氣化噴霧劑7.2/5.0微克/劑量,"Bevespi Aerosphere 7.2/5.0 micrograms Pressurised Inhalation, Suspension",衛部藥輸字第027524號,未註銷,2028/10/29,未註銷且日期未屆,FORMOTEROL FUMARATE DIHYDRATE;;glycopyrronium,formoterol; glycopyrronium,LABA; LAMA,口腔氣化噴霧劑,MDI,定量／加壓氣霧吸入裝置,"BEVESPI AEROSPHERE是glycopyrronium和formoterol fumarate dihydrate的組合藥品，適用於慢性阻塞性肺病(Chronic Obstructive Pulmonary Disease, COPD)病人氣流阻塞的長期維持治療。",COPD,藥證適應症明列 COPD／慢性阻塞性肺疾,否,維持、預防、診斷或其他用途，不作一般急救吸入劑,維持／控制治療,否,否,未含 ICS，無例行性類固醇漱口要求,使用前搖勻（依仿單）；先吐氣，再於開始緩慢深吸時同步按壓一次；持續吸到底並閉氣約10秒。協調困難可依醫囑搭配吸入輔助器。,須由醫師處方使用,臺灣阿斯特捷利康股份有限公司,鋁箔袋裝,詳見仿單,TFDA 未註銷藥品許可證資料集（InfoId 37）＋全部藥品許可證資料集（InfoId 36）,2026-07-16
必肺暢氣化噴霧劑160/7.2/5.0微克,BREZTRI AEROSPHERE 160/7.2/5.0 micrograms,衛部藥輸字第028183號,未註銷,2026/11/11,未註銷且日期未屆,FORMOTEROL FUMARATE DIHYDRATE;;glycopyrronium;;BUDESONIDE MICRONIZED,formoterol; glycopyrronium; budesonide,LABA; LAMA; ICS,口腔氣化噴霧劑,MDI,定量／加壓氣霧吸入裝置,適用於已接受吸入性皮質類固醇與長效β2作用劑合併治療、或長效β2作用劑與長效蕈毒鹼受體拮抗劑合併治療，而仍控制不佳的中至重度慢性阻塞性肺病 (COPD) 病人的維持治療。,COPD,藥證適應症明列 COPD／慢性阻塞性肺疾,否,維持、預防、診斷或其他用途，不作一般急救吸入劑,維持／控制治療,是,是,含 ICS，吸入後漱口並吐掉,使用前搖勻（依仿單）；先吐氣，再於開始緩慢深吸時同步按壓一次；持續吸到底並閉氣約10秒。協調困難可依醫囑搭配吸入輔助器。,須由醫師處方使用,臺灣阿斯特捷利康股份有限公司,鋁箔袋裝,詳見仿單,TFDA 未註銷藥品許可證資料集（InfoId 37）＋全部藥品許可證資料集（InfoId 36）,2026-07-16
喘寶定量吸入劑100/6/12.5 mcg/dose,Trimbow,衛部藥輸字第027672號,未註銷,2029/08/29,未註銷且日期未屆,Glycopyrronium bromide;;BECLOMETHASONE DIPROPIONATE ANHYDROUS (equal to BECLOMETASONE DIPROPIONATE ANHYDROUS);;FORMOTEROL FUMARATE DIHYDRATE,glycopyrronium; beclomethasone; formoterol,LAMA; ICS; LABA,氣化噴霧劑,MDI,定量／加壓氣霧吸入裝置,1.慢性阻塞性肺病(COPD)：用於重度以上呼氣氣流受阻（FEV1少於預測值之50%）及有惡化病史之慢性阻塞性肺病(COPD)成年病人，在已使用吸入型皮質類固醇與長效beta 2致效劑合併療法或長效beta 2致效劑與長效毒蕈結抗劑合併療法仍未得到充分治療時，作為維持治療使用，以控制症狀及降低反覆惡化發生。 2.氣喘：適用於已使用長效beta 2致效劑與中等劑量吸入型皮質類固醇維持合併療法仍未得到充分控制，且前一年內有一次以上氣喘發作的成年病人，作為氣喘的維持治療。,皆可,藥證適應症同時明列氣喘與 COPD／慢性阻塞性肺疾,否,維持、預防、診斷或其他用途，不作一般急救吸入劑,維持／控制治療,是,是,含 ICS，吸入後漱口並吐掉,使用前搖勻（依仿單）；先吐氣，再於開始緩慢深吸時同步按壓一次；持續吸到底並閉氣約10秒。協調困難可依醫囑搭配吸入輔助器。,須由醫師處方使用,友華生技醫藥股份有限公司,鋁罐瓶裝,詳見仿單,TFDA 未註銷藥品許可證資料集（InfoId 37）＋全部藥品許可證資料集（InfoId 36）,2026-07-16
備勞喘１００微公克定量噴霧液,BEROTEC N 100MCG/PUFF METERED AEROSOL,衛署藥輸字第023074號,未註銷,2030/12/04,未註銷且日期未屆,FENOTEROL HYDROBROMIDE,fenoterol,SABA,口腔氣化噴霧劑,MDI,定量／加壓氣霧吸入裝置,下列支氣管痙攣疾患之預防和治療：支氣管氣喘、阻塞性支氣管炎、慢性支氣管炎、氣腫和伴有支氣管痙攣之肺支氣管障礙。,皆可,藥證適應症同時明列氣喘與 COPD／慢性阻塞性肺疾,是,含 SABA，可用於急性支氣管痙攣緩解；仍須依處方與急性處置計畫,急救／症狀緩解為主,否,否,未含 ICS，無例行性類固醇漱口要求,使用前搖勻（依仿單）；先吐氣，再於開始緩慢深吸時同步按壓一次；持續吸到底並閉氣約10秒。協調困難可依醫囑搭配吸入輔助器。,須由醫師處方使用,台灣百靈佳殷格翰股份有限公司,不銹鋼罐裝,,TFDA 未註銷藥品許可證資料集（InfoId 37）＋全部藥品許可證資料集（InfoId 36）,2026-07-16
欣泛定量噴霧劑,Synvent HFA 100 (Albuterol 100mcg) lnhaler,衛署藥製字第057808號,未註銷,2028/01/16,未註銷且日期未屆,SALBUTAMOL SULFATE(ALBUTEROL SULFATE),salbutamol,SABA,口腔吸入劑,MDI,定量／加壓氣霧吸入裝置,支氣管痙攣。,未明確,藥證使用較廣義的支氣管痙攣／可逆性阻塞文字，未分列氣喘與 COPD,是,含 SABA，可用於急性支氣管痙攣緩解；仍須依處方與急性處置計畫,急救／症狀緩解為主,否,否,未含 ICS，無例行性類固醇漱口要求,使用前搖勻（依仿單）；先吐氣，再於開始緩慢深吸時同步按壓一次；持續吸到底並閉氣約10秒。協調困難可依醫囑搭配吸入輔助器。,須由醫師處方使用,益得生物科技股份有限公司,鋁瓶,請詳見仿單,TFDA 未註銷藥品許可證資料集（InfoId 37）＋全部藥品許可證資料集（InfoId 36）,2026-07-16
泛得林定量噴霧劑,VENTOLIN INHALER,衛署藥輸字第017528號,未註銷,2030/01/17,未註銷且日期未屆,SALBUTAMOL SULFATE(ALBUTEROL SULFATE),salbutamol,SABA,口腔吸入劑,MDI,定量／加壓氣霧吸入裝置,支氣管痙攣,未明確,藥證使用較廣義的支氣管痙攣／可逆性阻塞文字，未分列氣喘與 COPD,是,含 SABA，可用於急性支氣管痙攣緩解；仍須依處方與急性處置計畫,急救／症狀緩解為主,否,否,未含 ICS，無例行性類固醇漱口要求,使用前搖勻（依仿單）；先吐氣，再於開始緩慢深吸時同步按壓一次；持續吸到底並閉氣約10秒。協調困難可依醫囑搭配吸入輔助器。,須由醫師處方使用,荷商葛蘭素史克藥廠股份有限公司台灣分公司,盒裝,,TFDA 未註銷藥品許可證資料集（InfoId 37）＋全部藥品許可證資料集（InfoId 36）,2026-07-16
"備喘全定量噴霧液 ""德國廠""",BERODUAL N METERED AEROSOL,衛署藥輸字第023473號,未註銷,2027/06/19,未註銷且日期未屆,FENOTEROL HYDROBROMIDE;;IPRATROPIUM BROMIDE,fenoterol; ipratropium,SABA; SAMA,噴霧劑,MDI,定量／加壓氣霧吸入裝置,下列支氣管痙攣疾患之預防和治療:支氣管氣喘、阻塞性支氣管炎、慢性支氣管炎、氣腫和伴支氣管痙攣之肺支氣管障害。,皆可,藥證適應症同時明列氣喘與 COPD／慢性阻塞性肺疾,是,含 SABA，可用於急性支氣管痙攣緩解；仍須依處方與急性處置計畫,急救／症狀緩解為主,否,否,未含 ICS，無例行性類固醇漱口要求,使用前搖勻（依仿單）；先吐氣，再於開始緩慢深吸時同步按壓一次；持續吸到底並閉氣約10秒。協調困難可依醫囑搭配吸入輔助器。,須由醫師處方使用,台灣百靈佳殷格翰股份有限公司,不銹鋼罐裝（10毫升/瓶=200定劑量）,,TFDA 未註銷藥品許可證資料集（InfoId 37）＋全部藥品許可證資料集（InfoId 36）,2026-07-16
"""信東""必坦寧吸入液2.5毫克/毫升",BUTANYL INHALATION SOLUTION 2.5MG/ML (TERBUTALINE SULFATE),衛署藥製字第043735號,未註銷,2030/05/08,未註銷且日期未屆,TERBUTALINE SULFATE,terbutaline,SABA,吸入用液劑,Nebulizer,液劑供霧化吸入,支氣管氣喘、支氣管炎及肺氣腫所伴隨之支氣管痙攣之緩解。,皆可,藥證適應症同時明列氣喘與 COPD／慢性阻塞性肺疾,是,含 SABA，可用於急性支氣管痙攣緩解；仍須依處方與急性處置計畫,急救／症狀緩解為主,否,否,未含 ICS，無例行性類固醇漱口要求,以口含器或面罩密合，採正常平穩呼吸至藥霧結束；不需按壓同步。每次使用後依設備說明清潔並晾乾藥杯與配件。,須由醫師處方使用,信東生技股份有限公司,塑膠瓶裝,,TFDA 未註銷藥品許可證資料集（InfoId 37）＋全部藥品許可證資料集（InfoId 36）,2026-07-16
"""信東""舒德林吸入液２毫克/毫升",SALDOLIN INHALATION SOLUTION 2MG/ML (SALBUTAMOL),衛署藥製字第043572號,未註銷,2030/02/28,未註銷且日期未屆,SALBUTAMOL (SULFATE),salbutamol,SABA,吸入用液劑,Nebulizer,液劑供霧化吸入,支氣管痙攣、急性嚴重性氣喘。,氣喘,藥證適應症明列氣喘,是,含 SABA，可用於急性支氣管痙攣緩解；仍須依處方與急性處置計畫,急救／症狀緩解為主,否,否,未含 ICS，無例行性類固醇漱口要求,以口含器或面罩密合，採正常平穩呼吸至藥霧結束；不需按壓同步。每次使用後依設備說明清潔並晾乾藥杯與配件。,限由醫師使用,信東生技股份有限公司,塑膠瓶裝,,TFDA 未註銷藥品許可證資料集（InfoId 37）＋全部藥品許可證資料集（InfoId 36）,2026-07-16
"""晟德"" 泰坦尼吸入液2.5毫克/毫升","Titanyl Solution for Nebulizing 2.5 mg/ml ""Center""",衛署藥製字第048385號,未註銷,2026/11/15,未註銷且日期未屆,TERBUTALINE SULFATE,terbutaline,SABA,口腔吸入劑,Nebulizer,液劑供霧化吸入,支氣管氣喘、支氣管炎及肺氣腫所伴隨之支氣管痙攣之緩解。,皆可,藥證適應症同時明列氣喘與 COPD／慢性阻塞性肺疾,是,含 SABA，可用於急性支氣管痙攣緩解；仍須依處方與急性處置計畫,急救／症狀緩解為主,否,否,未含 ICS，無例行性類固醇漱口要求,以口含器或面罩密合，採正常平穩呼吸至藥霧結束；不需按壓同步。每次使用後依設備說明清潔並晾乾藥杯與配件。,須由醫師處方使用,晟德大藥廠股份有限公司,塑膠瓶裝,詳如仿單,TFDA 未註銷藥品許可證資料集（InfoId 37）＋全部藥品許可證資料集（InfoId 36）,2026-07-16
"""晟德""尚得舒吸入液 2毫克/毫升","Centesol Inhalation Solution 2mg/ml ""Center""",衛署藥製字第047633號,未註銷,2030/11/11,未註銷且日期未屆,SALBUTAMOL,salbutamol,SABA,吸入用液劑,Nebulizer,液劑供霧化吸入,支氣管痙攣、急性嚴重性氣喘。,氣喘,藥證適應症明列氣喘,是,含 SABA，可用於急性支氣管痙攣緩解；仍須依處方與急性處置計畫,急救／症狀緩解為主,否,否,未含 ICS，無例行性類固醇漱口要求,以口含器或面罩密合，採正常平穩呼吸至藥霧結束；不需按壓同步。每次使用後依設備說明清潔並晾乾藥杯與配件。,限由醫師使用,晟德大藥廠股份有限公司,塑膠瓶裝,詳見仿單。,TFDA 未註銷藥品許可證資料集（InfoId 37）＋全部藥品許可證資料集（InfoId 36）,2026-07-16
“晟德”霏諾喘吸入液,Fenoterol Inhalation Solution“Center”,衛署藥製字第051521號,未註銷,2029/10/07,未註銷且日期未屆,FENOTEROL HYDROBROMIDE,fenoterol,SABA,口腔吸入劑,Nebulizer,液劑供霧化吸入,急性氣喘發作之症狀治療，已併用抗發炎藥物之可逆性氣道阻塞病人之症狀治療，預防運動引發的氣喘。,氣喘,藥證適應症明列氣喘,是,含 SABA，可用於急性支氣管痙攣緩解；仍須依處方與急性處置計畫,急救／症狀緩解為主,否,否,未含 ICS，無例行性類固醇漱口要求,以口含器或面罩密合，採正常平穩呼吸至藥霧結束；不需按壓同步。每次使用後依設備說明清潔並晾乾藥杯與配件。,須由醫師處方使用,晟德大藥廠股份有限公司,塑膠瓶裝,詳見仿單,TFDA 未註銷藥品許可證資料集（InfoId 37）＋全部藥品許可證資料集（InfoId 36）,2026-07-16
利平喘呼吸溶液劑,Nopant respirator solution,衛署藥製字第049211號,未註銷,2027/12/20,未註銷且日期未屆,SALBUTAMOL SULPHATE,salbutamol,SABA,氣化噴霧用溶液劑,Nebulizer,液劑供霧化吸入,氣喘。,氣喘,藥證適應症明列氣喘,是,含 SABA，可用於急性支氣管痙攣緩解；仍須依處方與急性處置計畫,急救／症狀緩解為主,否,否,未含 ICS，無例行性類固醇漱口要求,以口含器或面罩密合，採正常平穩呼吸至藥霧結束；不需按壓同步。每次使用後依設備說明清潔並晾乾藥杯與配件。,限由醫師使用,瑩碩生技醫藥股份有限公司,玻璃瓶裝,詳見仿單。,TFDA 未註銷藥品許可證資料集（InfoId 37）＋全部藥品許可證資料集（InfoId 36）,2026-07-16
抑安喘吸入液 2.5 毫克/毫升,Terbute Solution for Nebulizing 2.5mg/ml,衛署藥製字第049183號,未註銷,2027/12/03,未註銷且日期未屆,TERBUTALINE SULFATE,terbutaline,SABA,口腔吸入劑,Nebulizer,液劑供霧化吸入,支氣管氣喘、支氣管炎及肺氣腫所伴隨之支氣管痙攣之緩解。,皆可,藥證適應症同時明列氣喘與 COPD／慢性阻塞性肺疾,是,含 SABA，可用於急性支氣管痙攣緩解；仍須依處方與急性處置計畫,急救／症狀緩解為主,否,否,未含 ICS，無例行性類固醇漱口要求,以口含器或面罩密合，採正常平穩呼吸至藥霧結束；不需按壓同步。每次使用後依設備說明清潔並晾乾藥杯與配件。,須由醫師處方使用,瑩碩生技醫藥股份有限公司,玻璃瓶裝,每單一劑量5mg/2ml，一日使用四次，若一次單劑量未用畢，可存於噴霧器之貯存槽，24小時內仍安定可使用。,TFDA 未註銷藥品許可證資料集（InfoId 37）＋全部藥品許可證資料集（InfoId 36）,2026-07-16
特剋寧吸入液2.5毫克/毫升,TERCANYL NEBULISER SOLUTION 2.5MG/ML,衛署藥製字第046487號,未註銷,2029/09/13,未註銷且日期未屆,TERBUTALINE SULFATE,terbutaline,SABA,口腔吸入劑,Nebulizer,液劑供霧化吸入,支氣管氣喘、支氣管炎及肺氣腫所伴隨之支氣管痙攣之緩解。,皆可,藥證適應症同時明列氣喘與 COPD／慢性阻塞性肺疾,是,含 SABA，可用於急性支氣管痙攣緩解；仍須依處方與急性處置計畫,急救／症狀緩解為主,否,否,未含 ICS，無例行性類固醇漱口要求,以口含器或面罩密合，採正常平穩呼吸至藥霧結束；不需按壓同步。每次使用後依設備說明清潔並晾乾藥杯與配件。,須由醫師處方使用,科進製藥科技股份有限公司,安瓿;;盒裝,,TFDA 未註銷藥品許可證資料集（InfoId 37）＋全部藥品許可證資料集（InfoId 36）,2026-07-16
“信東”倍舒美吸入液,Besmate Inhalation Solution,衛署藥製字第049369號,未註銷,2028/04/15,未註銷且日期未屆,SALBUTAMOL (SULFATE);;IPRATROPIUM BROMIDE,salbutamol; ipratropium,SABA; SAMA,口腔吸入劑,Nebulizer,液劑供霧化吸入,用於治療阻塞性呼吸道疾病併發的可逆性支氣管痙攣，需要一種以上支氣管擴張劑治療者。,未明確,藥證使用較廣義的支氣管痙攣／可逆性阻塞文字，未分列氣喘與 COPD,是,含 SABA，可用於急性支氣管痙攣緩解；仍須依處方與急性處置計畫,急救／症狀緩解為主,否,否,未含 ICS，無例行性類固醇漱口要求,以口含器或面罩密合，採正常平穩呼吸至藥霧結束；不需按壓同步。每次使用後依設備說明清潔並晾乾藥杯與配件。,須由醫師處方使用,信東生技股份有限公司,塑膠安瓿瓶裝;;盒裝,詳見仿單。,TFDA 未註銷藥品許可證資料集（InfoId 37）＋全部藥品許可證資料集（InfoId 36）,2026-07-16
〝晟德〞適氣寧吸入液,Ipratramol Inhalation Solution 〝Center〞,衛署藥製字第055577號,未註銷,2030/12/15,未註銷且日期未屆,SALBUTAMOL SULFATE(ALBUTEROL SULFATE);;IPRATROPIUM BROMIDE,salbutamol; ipratropium,SABA; SAMA,口腔吸入劑,Nebulizer,液劑供霧化吸入,用於治療阻塞性呼吸道疾病併發的可逆性支氣管痙攣，需要一種以上支氣管擴張劑治療者。,未明確,藥證使用較廣義的支氣管痙攣／可逆性阻塞文字，未分列氣喘與 COPD,是,含 SABA，可用於急性支氣管痙攣緩解；仍須依處方與急性處置計畫,急救／症狀緩解為主,否,否,未含 ICS，無例行性類固醇漱口要求,以口含器或面罩密合，採正常平穩呼吸至藥霧結束；不需按壓同步。每次使用後依設備說明清潔並晾乾藥杯與配件。,須由醫師處方使用,晟德大藥廠股份有限公司,塑膠瓶裝,詳見仿單,TFDA 未註銷藥品許可證資料集（InfoId 37）＋全部藥品許可證資料集（InfoId 36）,2026-07-16
“晟德”益喘平吸入液 0.25 毫克/毫升,Itrapin Nebulizer Solution 0.25 mg/ml“Center”,衛署藥製字第048701號,未註銷,2027/05/01,未註銷且日期未屆,IPRATROPIUM BROMIDE,ipratropium,SAMA,吸入用液劑,Nebulizer,液劑供霧化吸入,慢性阻塞性支氣管炎、支氣管氣喘。,皆可,藥證適應症同時明列氣喘與 COPD／慢性阻塞性肺疾,急性期輔助,ipratropium 可作急性發作輔助，但不視為首選單獨急救吸入劑,維持；急性期輔助,否,否,未含 ICS，無例行性類固醇漱口要求,以口含器或面罩密合，採正常平穩呼吸至藥霧結束；不需按壓同步。每次使用後依設備說明清潔並晾乾藥杯與配件。,須由醫師處方使用,晟德大藥廠股份有限公司,塑膠瓶裝,詳如仿單。,TFDA 未註銷藥品許可證資料集（InfoId 37）＋全部藥品許可證資料集（InfoId 36）,2026-07-16
〝信東〞益撲喘吸入液0.25毫克/毫升,IPRATRAN INHALATION SOLUTION 0.25MG/ML (IPRATROPIUM BROMIDE),衛署藥製字第043943號,未註銷,2030/09/01,未註銷且日期未屆,IPRATROPIUM BROMIDE (ANHYDROUS),ipratropium,SAMA,吸入用液劑,Nebulizer,液劑供霧化吸入,慢性阻塞性支氣管炎、支氣管氣喘。,皆可,藥證適應症同時明列氣喘與 COPD／慢性阻塞性肺疾,急性期輔助,ipratropium 可作急性發作輔助，但不視為首選單獨急救吸入劑,維持；急性期輔助,否,否,未含 ICS，無例行性類固醇漱口要求,以口含器或面罩密合，採正常平穩呼吸至藥霧結束；不需按壓同步。每次使用後依設備說明清潔並晾乾藥杯與配件。,須由醫師處方使用,信東生技股份有限公司,塑膠瓶裝,,TFDA 未註銷藥品許可證資料集（InfoId 37）＋全部藥品許可證資料集（InfoId 36）,2026-07-16
定喘樂單一劑量吸入液０．５毫克/２毫升,ATROVENT NEBULISER SOLUTION 0.5MG/2ML IN UNIT-DOSE VIALS,衛署藥輸字第018863號,未註銷,2026/11/05,未註銷且日期未屆,IPRATROPIUM BROMIDE(IPRATROPIUM BROMIDE ANHYDROUS mg),ipratropium,SAMA,吸入用液劑,Nebulizer,液劑供霧化吸入,慢性阻塞性支氣管炎、支氣管氣喘。,皆可,藥證適應症同時明列氣喘與 COPD／慢性阻塞性肺疾,急性期輔助,ipratropium 可作急性發作輔助，但不視為首選單獨急救吸入劑,維持；急性期輔助,否,否,未含 ICS，無例行性類固醇漱口要求,以口含器或面罩密合，採正常平穩呼吸至藥霧結束；不需按壓同步。每次使用後依設備說明清潔並晾乾藥杯與配件。,須由醫師處方使用,台灣百靈佳殷格翰股份有限公司,"1dose/vial,100 支以下盒裝附等支數稀釋液(單支盒裝0.5mL of solvent in Pre-filled syringe;五支盒裝0.5mL;;塑膠瓶盒裝",詳如仿單。,TFDA 未註銷藥品許可證資料集（InfoId 37）＋全部藥品許可證資料集（InfoId 36）,2026-07-16
宜喘去吸入液 0.25 公絲/公撮,IPRASTHMA NEBULISER SOLUTION 0.25MG/ML,衛署藥製字第046902號,未註銷,2025/01/13,日期已過但仍列未註銷資料集,IPRATROPIUM BROMIDE,ipratropium,SAMA,吸入用液劑,Nebulizer,液劑供霧化吸入,慢性阻塞性支氣管炎、支氣管氣喘。,皆可,藥證適應症同時明列氣喘與 COPD／慢性阻塞性肺疾,急性期輔助,ipratropium 可作急性發作輔助，但不視為首選單獨急救吸入劑,維持；急性期輔助,否,否,未含 ICS，無例行性類固醇漱口要求,以口含器或面罩密合，採正常平穩呼吸至藥霧結束；不需按壓同步。每次使用後依設備說明清潔並晾乾藥杯與配件。,須由醫師處方使用,科進製藥科技股份有限公司,安瓿;;盒裝,,TFDA 未註銷藥品許可證資料集（InfoId 37）＋全部藥品許可證資料集（InfoId 36）,2026-07-16
輔安喘吸入液 0.25 毫克/毫升,Ipium Inhalant Solution 0.25 mg/ml,衛署藥製字第049595號,未註銷,2028/08/13,未註銷且日期未屆,IPRATROPIUM BROMIDE,ipratropium,SAMA,吸入用液劑,Nebulizer,液劑供霧化吸入,慢性阻塞性支氣管炎、支氣管氣喘。,皆可,藥證適應症同時明列氣喘與 COPD／慢性阻塞性肺疾,急性期輔助,ipratropium 可作急性發作輔助，但不視為首選單獨急救吸入劑,維持；急性期輔助,否,否,未含 ICS，無例行性類固醇漱口要求,以口含器或面罩密合，採正常平穩呼吸至藥霧結束；不需按壓同步。每次使用後依設備說明清潔並晾乾藥杯與配件。,須由醫師處方使用,瑩碩生技醫藥股份有限公司,玻璃瓶裝,詳如仿單。,TFDA 未註銷藥品許可證資料集（InfoId 37）＋全部藥品許可證資料集（InfoId 36）,2026-07-16
冠喘衛單一劑量吸入液,COMBIVENT UDV INHALATION SOLUTION,衛署藥輸字第023357號,未註銷,2027/01/14,未註銷且日期未屆,IPRATROPIUM BROMIDE;;SALBUTAMOL,ipratropium; salbutamol,SAMA; SABA,口腔吸入劑,Nebulizer,液劑供霧化吸入,用於治療阻塞性呼吸道疾病併發的可逆性支氣管痙攣，需要一種以上支氣管擴張劑治療者。,未明確,藥證使用較廣義的支氣管痙攣／可逆性阻塞文字，未分列氣喘與 COPD,是,含 SABA，可用於急性支氣管痙攣緩解；仍須依處方與急性處置計畫,急救／症狀緩解為主,否,否,未含 ICS，無例行性類固醇漱口要求,以口含器或面罩密合，採正常平穩呼吸至藥霧結束；不需按壓同步。每次使用後依設備說明清潔並晾乾藥杯與配件。,須由醫師處方使用,台灣百靈佳殷格翰股份有限公司,盒裝,,TFDA 未註銷藥品許可證資料集（InfoId 37）＋全部藥品許可證資料集（InfoId 36）,2026-07-16
拓肺鬆口腔吸入液,Tyvaso Inhalation Solution,衛部藥輸字第029038號,未註銷,2030/10/27,未註銷且日期未屆,Treprostinil,treprostinil,前列環素類／肺血管擴張劑,口腔吸入劑,Nebulizer,液劑供霧化吸入,治療間質性肺病造成的肺高壓(pulmonary hypertension)成人病人，以改善運動能力。,其他,適應症屬肺動脈高壓、流感、化痰或其他非氣喘／COPD 用途,否,維持、預防、診斷或其他用途，不作一般急救吸入劑,肺高壓維持治療,否,否,未含 ICS，無例行性類固醇漱口要求,須使用仿單指定或相容的專用霧化系統；依裝置提示分次吸入；不可自行改用一般霧化器。,須由醫師處方使用,科懋生物科技股份有限公司,,詳如仿單,TFDA 未註銷藥品許可證資料集（InfoId 37）＋全部藥品許可證資料集（InfoId 36）,2026-07-16
泰肺舒口腔吸入液,Tyvaso Inhalation Solution,衛部罕藥輸字第000096號,未註銷,2035/01/21,未註銷且日期未屆,Treprostinil;;Treprostinil,treprostinil,前列環素類／肺血管擴張劑,口腔吸入劑,Nebulizer,液劑供霧化吸入,治療特發性或遺傳性肺動脈高壓且已達NYHA functional class III的成人病人，以改善運動能力。,其他,適應症屬肺動脈高壓、流感、化痰或其他非氣喘／COPD 用途,否,維持、預防、診斷或其他用途，不作一般急救吸入劑,肺高壓維持治療,否,否,未含 ICS，無例行性類固醇漱口要求,須使用仿單指定或相容的專用霧化系統；依裝置提示分次吸入；不可自行改用一般霧化器。,須由醫師處方使用,科懋生物科技股份有限公司,盒裝;;安瓿瓶裝,詳見仿單,TFDA 未註銷藥品許可證資料集（InfoId 37）＋全部藥品許可證資料集（InfoId 36）,2026-07-16
菲塔敏思,VENTAVIS NEBULISER SOLUTION,衛署罕藥輸字第000011號,未註銷,2030/05/23,未註銷且日期未屆,ILOPROST,iloprost,前列環素類／肺血管擴張劑,吸入用液劑,Nebulizer,液劑供霧化吸入,原發性肺動脈高血壓。,其他,適應症屬肺動脈高壓、流感、化痰或其他非氣喘／COPD 用途,否,維持、預防、診斷或其他用途，不作一般急救吸入劑,肺高壓維持治療,否,否,未含 ICS，無例行性類固醇漱口要求,須使用仿單指定或相容的專用霧化系統；依裝置提示分次吸入；不可自行改用一般霧化器。,須由醫師處方使用,台灣拜耳股份有限公司,安瓿;;盒裝,本藥須由醫師處方使用。詳見說明書。,TFDA 未註銷藥品許可證資料集（InfoId 37）＋全部藥品許可證資料集（InfoId 36）,2026-07-16
菲塔敏思 20 微克/毫升,Ventavis Nebuliser Solution 20 μg/ml,衛部罕藥輸字第000053號,未註銷,2028/05/07,未註銷且日期未屆,ILOPROST,iloprost,前列環素類／肺血管擴張劑,吸入用液劑,Nebulizer,液劑供霧化吸入,原發性肺動脈高血壓。,其他,適應症屬肺動脈高壓、流感、化痰或其他非氣喘／COPD 用途,否,維持、預防、診斷或其他用途，不作一般急救吸入劑,肺高壓維持治療,否,否,未含 ICS，無例行性類固醇漱口要求,須使用仿單指定或相容的專用霧化系統；依裝置提示分次吸入；不可自行改用一般霧化器。,須由醫師處方使用,台灣拜耳股份有限公司,盒裝,詳見仿單,TFDA 未註銷藥品許可證資料集（InfoId 37）＋全部藥品許可證資料集（InfoId 36）,2026-07-16
"""南光""美喜吸入用液劑200毫克/毫升","MESA INHALATION SOLUTION 200MG/ML ""N.K.""",衛署藥製字第043835號,未註銷,2030/07/04,未註銷且日期未屆,MESNA (SOD. 2-MERCAPTOETHANESULPHONATE),mesna,化痰劑,吸入用液劑,Nebulizer,液劑供霧化吸入,支氣管障礙之化痰。,其他,適應症屬肺動脈高壓、流感、化痰或其他非氣喘／COPD 用途,否,維持、預防、診斷或其他用途，不作一般急救吸入劑,化痰治療（非氣喘急救）,否,否,未含 ICS，無例行性類固醇漱口要求,以口含器或面罩密合，採正常平穩呼吸至藥霧結束；不需按壓同步。每次使用後依設備說明清潔並晾乾藥杯與配件。,限由醫師使用,南光化學製藥股份有限公司,盒裝;;安瓿,,TFDA 未註銷藥品許可證資料集（InfoId 37）＋全部藥品許可證資料集（InfoId 36）,2026-07-16
息汝痰吸入液２００公絲/公撮〝信東〞,"SIRUTA INHALATION SOLUTION 200MG/ML (MESNA) ""S.T.""",衛署藥製字第044060號,未註銷,2025/10/27,日期已過但仍列未註銷資料集,MESNA (SOD. 2-MERCAPTOETHANESULPHONATE),mesna,化痰劑,吸入用液劑,Nebulizer,液劑供霧化吸入,支氣管障礙之化痰。,其他,適應症屬肺動脈高壓、流感、化痰或其他非氣喘／COPD 用途,否,維持、預防、診斷或其他用途，不作一般急救吸入劑,化痰治療（非氣喘急救）,否,否,未含 ICS，無例行性類固醇漱口要求,以口含器或面罩密合，採正常平穩呼吸至藥霧結束；不需按壓同步。每次使用後依設備說明清潔並晾乾藥杯與配件。,限由醫師使用,信東生技股份有限公司,玻璃安瓿裝,,TFDA 未註銷藥品許可證資料集（InfoId 37）＋全部藥品許可證資料集（InfoId 36）,2026-07-16
肺可靈診斷用乾粉吸入劑100毫克/小瓶,PROVOCHOLINE INHALATION 100MG/VIAL,衛署藥輸字第024204號,未註銷,2030/04/19,未註銷且日期未屆,METHACHOLINE CHLORIDE,methacholine,診斷用支氣管刺激劑,乾粉吸入劑,Nebulizer,methacholine 乾粉需調製後以霧化器進行支氣管激發試驗,輔助氣喘之診斷。,氣喘,藥證適應症明列氣喘,否,維持、預防、診斷或其他用途，不作一般急救吸入劑,診斷用（非治療）,否,否,未含 ICS，無例行性類固醇漱口要求,由醫療人員調製後以霧化器進行支氣管激發試驗；正常呼吸或依檢查流程吸入；非病人自行操作。,須由醫師處方使用,友華生技醫藥股份有限公司,小瓶,詳見仿單,TFDA 未註銷藥品許可證資料集（InfoId 37）＋全部藥品許可證資料集（InfoId 36）,2026-07-16
肺可靈診斷用乾粉吸入劑1280毫克/小瓶,PROVOCHOLINE INHALATION 1280MG/VIAL,衛署藥輸字第024279號,未註銷,2030/07/28,未註銷且日期未屆,METHACHOLINE CHLORIDE,methacholine,診斷用支氣管刺激劑,乾粉吸入劑,Nebulizer,methacholine 乾粉需調製後以霧化器進行支氣管激發試驗,輔助氣喘之診斷。,氣喘,藥證適應症明列氣喘,否,維持、預防、診斷或其他用途，不作一般急救吸入劑,診斷用（非治療）,否,否,未含 ICS，無例行性類固醇漱口要求,由醫療人員調製後以霧化器進行支氣管激發試驗；正常呼吸或依檢查流程吸入；非病人自行操作。,須由醫師處方使用,友華生技醫藥股份有限公司,小瓶,詳見仿單,TFDA 未註銷藥品許可證資料集（InfoId 37）＋全部藥品許可證資料集（InfoId 36）,2026-07-16
適維樂舒沛噴吸入劑2.5微公克,Striverdi Respimat 2.5 microgram Solution for Inhalation,衛部藥輸字第026292號,未註銷,2029/05/05,未註銷且日期未屆,Olodaterol,olodaterol,LABA,口腔吸入劑,SMI,品名／英文品名明示 Respimat（soft mist inhaler）,慢性阻塞性肺疾(COPD)之長期維持治療,COPD,藥證適應症明列 COPD／慢性阻塞性肺疾,否,維持、預防、診斷或其他用途，不作一般急救吸入劑,維持／控制治療,否,否,未含 ICS，無例行性類固醇漱口要求,轉動底座完成上藥；先吐氣，開始緩慢深吸時按下釋放鍵；持續吸到底並閉氣約10秒。仍需按壓同步，但容許時間通常較MDI寬。,須由醫師處方使用,台灣百靈佳殷格翰股份有限公司,100毫升以下鋁罐附一個舒沛噴吸入器,詳見仿單,TFDA 未註銷藥品許可證資料集（InfoId 37）＋全部藥品許可證資料集（InfoId 36）,2026-07-16
適倍樂 舒沛噴 吸入劑,"Spiolto Respimat, Solution for Inhalation",衛部藥輸字第026735號,未註銷,2031/04/18,未註銷且日期未屆,Olodaterol;;TIOTROPIUM,olodaterol; tiotropium,LABA; LAMA,口腔吸入劑,SMI,品名／英文品名明示 Respimat（soft mist inhaler）,適用於慢性阻塞性肺疾(包括慢性支氣管炎及肺氣腫)之長期維持治療,COPD,藥證適應症明列 COPD／慢性阻塞性肺疾,否,維持、預防、診斷或其他用途，不作一般急救吸入劑,維持／控制治療,否,否,未含 ICS，無例行性類固醇漱口要求,轉動底座完成上藥；先吐氣，開始緩慢深吸時按下釋放鍵；持續吸到底並閉氣約10秒。仍需按壓同步，但容許時間通常較MDI寬。,須由醫師處方使用,台灣百靈佳殷格翰股份有限公司,100毫升以下鋁罐附一個舒沛噴吸入器,詳如仿單,TFDA 未註銷藥品許可證資料集（InfoId 37）＋全部藥品許可證資料集（InfoId 36）,2026-07-16
適喘樂舒沛噴吸入劑 2.5 微公克,"Spiriva Respimat 2.5mcg, Solution for Inhalation",衛署藥輸字第025033號,未註銷,2029/05/18,未註銷且日期未屆,TIOTROPIUM,tiotropium,LAMA,口腔吸入劑,SMI,品名／英文品名明示 Respimat（soft mist inhaler）,慢性阻塞性肺疾(包括慢性支氣管炎及肺氣腫)之維持治療及降低惡化。 適用於已接受吸入性皮質類固醇合併其他控制型藥物仍未控制症狀之6歲及以上的嚴重持續性氣喘病人，作為維持性支氣管擴張劑附加治療。,皆可,藥證適應症同時明列氣喘與 COPD／慢性阻塞性肺疾,否,維持、預防、診斷或其他用途，不作一般急救吸入劑,維持／控制治療,否,否,未含 ICS，無例行性類固醇漱口要求,轉動底座完成上藥；先吐氣，開始緩慢深吸時按下釋放鍵；持續吸到底並閉氣約10秒。仍需按壓同步，但容許時間通常較MDI寬。,須由醫師處方使用,台灣百靈佳殷格翰股份有限公司,吸入器;;鋁罐裝,詳見仿單。,TFDA 未註銷藥品許可證資料集（InfoId 37）＋全部藥品許可證資料集（InfoId 36）,2026-07-16
