product_id,class_id,is_primary,source_id
P000001,CLASS-UNMAPPED,true,SRC001
P000002,CLASS-UNMAPPED,true,SRC001
P000003,CLASS-UNMAPPED,true,SRC001
P000004,CLASS-UNMAPPED,true,SRC001
P000005,ATC-S01XA,true,SRC003
P000005,ATC-S01GX,false,SRC003
P000005,ATC-S01XA,false,SRC003
P000006,ATC-S01AA30,true,SRC003
P000006,ATC-S01AA18,false,SRC003
P000006,ATC-S01AA04,false,SRC003
P000007,ATC-S01AA09,true,SRC003
P000007,AHFS_DI-52040400,false,SRC004
P000008,ATC-S01CA,true,SRC003
P000008,ATC-S01AA03,false,SRC003
P000008,ATC-S01BA05,false,SRC003
P000009,ATC-S01BA03,true,SRC003
P000010,ATC-S01AA02,true,SRC003
P000010,AHFS_DI-52040400,false,SRC004
P000011,CLASS-UNMAPPED,true,SRC001
P000012,CLASS-UNMAPPED,true,SRC001
P000013,CLASS-UNMAPPED,true,SRC001
P000014,CLASS-UNMAPPED,true,SRC001
P000015,ATC-S01BA03,true,SRC003
P000016,ATC-S01GA51,true,SRC003
P000016,ATC-S01XA,false,SRC003
P000016,ATC-S01GA01,false,SRC003
P000016,ATC-S01XA02,false,SRC003
P000017,ATC-S01CA05,true,SRC003
P000017,ATC-S01AA03,false,SRC003
P000017,ATC-S01BA04,false,SRC003
P000018,ATC-S01AA09,true,SRC003
P000019,ATC-S01GA52,true,SRC003
P000020,CLASS-UNMAPPED,true,SRC001
P000021,CLASS-UNMAPPED,true,SRC001
P000022,ATC-S01AA,true,SRC003
P000023,CLASS-UNMAPPED,true,SRC001
P000024,CLASS-UNMAPPED,true,SRC001
P000025,ATC-S01BA06,true,SRC003
P000025,AHFS_DI-52080800,false,SRC004
P000026,ATC-S01GA55,true,SRC003
P000026,ATC-V07,false,SRC003
P000026,ATC-S01GA05,false,SRC003
P000027,ATC-S01AA09,true,SRC003
P000028,ATC-S01AA30,true,SRC003
P000028,ATC-S01AA,false,SRC003
P000028,ATC-S01AA03,false,SRC003
P000029,CLASS-UNMAPPED,true,SRC001
P000030,CLASS-UNMAPPED,true,SRC001
P000031,CLASS-UNMAPPED,true,SRC001
P000032,CLASS-UNMAPPED,true,SRC001
P000033,ATC-S01GX,true,SRC003
P000033,ATC-S01XA,false,SRC003
P000033,ATC-S01XA02,false,SRC003
P000033,ATC-A11HA30,false,SRC003
P000033,ATC-S01GX,false,SRC003
P000034,ATC-S01CA01,true,SRC003
P000034,ATC-S01AA03,false,SRC003
P000034,ATC-S01BA01,false,SRC003
P000035,CLASS-UNMAPPED,true,SRC001
P000036,CLASS-UNMAPPED,true,SRC001
P000037,CLASS-UNMAPPED,true,SRC001
P000038,CLASS-UNMAPPED,true,SRC001
P000039,ATC-S01AB,true,SRC003
P000039,ATC-S01XA,false,SRC003
P000039,ATC-V07,false,SRC003
P000039,ATC-S01HA05,false,SRC003
P000039,ATC-S01AB,false,SRC003
P000040,CLASS-UNMAPPED,true,SRC001
P000041,ATC-S01AA09,true,SRC003
P000042,ATC-S01CA01,true,SRC003
P000042,ATC-S01AA03,false,SRC003
P000042,ATC-S01BA01,false,SRC003
P000043,ATC-D07AA02,true,SRC003
P000043,AHFS_DI-84060000,false,SRC004
P000044,ATC-S01GX,true,SRC003
P000044,ATC-S01XA,false,SRC003
P000044,ATC-S01GX,false,SRC003
P000044,ATC-S01XA02,false,SRC003
P000044,ATC-S01EB06,false,SRC003
P000045,ATC-S01AB,true,SRC003
P000045,ATC-A11CA01,false,SRC003
P000045,ATC-S01AB,false,SRC003
P000045,ATC-A11HA04,false,SRC003
P000046,ATC-S01XA,true,SRC003
P000046,ATC-S01XA,false,SRC003
P000046,ATC-A11HA02,false,SRC003
P000046,ATC-B03BA01,false,SRC003
P000046,ATC-S01XA12,false,SRC003
P000047,CLASS-UNMAPPED,true,SRC001
P000048,CLASS-UNMAPPED,true,SRC001
P000049,CLASS-UNMAPPED,true,SRC001
P000050,CLASS-UNMAPPED,true,SRC001
P000051,CLASS-UNMAPPED,true,SRC001
P000052,CLASS-UNMAPPED,true,SRC001
P000053,CLASS-UNMAPPED,true,SRC001
P000054,CLASS-UNMAPPED,true,SRC001
P000055,CLASS-UNMAPPED,true,SRC001
P000056,CLASS-UNMAPPED,true,SRC001
P000057,CLASS-UNMAPPED,true,SRC001
P000058,CLASS-UNMAPPED,true,SRC001
P000059,CLASS-UNMAPPED,true,SRC001
P000060,CLASS-UNMAPPED,true,SRC001
P000061,CLASS-UNMAPPED,true,SRC001
P000062,CLASS-UNMAPPED,true,SRC001
P000063,CLASS-UNMAPPED,true,SRC001
P000064,CLASS-UNMAPPED,true,SRC001
P000065,CLASS-UNMAPPED,true,SRC001
P000066,CLASS-UNMAPPED,true,SRC001
P000067,CLASS-UNMAPPED,true,SRC001
P000068,CLASS-UNMAPPED,true,SRC001
P000069,CLASS-UNMAPPED,true,SRC001
P000070,CLASS-UNMAPPED,true,SRC001
P000071,CLASS-UNMAPPED,true,SRC001
P000072,CLASS-UNMAPPED,true,SRC001
P000073,CLASS-UNMAPPED,true,SRC001
P000074,CLASS-UNMAPPED,true,SRC001
P000075,CLASS-UNMAPPED,true,SRC001
P000076,CLASS-UNMAPPED,true,SRC001
P000077,CLASS-UNMAPPED,true,SRC001
P000078,CLASS-UNMAPPED,true,SRC001
P000079,CLASS-UNMAPPED,true,SRC001
P000080,CLASS-UNMAPPED,true,SRC001
P000081,ATC-S01AB,true,SRC003
P000082,CLASS-UNMAPPED,true,SRC001
P000083,ATC-S01CA03,true,SRC003
P000083,ATC-S01AA01,false,SRC003
P000083,AHFS_DI-52080800,false,SRC004
P000083,AHFS_DI-52040400,false,SRC004
P000084,CLASS-UNMAPPED,true,SRC001
P000085,CLASS-UNMAPPED,true,SRC001
P000086,ATC-S01GX,true,SRC003
P000086,ATC-B03BA01,false,SRC003
P000086,ATC-S01XA,false,SRC003
P000086,ATC-A11HA02,false,SRC003
P000086,ATC-S01GX,false,SRC003
P000087,CLASS-UNMAPPED,true,SRC001
P000088,CLASS-UNMAPPED,true,SRC001
P000089,ATC-S01XA,true,SRC003
P000089,ATC-S01XA,false,SRC003
P000089,ATC-A11HA,false,SRC003
P000090,ATC-S01AA09,true,SRC003
P000091,ATC-S01AA17,true,SRC003
P000092,ATC-S01GA01,true,SRC003
P000093,ATC-S01BA02,true,SRC003
P000094,ATC-S01FA01,true,SRC003
P000095,ATC-S01AB,true,SRC003
P000096,ATC-S01CA03,true,SRC003
P000096,ATC-S01BA02,false,SRC003
P000096,ATC-S01AA03,false,SRC003
P000097,ATC-S01GA51,true,SRC003
P000097,ATC-S01GA01,false,SRC003
P000097,ATC-S01XA,false,SRC003
P000098,ATC-S01EB01,true,SRC003
P000099,ATC-S01XA,true,SRC003
P000099,ATC-V07,false,SRC003
P000100,ATC-S01XA02,true,SRC003
P000100,ATC-S01XA02,false,SRC003
P000101,ATC-S01CA01,true,SRC003
P000101,ATC-S01BA01,false,SRC003
P000101,ATC-S01AA03,false,SRC003
P000102,ATC-S01XA,true,SRC003
P000102,ATC-A11HA06,false,SRC003
P000102,ATC-A11HA,false,SRC003
P000103,ATC-S01GX,true,SRC003
P000103,ATC-A12CC05,false,SRC003
P000103,ATC-S01AX03,false,SRC003
P000103,ATC-S01GX,false,SRC003
P000103,ATC-S01XA,false,SRC003
P000103,ATC-A12BA,false,SRC003
P000104,ATC-S01XA,true,SRC003
P000105,ATC-S01AA30,true,SRC003
P000105,ATC-S01AA09,false,SRC003
P000105,ATC-S01AA,false,SRC003
P000106,ATC-S01AA01,true,SRC003
P000107,ATC-S01AA30,true,SRC003
P000107,ATC-S01AA17,false,SRC003
P000107,ATC-S01AA,false,SRC003
P000108,ATC-S01AA30,true,SRC003
P000108,ATC-S01AA,false,SRC003
P000108,ATC-S01AA17,false,SRC003
P000109,ATC-S01HA03,true,SRC003
P000110,ATC-S01CA01,true,SRC003
P000110,ATC-S01AA03,false,SRC003
P000110,ATC-S01BA01,false,SRC003
P000111,ATC-S01CA05,true,SRC003
P000111,ATC-S01BA06,false,SRC003
P000111,ATC-S01AA03,false,SRC003
P000112,ATC-S01CA05,true,SRC003
P000112,ATC-S01AA03,false,SRC003
P000112,ATC-S01BA06,false,SRC003
P000113,ATC-S01XA,true,SRC003
P000114,CLASS-UNMAPPED,true,SRC001
P000115,ATC-S01BA02,true,SRC003
P000116,ATC-S01CA03,true,SRC003
P000116,ATC-S01BA02,false,SRC003
P000116,ATC-S01AA03,false,SRC003
P000117,ATC-S01CA03,true,SRC003
P000117,ATC-S01BA02,false,SRC003
P000117,ATC-S01AA03,false,SRC003
P000118,ATC-S01CA01,true,SRC003
P000118,ATC-S01AA03,false,SRC003
P000118,AHFS_DI-52040400,false,SRC004
P000118,AHFS_DI-52080800,false,SRC004
P000119,ATC-S01AA02,true,SRC003
P000120,ATC-S01AX,true,SRC003
P000120,AHFS_DI-52049200,false,SRC004
P000121,ATC-M01AX25,true,SRC003
P000121,AHFS_DI-52020000,false,SRC004
P000122,ATC-S01CA01,true,SRC003
P000122,ATC-S01BA01,false,SRC003
P000122,ATC-S01AA03,false,SRC003
P000123,ATC-M01AX25,true,SRC003
P000123,AHFS_DI-52020000,false,SRC004
P000124,ATC-S01FA06,true,SRC003
P000125,ATC-S01GA05,true,SRC003
P000126,ATC-S01GA55,true,SRC003
P000126,ATC-S01GA05,false,SRC003
P000126,ATC-S01AX09,false,SRC003
P000127,ATC-S01CA01,true,SRC003
P000127,ATC-S02AA03,false,SRC003
P000127,ATC-S01BA01,false,SRC003
P000128,ATC-S01BA02,true,SRC003
P000128,ATC-S01BA02,false,SRC003
P000128,ATC-S01XA,false,SRC003
P000129,ATC-S01BA04,true,SRC003
P000129,ATC-S01BA04,false,SRC003
P000129,ATC-S01XA,false,SRC003
P000130,ATC-S01CA03,true,SRC003
P000130,ATC-S01BA02,false,SRC003
P000130,ATC-S01AA03,false,SRC003
P000131,ATC-S01GX,true,SRC003
P000131,ATC-S01GX,false,SRC003
P000131,ATC-S01XA,false,SRC003
P000131,ATC-A11HA30,false,SRC003
P000131,ATC-B03BA01,false,SRC003
P000131,ATC-V07,false,SRC003
P000131,ATC-A11HA02,false,SRC003
P000132,ATC-S01BA02,true,SRC003
P000133,ATC-S01AA03,true,SRC003
P000133,ATC-D06AX04,false,SRC003
P000133,ATC-S01BA06,false,SRC003
P000134,CLASS-UNMAPPED,true,SRC001
P000135,ATC-S01BA02,true,SRC003
P000136,CLASS-UNMAPPED,true,SRC001
P000137,ATC-S01CA02,true,SRC003
P000137,ATC-S01AA03,false,SRC003
P000137,ATC-S01BA04,false,SRC003
P000138,ATC-S01CA01,true,SRC003
P000138,ATC-S01AA03,false,SRC003
P000138,ATC-S01BA01,false,SRC003
P000139,ATC-S01CA01,true,SRC003
P000139,ATC-S01BA01,false,SRC003
P000139,ATC-S01AA03,false,SRC003
P000140,ATC-S01CA,true,SRC003
P000140,ATC-S01AA03,false,SRC003
P000140,ATC-S01BA05,false,SRC003
P000141,ATC-S01CA05,true,SRC003
P000141,ATC-S01BA06,false,SRC003
P000141,ATC-S01AA03,false,SRC003
P000142,CLASS-UNMAPPED,true,SRC001
P000143,CLASS-UNMAPPED,true,SRC001
P000144,ATC-S01CA01,true,SRC003
P000144,ATC-S01BA01,false,SRC003
P000144,ATC-S01AA03,false,SRC003
P000145,CLASS-UNMAPPED,true,SRC001
P000146,ATC-S01AX07,true,SRC003
P000146,AHFS_DI-52049200,false,SRC004
P000147,ATC-S01AA11,true,SRC003
P000148,ATC-S01CA05,true,SRC003
P000148,ATC-S01BA06,false,SRC003
P000148,ATC-S01AA03,false,SRC003
P000149,ATC-S01XA,true,SRC003
P000149,ATC-V07,false,SRC003
P000149,ATC-A07AX,false,SRC003
P000150,ATC-S01CA01,true,SRC003
P000150,ATC-S01AA03,false,SRC003
P000150,ATC-S01BA01,false,SRC003
P000151,ATC-S01AA11,true,SRC003
P000152,ATC-S01CA05,true,SRC003
P000152,ATC-S01BA06,false,SRC003
P000152,ATC-S01AA03,false,SRC003
P000153,CLASS-UNMAPPED,true,SRC001
P000154,ATC-S01CA03,true,SRC003
P000154,ATC-S01BA02,false,SRC003
P000154,ATC-S01AA11,false,SRC003
P000155,CLASS-UNMAPPED,true,SRC001
P000156,ATC-S01CA01,true,SRC003
P000156,ATC-S01AA03,false,SRC003
P000156,ATC-S01BA01,false,SRC003
P000157,ATC-S01CA01,true,SRC003
P000157,ATC-S01BA01,false,SRC003
P000157,ATC-S01AA03,false,SRC003
P000158,CLASS-UNMAPPED,true,SRC001
P000159,CLASS-UNMAPPED,true,SRC001
P000160,ATC-S01CA05,true,SRC003
P000160,ATC-S01AA03,false,SRC003
P000160,ATC-S01BA06,false,SRC003
P000161,ATC-S01XA,true,SRC003
P000161,ATC-S01XA,false,SRC003
P000161,ATC-A11HA02,false,SRC003
P000161,ATC-S01GX,false,SRC003
P000161,ATC-S01XA12,false,SRC003
P000161,ATC-V07,false,SRC003
P000162,ATC-S01XA,true,SRC003
P000162,ATC-V07,false,SRC003
P000162,ATC-S01XA,false,SRC003
P000162,ATC-S01XA12,false,SRC003
P000162,ATC-S01GX,false,SRC003
P000163,ATC-S01BA02,true,SRC003
P000164,ATC-S01CA01,true,SRC003
P000164,ATC-S01AA03,false,SRC003
P000164,ATC-S01BA01,false,SRC003
P000165,ATC-S01BA01,true,SRC003
P000165,AHFS_DI-52080800,false,SRC004
P000166,CLASS-UNMAPPED,true,SRC001
P000167,ATC-S01XA,true,SRC003
P000168,ATC-S01AX,true,SRC003
P000169,ATC-J01GB04,true,SRC003
P000170,ATC-S01BA01,true,SRC003
P000171,ATC-S01AA11,true,SRC003
P000172,ATC-S01BA01,true,SRC003
P000173,ATC-S01AA11,true,SRC003
P000174,ATC-S01CA05,true,SRC003
P000175,ATC-S01XA,true,SRC003
P000175,ATC-S01AX07,false,SRC003
P000175,ATC-V07,false,SRC003
P000175,ATC-S01XA12,false,SRC003
P000175,ATC-S01GX,false,SRC003
P000175,ATC-S01XA,false,SRC003
P000175,ATC-A11HA02,false,SRC003
P000176,ATC-S01AA11,true,SRC003
P000177,ATC-S01GA51,true,SRC003
P000177,ATC-V07,false,SRC003
P000177,ATC-S01GX,false,SRC003
P000177,ATC-S01XA,false,SRC003
P000177,ATC-S01GA01,false,SRC003
P000178,ATC-S01XA,true,SRC003
P000178,ATC-A11HA02,false,SRC003
P000178,ATC-S01GX,false,SRC003
P000178,ATC-S01XA12,false,SRC003
P000178,ATC-S01XA,false,SRC003
P000178,ATC-V07,false,SRC003
P000179,ATC-S01AX03,true,SRC003
P000180,ATC-S01FA01,true,SRC003
P000181,ATC-S01AA11,true,SRC003
P000182,ATC-S01HA02,true,SRC003
P000183,ATC-S01CA03,true,SRC003
P000183,ATC-S01AA11,false,SRC003
P000183,ATC-S01BA02,false,SRC003
P000184,CLASS-UNMAPPED,true,SRC001
P000185,ATC-S01CA01,true,SRC003
P000185,ATC-S01AA03,false,SRC003
P000185,ATC-S01BA01,false,SRC003
P000186,CLASS-UNMAPPED,true,SRC001
P000187,ATC-S01GA51,true,SRC003
P000187,ATC-S01XA,false,SRC003
P000187,ATC-S01GA01,false,SRC003
P000188,ATC-S01CA01,true,SRC003
P000188,ATC-S01AA03,false,SRC003
P000188,ATC-S01BA01,false,SRC003
P000189,ATC-S01BA07,true,SRC003
P000190,CLASS-UNMAPPED,true,SRC001
P000191,ATC-S01AB,true,SRC003
P000192,CLASS-UNMAPPED,true,SRC001
P000193,ATC-S01XA,true,SRC003
P000193,ATC-V07,false,SRC003
P000193,ATC-V03AX,false,SRC003
P000193,ATC-S01GX,false,SRC003
P000193,ATC-A11HA02,false,SRC003
P000193,ATC-S01XA,false,SRC003
P000194,CLASS-UNMAPPED,true,SRC001
P000195,CLASS-UNMAPPED,true,SRC001
P000196,ATC-S01AA11,true,SRC003
P000197,ATC-S01CA01,true,SRC003
P000197,ATC-S01BA06,false,SRC003
P000197,ATC-S01AA03,false,SRC003
P000198,ATC-S01AA01,true,SRC003
P000199,CLASS-UNMAPPED,true,SRC001
P000200,ATC-S01XA,true,SRC003
P000200,ATC-R06AB02,false,SRC003
P000200,ATC-A11HA02,false,SRC003
P000200,ATC-S01XA12,false,SRC003
P000200,ATC-S01XA,false,SRC003
P000201,ATC-S01CA05,true,SRC003
P000201,ATC-S01AA03,false,SRC003
P000201,AHFS_DI-52080800,false,SRC004
P000201,AHFS_DI-52040400,false,SRC004
P000202,CLASS-UNMAPPED,true,SRC001
P000203,ATC-S01CA01,true,SRC003
P000203,ATC-S01BA06,false,SRC003
P000203,ATC-S01AA03,false,SRC003
P000204,CLASS-UNMAPPED,true,SRC001
P000205,ATC-S01CA01,true,SRC003
P000205,ATC-S01AA03,false,SRC003
P000205,AHFS_DI-52080800,false,SRC004
P000205,AHFS_DI-52049200,false,SRC004
P000205,AHFS_DI-52040400,false,SRC004
P000206,ATC-S01XA,true,SRC003
P000206,AHFS_DI-52920000,false,SRC004
P000207,ATC-S01CA01,true,SRC003
P000207,ATC-S01BA01,false,SRC003
P000207,ATC-S01AA03,false,SRC003
P000208,ATC-S01AA03,true,SRC003
P000209,CLASS-UNMAPPED,true,SRC001
P000210,ATC-S01AA11,true,SRC003
P000211,CLASS-UNMAPPED,true,SRC001
P000212,ATC-S01CA05,true,SRC003
P000212,ATC-S01BA06,false,SRC003
P000212,ATC-S01AA03,false,SRC003
P000213,ATC-S01XA,true,SRC003
P000213,ATC-S01XA,false,SRC003
P000213,ATC-S01AX,false,SRC003
P000213,ATC-S01AX07,false,SRC003
P000213,ATC-S01XA03,false,SRC003
P000214,ATC-S01GA51,true,SRC003
P000214,ATC-S01AX03,false,SRC003
P000214,ATC-S01XA,false,SRC003
P000214,ATC-S01GA01,false,SRC003
P000214,ATC-N07AA01,false,SRC003
P000215,ATC-S01GA51,true,SRC003
P000215,ATC-S01GA01,false,SRC003
P000215,ATC-S01XA02,false,SRC003
P000215,ATC-S01XA,false,SRC003
P000216,ATC-S01BA01,true,SRC003
P000216,ATC-S01XA,false,SRC003
P000216,ATC-S01BA01,false,SRC003
P000217,ATC-S01CA02,true,SRC003
P000217,ATC-S01AA03,false,SRC003
P000217,ATC-S01BA04,false,SRC003
P000218,ATC-S01CA03,true,SRC003
P000218,ATC-S01BA02,false,SRC003
P000218,ATC-S01AA01,false,SRC003
P000219,CLASS-UNMAPPED,true,SRC001
P000220,ATC-S01EB06,true,SRC003
P000221,ATC-S01AA11,true,SRC003
P000222,ATC-S01CA05,true,SRC003
P000222,ATC-S01BA06,false,SRC003
P000222,ATC-S01AA03,false,SRC003
P000223,ATC-S01CA05,true,SRC003
P000223,ATC-S01BA06,false,SRC003
P000223,ATC-S01AA03,false,SRC003
P000224,ATC-S01BA01,true,SRC003
P000225,CLASS-UNMAPPED,true,SRC001
P000226,CLASS-UNMAPPED,true,SRC001
P000227,ATC-S01HA03,true,SRC003
P000228,CLASS-UNMAPPED,true,SRC001
P000229,ATC-S01AA11,true,SRC003
P000230,ATC-S01AX03,true,SRC003
P000231,ATC-S01AA11,true,SRC003
P000232,CLASS-UNMAPPED,true,SRC001
P000233,ATC-S01EB01,true,SRC003
P000234,CLASS-UNMAPPED,true,SRC001
P000235,ATC-S01EB01,true,SRC003
P000236,ATC-S01XA,true,SRC003
P000236,ATC-S01GX,false,SRC003
P000236,ATC-S01EB06,false,SRC003
P000236,ATC-S01XA02,false,SRC003
P000236,ATC-S01XA,false,SRC003
P000236,ATC-S01AX03,false,SRC003
P000237,ATC-S01AB,true,SRC003
P000237,ATC-S01AX03,false,SRC003
P000237,ATC-S01HA05,false,SRC003
P000237,ATC-S01XA,false,SRC003
P000237,ATC-S01AB,false,SRC003
P000238,CLASS-UNMAPPED,true,SRC001
P000239,CLASS-UNMAPPED,true,SRC001
P000240,CLASS-UNMAPPED,true,SRC001
P000241,CLASS-UNMAPPED,true,SRC001
P000242,ATC-S01AB,true,SRC003
P000242,ATC-S01AB,false,SRC003
P000242,ATC-S01FB02,false,SRC003
P000242,ATC-S01HA,false,SRC003
P000242,ATC-S01A,false,SRC003
P000243,ATC-S01AA04,true,SRC003
P000243,AHFS_DI-52040400,false,SRC004
P000244,CLASS-UNMAPPED,true,SRC001
P000245,ATC-S01CA02,true,SRC003
P000245,ATC-S01BA04,false,SRC003
P000245,ATC-S01AA03,false,SRC003
P000246,ATC-S01XA,true,SRC003
P000246,ATC-S01XA,false,SRC003
P000246,ATC-S01GX,false,SRC003
P000246,ATC-A11HA30,false,SRC003
P000246,ATC-B03BA01,false,SRC003
P000246,ATC-A11HA02,false,SRC003
P000247,ATC-S01FA06,true,SRC003
P000248,ATC-S01EB01,true,SRC003
P000248,AHFS_DI-52402000,false,SRC004
P000249,ATC-S01EB01,true,SRC003
P000250,ATC-S01EB06,true,SRC003
P000251,ATC-S01EB01,true,SRC003
P000251,AHFS_DI-52402000,false,SRC004
P000252,CLASS-UNMAPPED,true,SRC001
P000253,CLASS-UNMAPPED,true,SRC001
P000254,ATC-S01CA05,true,SRC003
P000254,ATC-S01AA11,false,SRC003
P000254,ATC-S01BA06,false,SRC003
P000255,ATC-S01GA05,true,SRC003
P000256,ATC-S01GA05,true,SRC003
P000257,ATC-S01GX,true,SRC003
P000257,ATC-S01GX,false,SRC003
P000257,ATC-A11HA30,false,SRC003
P000257,ATC-V07,false,SRC003
P000257,ATC-A11HA02,false,SRC003
P000257,ATC-S01XA,false,SRC003
P000257,ATC-B03BA01,false,SRC003
P000258,ATC-S01CA05,true,SRC003
P000258,ATC-S01AA11,false,SRC003
P000258,ATC-S01BA06,false,SRC003
P000259,ATC-S01ED01,true,SRC003
P000260,ATC-S01ED01,true,SRC003
P000261,ATC-S01FA04,true,SRC003
P000262,ATC-S01FA04,true,SRC003
P000263,CLASS-UNMAPPED,true,SRC001
P000264,ATC-S01CA03,true,SRC003
P000264,ATC-S01AA03,false,SRC003
P000264,ATC-S01BA02,false,SRC003
P000265,ATC-S01AB,true,SRC003
P000266,ATC-S01AA,true,SRC003
P000267,ATC-S01CA05,true,SRC003
P000267,ATC-S01BA06,false,SRC003
P000267,ATC-S01AA11,false,SRC003
P000268,ATC-S01BA07,true,SRC003
P000269,ATC-S01FA01,true,SRC003
P000270,ATC-S01FA01,true,SRC003
P000271,ATC-S01FA01,true,SRC003
P000272,ATC-S01ED01,true,SRC003
P000273,ATC-S01ED01,true,SRC003
P000274,ATC-S01AA01,true,SRC003
P000275,ATC-S01EB01,true,SRC003
P000276,ATC-S01EB01,true,SRC003
P000277,CLASS-UNMAPPED,true,SRC001
P000278,ATC-S01CA05,true,SRC003
P000278,ATC-S01BA06,false,SRC003
P000278,ATC-S01AA03,false,SRC003
P000279,ATC-S01GX,true,SRC003
P000279,ATC-S01XA02,false,SRC003
P000279,ATC-S01GX,false,SRC003
P000279,ATC-S01XA,false,SRC003
P000279,ATC-S01AX03,false,SRC003
P000280,ATC-S01ED01,true,SRC003
P000281,ATC-S01GX,true,SRC003
P000281,ATC-A11HA02,false,SRC003
P000281,ATC-V03AX,false,SRC003
P000281,ATC-A11HA03,false,SRC003
P000281,ATC-S01XA,false,SRC003
P000281,ATC-S01GX,false,SRC003
P000282,ATC-S01GX,true,SRC003
P000282,ATC-S01XA,false,SRC003
P000282,ATC-A11HA02,false,SRC003
P000282,ATC-V03AX,false,SRC003
P000282,ATC-S01GX,false,SRC003
P000283,ATC-S01AD03,true,SRC003
P000284,ATC-S01AA12,true,SRC003
P000285,ATC-S01CA05,true,SRC003
P000285,ATC-S01AA11,false,SRC003
P000285,ATC-S01BA06,false,SRC003
P000286,ATC-S01CA05,true,SRC003
P000286,ATC-S01BA06,false,SRC003
P000286,ATC-S01AA11,false,SRC003
P000287,ATC-S01AA11,true,SRC003
P000288,ATC-S01AA12,true,SRC003
P000289,ATC-S01XA20,true,SRC003
P000290,CLASS-UNMAPPED,true,SRC001
P000291,ATC-S01CA05,true,SRC003
P000291,ATC-S01BA06,false,SRC003
P000291,ATC-S01AA11,false,SRC003
P000292,ATC-S01BA07,true,SRC003
P000293,ATC-S01AA11,true,SRC003
P000294,ATC-S01CA05,true,SRC003
P000294,ATC-S01BA06,false,SRC003
P000294,ATC-S01AA11,false,SRC003
P000295,ATC-S01GA51,true,SRC003
P000295,ATC-S01XA,false,SRC003
P000295,ATC-S01GA01,false,SRC003
P000295,ATC-S01EB06,false,SRC003
P000295,ATC-S01AX03,false,SRC003
P000296,ATC-S01CA01,true,SRC003
P000296,ATC-S01BA01,false,SRC003
P000296,ATC-S01AA03,false,SRC003
P000297,ATC-S01AA17,true,SRC003
P000298,ATC-S01AA01,true,SRC003
P000299,ATC-S01HA04,true,SRC003
P000300,ATC-S01FA06,true,SRC003
P000301,ATC-S01FA06,true,SRC003
P000302,ATC-S01CA05,true,SRC003
P000302,ATC-S01BA06,false,SRC003
P000302,ATC-S01AA03,false,SRC003
P000303,ATC-S01AA11,true,SRC003
P000304,ATC-S01GA01,true,SRC003
P000304,ATC-S01GA01,false,SRC003
P000305,ATC-S01GA51,true,SRC003
P000305,ATC-S01XA,false,SRC003
P000305,ATC-S01GA01,false,SRC003
P000305,ATC-S01GX,false,SRC003
P000306,ATC-S01FA06,true,SRC003
P000307,ATC-S01ED01,true,SRC003
P000308,ATC-S01ED01,true,SRC003
P000309,ATC-S01CA05,true,SRC003
P000309,ATC-S01AA11,false,SRC003
P000309,ATC-S01BA06,false,SRC003
P000310,ATC-S01GX,true,SRC003
P000310,ATC-A11HA02,false,SRC003
P000310,ATC-S01GX,false,SRC003
P000310,ATC-A11HA30,false,SRC003
P000310,ATC-S01XA,false,SRC003
P000310,ATC-B03BA01,false,SRC003
P000311,ATC-S01AA11,true,SRC003
P000312,ATC-S01FA06,true,SRC003
P000313,ATC-S01XA20,true,SRC003
P000313,ATC-S01XA20,false,SRC003
P000313,ATC-S01XA,false,SRC003
P000314,ATC-A11AB,true,SRC003
P000314,ATC-V07,false,SRC003
P000314,ATC-S01XA,false,SRC003
P000315,CLASS-UNMAPPED,true,SRC001
P000316,ATC-S01BA06,true,SRC003
P000317,ATC-S01AB,true,SRC003
P000318,ATC-S01FA06,true,SRC003
P000319,ATC-S01EB02,true,SRC003
P000320,ATC-S01BA07,true,SRC003
P000321,ATC-S01AA12,true,SRC003
P000322,ATC-S01CA05,true,SRC003
P000322,ATC-S01AA11,false,SRC003
P000322,ATC-S01BA06,false,SRC003
P000323,ATC-S01CA01,true,SRC003
P000323,ATC-S01BA01,false,SRC003
P000323,ATC-S01AA03,false,SRC003
P000324,ATC-S01FA04,true,SRC003
P000325,ATC-S01FA04,true,SRC003
P000326,CLASS-UNMAPPED,true,SRC001
P000327,ATC-S01XA,true,SRC003
P000327,ATC-S01AX07,false,SRC003
P000327,ATC-S01XA,false,SRC003
P000327,ATC-V07,false,SRC003
P000328,ATC-S01ED01,true,SRC003
P000328,AHFS_DI-52400800,false,SRC004
P000329,ATC-S01FA06,true,SRC003
P000330,ATC-S01AE02,true,SRC003
P000331,ATC-S01EB01,true,SRC003
P000332,ATC-S01EB01,true,SRC003
P000333,ATC-S01AD01,true,SRC003
P000334,ATC-S01AE02,true,SRC003
P000335,ATC-A11EX,true,SRC003
P000335,ATC-S01BA06,false,SRC003
P000335,ATC-S01AA11,false,SRC003
P000336,ATC-S01XA,true,SRC003
P000336,ATC-V03AX,false,SRC003
P000336,ATC-S01AX07,false,SRC003
P000336,ATC-S01XA,false,SRC003
P000336,ATC-V07,false,SRC003
P000337,ATC-S01GA04,true,SRC003
P000338,ATC-S01ED01,true,SRC003
P000339,ATC-S01ED01,true,SRC003
P000340,ATC-S01AE02,true,SRC003
P000341,ATC-S01CA05,true,SRC003
P000341,ATC-S01BA06,false,SRC003
P000341,ATC-S01AA11,false,SRC003
P000342,ATC-S01XA,true,SRC003
P000342,ATC-S01XA,false,SRC003
P000343,ATC-S01ED01,true,SRC003
P000344,ATC-S01ED01,true,SRC003
P000345,ATC-S01AB,true,SRC003
P000346,ATC-S01GX,true,SRC003
P000346,ATC-V03AX,false,SRC003
P000346,ATC-S01GX,false,SRC003
P000346,ATC-S01XA,false,SRC003
P000347,ATC-S01GA02,true,SRC003
P000348,ATC-S01AE02,true,SRC003
P000348,AHFS_DI-52040400,false,SRC004
P000349,ATC-S01GX,true,SRC003
P000349,ATC-S01XA02,false,SRC003
P000349,ATC-S01XA,false,SRC003
P000349,ATC-S01GX,false,SRC003
P000349,ATC-S01AX03,false,SRC003
P000350,ATC-S01GX01,true,SRC003
P000351,ATC-S01GX,true,SRC003
P000351,ATC-V03AX,false,SRC003
P000351,ATC-S01GX,false,SRC003
P000351,ATC-S01XA,false,SRC003
P000351,ATC-A11HA02,false,SRC003
P000352,ATC-S01AA12,true,SRC003
P000353,ATC-S01ED01,true,SRC003
P000354,ATC-S01GA02,true,SRC003
P000355,ATC-S01BA07,true,SRC003
P000356,ATC-S01FA01,true,SRC003
P000357,ATC-S01FA06,true,SRC003
P000358,ATC-S01CA05,true,SRC003
P000358,ATC-S01AA03,false,SRC003
P000358,ATC-S01BA02,false,SRC003
P000359,ATC-S01BC03,true,SRC003
P000360,ATC-S01BA07,true,SRC003
P000361,CLASS-UNMAPPED,true,SRC001
P000362,ATC-S01GA51,true,SRC003
P000362,ATC-S01XA,false,SRC003
P000362,ATC-S01GA01,false,SRC003
P000363,ATC-S01CA01,true,SRC003
P000363,ATC-S01BA01,false,SRC003
P000363,ATC-S01AA03,false,SRC003
P000364,ATC-S01XA20,true,SRC003
P000364,ATC-S01XA20,false,SRC003
P000364,ATC-S01XA,false,SRC003
P000365,ATC-S01GA01,true,SRC003
P000366,ATC-S01BA07,true,SRC003
P000367,ATC-S01FA06,true,SRC003
P000368,ATC-S01CA05,true,SRC003
P000368,ATC-S01BA06,false,SRC003
P000368,ATC-S01AA03,false,SRC003
P000369,ATC-S01EB06,true,SRC003
P000370,ATC-S01ED01,true,SRC003
P000371,ATC-S01CA05,true,SRC003
P000371,ATC-S01AA03,false,SRC003
P000371,ATC-S01BA06,false,SRC003
P000372,ATC-S01AE02,true,SRC003
P000373,ATC-S01AA11,true,SRC003
P000374,ATC-S01GX01,true,SRC003
P000375,ATC-S01BA07,true,SRC003
P000376,ATC-S01ED01,true,SRC003
P000377,ATC-S01XA,true,SRC003
P000378,ATC-S01BA07,true,SRC003
P000379,ATC-S01CA05,true,SRC003
P000379,ATC-S01AA11,false,SRC003
P000379,ATC-S01BA06,false,SRC003
P000380,ATC-S01AA13,true,SRC003
P000381,ATC-S01BA07,true,SRC003
P000382,ATC-S01AA11,true,SRC003
P000383,ATC-S01AA12,true,SRC003
P000384,ATC-S01BC03,true,SRC003
P000385,ATC-S01CA01,true,SRC003
P000385,ATC-S01BA01,false,SRC003
P000385,ATC-S01AA01,false,SRC003
P000386,ATC-S01BA01,true,SRC003
P000387,ATC-S01FA01,true,SRC003
P000388,ATC-S01AA01,true,SRC003
P000389,ATC-S01FA06,true,SRC003
P000390,ATC-S01FA01,true,SRC003
P000391,ATC-S01AE02,true,SRC003
P000392,ATC-S01ED05,true,SRC003
P000393,ATC-S01ED05,true,SRC003
P000394,ATC-S01BA07,true,SRC003
P000395,ATC-S01AB,true,SRC003
P000396,ATC-S01AA12,true,SRC003
P000397,ATC-S01AA01,true,SRC003
P000398,ATC-S01FA06,true,SRC003
P000399,ATC-S01AE02,true,SRC003
P000400,ATC-S01BA04,true,SRC003
P000401,ATC-S01FA01,true,SRC003
P000402,ATC-S01BA04,true,SRC003
P000403,ATC-S01AE03,true,SRC003
P000404,ATC-S01BA07,true,SRC003
P000405,ATC-S01AE03,true,SRC003
P000406,ATC-S01BA06,true,SRC003
P000407,ATC-S01AB,true,SRC003
P000408,ATC-S01AA01,true,SRC003
P000409,ATC-S01BA07,true,SRC003
P000410,ATC-S01BC05,true,SRC003
P000411,ATC-S01FA01,true,SRC003
P000412,ATC-S01FA01,true,SRC003
P000413,ATC-S01FA01,true,SRC003
P000414,ATC-S01GA52,true,SRC003
P000414,ATC-S01AB,false,SRC003
P000414,ATC-S01GA02,false,SRC003
P000415,ATC-S01ED05,true,SRC003
P000416,ATC-S01ED05,true,SRC003
P000417,ATC-S01EB06,true,SRC003
P000418,ATC-S01EE01,true,SRC003
P000419,ATC-S01XA,true,SRC003
P000420,ATC-S01AA11,true,SRC003
P000421,ATC-S01AA11,true,SRC003
P000422,ATC-S01FA06,true,SRC003
P000423,ATC-S01EA05,true,SRC003
P000424,ATC-S01AA17,true,SRC003
P000425,ATC-S01FA06,true,SRC003
P000426,ATC-S01FA01,true,SRC003
P000427,ATC-S01EE01,true,SRC003
P000428,ATC-S01GX,true,SRC003
P000428,ATC-S01GX,false,SRC003
P000428,ATC-S01XA12,false,SRC003
P000428,ATC-S01FB02,false,SRC003
P000429,ATC-S01AX03,true,SRC003
P000430,ATC-S01ED51,true,SRC003
P000430,ATC-S01EE01,false,SRC003
P000430,ATC-S01ED01,false,SRC003
P000431,ATC-S01GX01,true,SRC003
P000432,ATC-S01FA06,true,SRC003
P000433,ATC-S01CA01,true,SRC003
P000433,ATC-S01AA03,false,SRC003
P000433,ATC-S01BA01,false,SRC003
P000434,ATC-S01GX,true,SRC003
P000434,ATC-S01FB02,false,SRC003
P000434,ATC-V03AX,false,SRC003
P000434,ATC-S01GX,false,SRC003
P000435,ATC-S01ED05,true,SRC003
P000436,ATC-S01GX01,true,SRC003
P000437,ATC-S01EB06,true,SRC003
P000438,ATC-S01EB06,true,SRC003
P000439,ATC-S01ED01,true,SRC003
P000439,ATC-S01ED01,false,SRC003
P000440,ATC-S01FA01,true,SRC003
P000441,ATC-S01FA01,true,SRC003
P000442,ATC-S01AE04,true,SRC003
P000442,ATC-S01AE04,false,SRC003
P000443,ATC-S01EA02,true,SRC003
P000444,ATC-S01GA52,true,SRC003
P000444,ATC-S01AX09,false,SRC003
P000444,ATC-S01GA02,false,SRC003
P000444,ATC-S01GX,false,SRC003
P000445,ATC-S01FA06,true,SRC003
P000446,ATC-S01HA02,true,SRC003
P000447,ATC-S01XA,true,SRC003
P000448,ATC-S01GA52,true,SRC003
P000448,ATC-S01GA02,false,SRC003
P000448,ATC-S01GX,false,SRC003
P000448,ATC-S01AX09,false,SRC003
P000449,ATC-S01XA,true,SRC003
P000450,ATC-S01EC03,true,SRC003
P000451,ATC-S01AE02,true,SRC003
P000452,ATC-S01XA,true,SRC003
P000452,ATC-S01XA,false,SRC003
P000452,ATC-V07,false,SRC003
P000453,ATC-S01FA06,true,SRC003
P000454,ATC-S01FA01,true,SRC003
P000455,ATC-S01GX01,true,SRC003
P000456,ATC-S01ED51,true,SRC003
P000456,ATC-S01ED01,false,SRC003
P000456,ATC-S01EC03,false,SRC003
P000457,ATC-S01GX08,true,SRC003
P000458,ATC-S01EB06,true,SRC003
P000459,ATC-S01BC05,true,SRC003
P000460,ATC-S01EB06,true,SRC003
P000461,ATC-S01FA01,true,SRC003
P000462,ATC-S01FA01,true,SRC003
P000463,ATC-S01BB03,true,SRC003
P000464,ATC-S01FA01,true,SRC003
P000465,ATC-S01GA52,true,SRC003
P000465,ATC-S01GA02,false,SRC003
P000465,ATC-S01AB,false,SRC003
P000466,ATC-S01ED01,true,SRC003
P000467,ATC-S01ED01,true,SRC003
P000468,ATC-S01BC05,true,SRC003
P000469,ATC-S01GA52,true,SRC003
P000469,ATC-S01GX,false,SRC003
P000469,ATC-S01GA02,false,SRC003
P000470,ATC-S01GX01,true,SRC003
P000470,ATC-S01GX01,false,SRC003
P000471,ATC-S01AE02,true,SRC003
P000472,ATC-S01ED05,true,SRC003
P000472,ATC-S01ED05,false,SRC003
P000473,ATC-S01XA,true,SRC003
P000473,ATC-S01XA,false,SRC003
P000474,ATC-S01BB03,true,SRC003
P000475,ATC-S01AD03,true,SRC003
P000475,ATC-S01AD03,false,SRC003
P000476,ATC-S01BA04,true,SRC003
P000476,ATC-S01BA04,false,SRC003
P000477,ATC-S01FA01,true,SRC003
P000477,ATC-S01FA01,false,SRC003
P000478,ATC-S01BC05,true,SRC003
P000478,ATC-S01BC05,false,SRC003
P000479,ATC-V07,true,SRC003
P000479,ATC-V07,false,SRC003
P000480,ATC-S01C,true,SRC003
P000480,ATC-S01AA03,false,SRC003
P000480,ATC-S01BA06,false,SRC003
P000481,ATC-S01ED01,true,SRC003
P000481,ATC-S01ED01,false,SRC003
P000482,ATC-S01AA12,true,SRC003
P000482,ATC-S01AA12,false,SRC003
P000483,ATC-S01GA,true,SRC003
P000483,ATC-S01GA02,false,SRC003
P000483,ATC-S01GA,false,SRC003
P000484,ATC-S01AB,true,SRC003
P000484,ATC-S01AB,false,SRC003
P000484,ATC-S01GA02,false,SRC003
P000485,ATC-S01XA,true,SRC003
P000485,ATC-S01XA,false,SRC003
P000486,ATC-D07CC01,true,SRC003
P000486,ATC-S01BA06,false,SRC003
P000486,ATC-S01AA11,false,SRC003
P000487,ATC-S01AA09,true,SRC003
P000487,ATC-S01AA09,false,SRC003
P000488,ATC-S01ED01,true,SRC003
P000488,ATC-S01ED01,false,SRC003
P000489,ATC-S01FA01,true,SRC003
P000489,ATC-S01FA01,false,SRC003
P000490,ATC-S01BA01,true,SRC003
P000490,ATC-S01BA01,false,SRC003
P000491,ATC-S01AA12,true,SRC003
P000491,ATC-S01AA12,false,SRC003
P000492,ATC-S01AB,true,SRC003
P000492,ATC-S01AB,false,SRC003
P000493,ATC-S01GA52,true,SRC003
P000493,ATC-S01GA,false,SRC003
P000493,ATC-S01GA02,false,SRC003
P000494,ATC-V07,true,SRC003
P000494,ATC-V07,false,SRC003
P000495,ATC-S01XA,true,SRC003
P000495,ATC-S01XA,false,SRC003
P000496,ATC-S01XA,true,SRC003
P000496,ATC-S01XA,false,SRC003
P000496,ATC-S01EB06,false,SRC003
P000496,ATC-S01GX,false,SRC003
P000497,ATC-S01XA,true,SRC003
P000497,ATC-S01GA01,false,SRC003
P000497,ATC-S01BC,false,SRC003
P000498,ATC-S01EA05,true,SRC003
P000498,ATC-S01EA05,false,SRC003
P000499,ATC-S01EA05,true,SRC003
P000499,ATC-S01EA05,false,SRC003
P000500,ATC-S01ED01,true,SRC003
P000501,ATC-S01GX08,true,SRC003
P000502,ATC-S01XA,true,SRC003
P000502,ATC-S01XA,false,SRC003
P000503,ATC-S01ED05,true,SRC003
P000503,ATC-S01ED05,false,SRC003
P000504,ATC-V07,true,SRC003
P000505,ATC-S01GX01,true,SRC003
P000506,ATC-B03BA01,true,SRC003
P000507,ATC-S01BA06,true,SRC003
P000508,ATC-S01GX06,true,SRC003
P000509,ATC-S01BA01,true,SRC003
P000510,ATC-S01GX,true,SRC003
P000510,ATC-S01XA20,false,SRC003
P000510,ATC-B03BA01,false,SRC003
P000510,ATC-S01XA13,false,SRC003
P000510,ATC-A11HA06,false,SRC003
P000510,ATC-S01GX,false,SRC003
P000511,ATC-S01FA01,true,SRC003
P000512,ATC-S01ED05,true,SRC003
P000513,CLASS-UNMAPPED,true,SRC001
P000514,CLASS-UNMAPPED,true,SRC001
P000515,CLASS-UNMAPPED,true,SRC001
P000516,CLASS-UNMAPPED,true,SRC001
P000517,CLASS-UNMAPPED,true,SRC001
P000518,CLASS-UNMAPPED,true,SRC001
P000519,CLASS-UNMAPPED,true,SRC001
P000520,CLASS-UNMAPPED,true,SRC001
P000521,CLASS-UNMAPPED,true,SRC001
P000522,ATC-S01XA,true,SRC003
P000523,CLASS-UNMAPPED,true,SRC001
P000524,CLASS-UNMAPPED,true,SRC001
P000525,CLASS-UNMAPPED,true,SRC001
P000526,CLASS-UNMAPPED,true,SRC001
P000527,CLASS-UNMAPPED,true,SRC001
P000528,CLASS-UNMAPPED,true,SRC001
P000529,CLASS-UNMAPPED,true,SRC001
P000530,CLASS-UNMAPPED,true,SRC001
P000531,CLASS-UNMAPPED,true,SRC001
P000532,CLASS-UNMAPPED,true,SRC001
P000533,CLASS-UNMAPPED,true,SRC001
P000534,CLASS-UNMAPPED,true,SRC001
P000535,CLASS-UNMAPPED,true,SRC001
P000536,CLASS-UNMAPPED,true,SRC001
P000537,CLASS-UNMAPPED,true,SRC001
P000538,CLASS-UNMAPPED,true,SRC001
P000539,ATC-S01HA02,true,SRC003
P000540,CLASS-UNMAPPED,true,SRC001
P000541,CLASS-UNMAPPED,true,SRC001
P000542,CLASS-UNMAPPED,true,SRC001
P000543,CLASS-UNMAPPED,true,SRC001
P000544,CLASS-UNMAPPED,true,SRC001
P000545,CLASS-UNMAPPED,true,SRC001
P000546,CLASS-UNMAPPED,true,SRC001
P000547,ATC-S01XA,true,SRC003
P000547,ATC-S01GA01,false,SRC003
P000547,AHFS_DI-52920000,false,SRC004
P000547,AHFS_DI-52320000,false,SRC004
P000547,AHFS_DI-52020000,false,SRC004
P000548,CLASS-UNMAPPED,true,SRC001
P000549,CLASS-UNMAPPED,true,SRC001
P000550,CLASS-UNMAPPED,true,SRC001
P000551,ATC-S01FA56,true,SRC003
P000551,ATC-S01FB01,false,SRC003
P000551,ATC-S01FA06,false,SRC003
P000552,CLASS-UNMAPPED,true,SRC001
P000553,ATC-S01BA07,true,SRC003
P000554,ATC-S01BA07,true,SRC003
P000555,CLASS-UNMAPPED,true,SRC001
P000556,CLASS-UNMAPPED,true,SRC001
P000557,CLASS-UNMAPPED,true,SRC001
P000558,CLASS-UNMAPPED,true,SRC001
P000559,CLASS-UNMAPPED,true,SRC001
P000560,CLASS-UNMAPPED,true,SRC001
P000561,ATC-S01GA51,true,SRC003
P000561,ATC-S01GA01,false,SRC003
P000561,ATC-S01XA,false,SRC003
P000562,CLASS-UNMAPPED,true,SRC001
P000563,CLASS-UNMAPPED,true,SRC001
P000564,CLASS-UNMAPPED,true,SRC001
P000565,CLASS-UNMAPPED,true,SRC001
P000566,ATC-S01FA06,true,SRC003
P000567,ATC-S01HA02,true,SRC003
P000568,CLASS-UNMAPPED,true,SRC001
P000569,CLASS-UNMAPPED,true,SRC001
P000570,CLASS-UNMAPPED,true,SRC001
P000571,CLASS-UNMAPPED,true,SRC001
P000572,CLASS-UNMAPPED,true,SRC001
P000573,CLASS-UNMAPPED,true,SRC001
P000574,CLASS-UNMAPPED,true,SRC001
P000575,CLASS-UNMAPPED,true,SRC001
P000576,CLASS-UNMAPPED,true,SRC001
P000577,CLASS-UNMAPPED,true,SRC001
P000578,CLASS-UNMAPPED,true,SRC001
P000579,CLASS-UNMAPPED,true,SRC001
P000580,CLASS-UNMAPPED,true,SRC001
P000581,CLASS-UNMAPPED,true,SRC001
P000582,CLASS-UNMAPPED,true,SRC001
P000583,CLASS-UNMAPPED,true,SRC001
P000584,CLASS-UNMAPPED,true,SRC001
P000585,CLASS-UNMAPPED,true,SRC001
P000586,ATC-S01XA,true,SRC003
P000586,ATC-S01GX,false,SRC003
P000586,ATC-S01XA,false,SRC003
P000587,ATC-S01CA01,true,SRC003
P000587,ATC-S01AA01,false,SRC003
P000587,AHFS_DI-52080800,false,SRC004
P000587,AHFS_DI-52049200,false,SRC004
P000587,AHFS_DI-52040000,false,SRC004
P000588,CLASS-UNMAPPED,true,SRC001
P000589,CLASS-UNMAPPED,true,SRC001
P000590,CLASS-UNMAPPED,true,SRC001
P000591,CLASS-UNMAPPED,true,SRC001
P000592,CLASS-UNMAPPED,true,SRC001
P000593,CLASS-UNMAPPED,true,SRC001
P000594,CLASS-UNMAPPED,true,SRC001
P000595,CLASS-UNMAPPED,true,SRC001
P000596,CLASS-UNMAPPED,true,SRC001
P000597,CLASS-UNMAPPED,true,SRC001
P000598,CLASS-UNMAPPED,true,SRC001
P000599,CLASS-UNMAPPED,true,SRC001
P000600,CLASS-UNMAPPED,true,SRC001
P000601,CLASS-UNMAPPED,true,SRC001
P000602,CLASS-UNMAPPED,true,SRC001
P000603,CLASS-UNMAPPED,true,SRC001
P000604,CLASS-UNMAPPED,true,SRC001
P000605,ATC-S01GA52,true,SRC003
P000605,ATC-S01AX09,false,SRC003
P000605,ATC-S01GA02,false,SRC003
P000606,CLASS-UNMAPPED,true,SRC001
P000607,CLASS-UNMAPPED,true,SRC001
P000608,CLASS-UNMAPPED,true,SRC001
P000609,CLASS-UNMAPPED,true,SRC001
P000610,CLASS-UNMAPPED,true,SRC001
P000611,ATC-S01CA05,true,SRC003
P000611,ATC-S01AA11,false,SRC003
P000611,AHFS_DI-52080800,false,SRC004
P000611,AHFS_DI-52040400,false,SRC004
P000612,ATC-S01CA05,true,SRC003
P000612,ATC-S01AA11,false,SRC003
P000612,AHFS_DI-52080800,false,SRC004
P000612,AHFS_DI-52040400,false,SRC004
P000613,CLASS-UNMAPPED,true,SRC001
P000614,ATC-S01XA,true,SRC003
P000614,ATC-V07,false,SRC003
P000614,ATC-S01XA,false,SRC003
P000614,ATC-S01GX,false,SRC003
P000615,CLASS-UNMAPPED,true,SRC001
P000616,CLASS-UNMAPPED,true,SRC001
P000617,CLASS-UNMAPPED,true,SRC001
P000618,CLASS-UNMAPPED,true,SRC001
P000619,CLASS-UNMAPPED,true,SRC001
P000620,CLASS-UNMAPPED,true,SRC001
P000621,CLASS-UNMAPPED,true,SRC001
P000622,CLASS-UNMAPPED,true,SRC001
P000623,CLASS-UNMAPPED,true,SRC001
P000624,CLASS-UNMAPPED,true,SRC001
P000625,CLASS-UNMAPPED,true,SRC001
P000626,CLASS-UNMAPPED,true,SRC001
P000627,CLASS-UNMAPPED,true,SRC001
P000628,CLASS-UNMAPPED,true,SRC001
P000629,CLASS-UNMAPPED,true,SRC001
P000630,CLASS-UNMAPPED,true,SRC001
P000631,CLASS-UNMAPPED,true,SRC001
P000632,CLASS-UNMAPPED,true,SRC001
P000633,CLASS-UNMAPPED,true,SRC001
P000634,CLASS-UNMAPPED,true,SRC001
P000635,CLASS-UNMAPPED,true,SRC001
P000636,CLASS-UNMAPPED,true,SRC001
P000637,CLASS-UNMAPPED,true,SRC001
P000638,CLASS-UNMAPPED,true,SRC001
P000639,CLASS-UNMAPPED,true,SRC001
P000640,CLASS-UNMAPPED,true,SRC001
P000641,CLASS-UNMAPPED,true,SRC001
P000642,CLASS-UNMAPPED,true,SRC001
P000643,CLASS-UNMAPPED,true,SRC001
P000644,CLASS-UNMAPPED,true,SRC001
P000645,CLASS-UNMAPPED,true,SRC001
P000646,CLASS-UNMAPPED,true,SRC001
P000647,CLASS-UNMAPPED,true,SRC001
P000648,ATC-S01BA01,true,SRC003
P000649,ATC-S01BA01,true,SRC003
P000649,AHFS_DI-52080800,false,SRC004
P000650,CLASS-UNMAPPED,true,SRC001
P000651,ATC-S01KA02,true,SRC003
P000651,AHFS_DI-52920000,false,SRC004
P000652,CLASS-UNMAPPED,true,SRC001
P000653,CLASS-UNMAPPED,true,SRC001
P000654,ATC-S01AA,true,SRC003
P000654,ATC-S01AA01,false,SRC003
P000654,ATC-S01AA,false,SRC003
P000655,CLASS-UNMAPPED,true,SRC001
P000656,CLASS-UNMAPPED,true,SRC001
P000657,CLASS-UNMAPPED,true,SRC001
P000658,CLASS-UNMAPPED,true,SRC001
P000659,ATC-S01CA03,true,SRC003
P000659,ATC-S01AA03,false,SRC003
P000659,AHFS_DI-52080800,false,SRC004
P000659,AHFS_DI-52040400,false,SRC004
P000660,CLASS-UNMAPPED,true,SRC001
P000661,ATC-S01KA02,true,SRC003
P000661,AHFS_DI-52920000,false,SRC004
P000662,CLASS-UNMAPPED,true,SRC001
P000663,ATC-S01AB04,true,SRC003
P000663,AHFS_DI-52040400,false,SRC004
P000664,ATC-S01BA07,true,SRC003
P000664,AHFS_DI-52080800,false,SRC004
P000665,ATC-S01AA12,true,SRC003
P000666,CLASS-UNMAPPED,true,SRC001
P000667,CLASS-UNMAPPED,true,SRC001
P000668,ATC-S01AD03,true,SRC003
P000668,AHFS_DI-52042000,false,SRC004
P000669,ATC-S01EB01,true,SRC003
P000670,ATC-S01FA04,true,SRC003
P000670,AHFS_DI-52240000,false,SRC004
P000671,CLASS-UNMAPPED,true,SRC001
P000672,ATC-S01XA11,true,SRC003
P000672,AHFS_DI-52920000,false,SRC004
P000673,ATC-S01EB01,true,SRC003
P000674,ATC-S01FA06,true,SRC003
P000674,AHFS_DI-52240000,false,SRC004
P000675,CLASS-UNMAPPED,true,SRC001
P000676,CLASS-UNMAPPED,true,SRC001
P000677,CLASS-UNMAPPED,true,SRC001
P000678,ATC-S01XA20,true,SRC003
P000678,AHFS_DI-52920000,false,SRC004
P000679,ATC-S01BA01,true,SRC003
P000679,AHFS_DI-52080800,false,SRC004
P000680,ATC-S01AA30,true,SRC003
P000680,ATC-S01AA18,false,SRC003
P000680,ATC-S01AA03,false,SRC003
P000680,AHFS_DI-52040400,false,SRC004
P000681,CLASS-UNMAPPED,true,SRC001
P000682,ATC-S01EB02,true,SRC003
P000682,AHFS_DI-52402000,false,SRC004
P000683,CLASS-UNMAPPED,true,SRC001
P000684,CLASS-UNMAPPED,true,SRC001
P000685,ATC-S01EB02,true,SRC003
P000685,AHFS_DI-52402000,false,SRC004
P000686,ATC-S01BA04,true,SRC003
P000686,AHFS_DI-52080800,false,SRC004
P000687,CLASS-UNMAPPED,true,SRC001
P000688,ATC-S01XA,true,SRC003
P000688,ATC-S01GA01,false,SRC003
P000688,ATC-S01XA,false,SRC003
P000688,ATC-S01GX,false,SRC003
P000689,CLASS-UNMAPPED,true,SRC001
P000690,CLASS-UNMAPPED,true,SRC001
P000691,CLASS-UNMAPPED,true,SRC001
P000692,CLASS-UNMAPPED,true,SRC001
P000693,ATC-S01F,true,SRC003
P000693,ATC-S01FA04,false,SRC003
P000693,ATC-S01FB01,false,SRC003
P000694,ATC-S01EB01,true,SRC003
P000694,AHFS_DI-52402000,false,SRC004
P000694,AHFS_DI-52049200,false,SRC004
P000695,ATC-S01EB02,true,SRC003
P000695,AHFS_DI-52402000,false,SRC004
P000696,CLASS-UNMAPPED,true,SRC001
P000697,CLASS-UNMAPPED,true,SRC001
P000698,CLASS-UNMAPPED,true,SRC001
P000699,CLASS-UNMAPPED,true,SRC001
P000700,CLASS-UNMAPPED,true,SRC001
P000701,CLASS-UNMAPPED,true,SRC001
P000702,CLASS-UNMAPPED,true,SRC001
P000703,CLASS-UNMAPPED,true,SRC001
P000704,CLASS-UNMAPPED,true,SRC001
P000705,CLASS-UNMAPPED,true,SRC001
P000706,CLASS-UNMAPPED,true,SRC001
P000707,CLASS-UNMAPPED,true,SRC001
P000708,CLASS-UNMAPPED,true,SRC001
P000709,CLASS-UNMAPPED,true,SRC001
P000710,CLASS-UNMAPPED,true,SRC001
P000711,ATC-S01EA01,true,SRC003
P000711,AHFS_DI-52409200,false,SRC004
P000712,CLASS-UNMAPPED,true,SRC001
P000713,ATC-S01EB02,true,SRC003
P000714,ATC-S01EA01,true,SRC003
P000714,AHFS_DI-52409200,false,SRC004
P000715,ATC-S01HA03,true,SRC003
P000715,AHFS_DI-52160000,false,SRC004
P000716,CLASS-UNMAPPED,true,SRC001
P000717,CLASS-UNMAPPED,true,SRC001
P000718,ATC-S01AA12,true,SRC003
P000718,AHFS_DI-52040400,false,SRC004
P000719,ATC-S01FA06,true,SRC003
P000720,CLASS-UNMAPPED,true,SRC001
P000721,CLASS-UNMAPPED,true,SRC001
P000722,CLASS-UNMAPPED,true,SRC001
P000723,ATC-S01AA20,true,SRC003
P000723,ATC-S01AA11,false,SRC003
P000723,ATC-S01AX,false,SRC003
P000724,CLASS-UNMAPPED,true,SRC001
P000725,CLASS-UNMAPPED,true,SRC001
P000726,CLASS-UNMAPPED,true,SRC001
P000727,CLASS-UNMAPPED,true,SRC001
P000728,CLASS-UNMAPPED,true,SRC001
P000729,CLASS-UNMAPPED,true,SRC001
P000730,ATC-S01AD01,true,SRC003
P000730,AHFS_DI-52042000,false,SRC004
P000731,ATC-S01FA04,true,SRC003
P000732,ATC-S01FA04,true,SRC003
P000733,CLASS-UNMAPPED,true,SRC001
P000734,ATC-S01XA,true,SRC003
P000734,AHFS_DI-52920000,false,SRC004
P000735,ATC-S01FA01,true,SRC003
P000735,AHFS_DI-52240000,false,SRC004
P000736,CLASS-UNMAPPED,true,SRC001
P000737,ATC-S01HA04,true,SRC003
P000737,AHFS_DI-52160000,false,SRC004
P000738,ATC-S01AA18,true,SRC003
P000738,ATC-S01CA01,false,SRC003
P000738,ATC-S01AA03,false,SRC003
P000738,AHFS_DI-52040400,false,SRC004
P000738,AHFS_DI-52080800,false,SRC004
P000739,ATC-S01EB01,true,SRC003
P000739,AHFS_DI-52402000,false,SRC004
P000740,CLASS-UNMAPPED,true,SRC001
P000741,ATC-S01GA52,true,SRC003
P000741,ATC-S01GX,false,SRC003
P000741,ATC-S01GA02,false,SRC003
P000741,ATC-S01AX09,false,SRC003
P000742,CLASS-UNMAPPED,true,SRC001
P000743,ATC-S01AB,true,SRC003
P000744,CLASS-UNMAPPED,true,SRC001
P000745,CLASS-UNMAPPED,true,SRC001
P000746,CLASS-UNMAPPED,true,SRC001
P000747,CLASS-UNMAPPED,true,SRC001
P000748,CLASS-UNMAPPED,true,SRC001
P000749,ATC-S01BA01,true,SRC003
P000749,AHFS_DI-52080800,false,SRC004
P000750,CLASS-UNMAPPED,true,SRC001
P000751,CLASS-UNMAPPED,true,SRC001
P000752,CLASS-UNMAPPED,true,SRC001
P000753,CLASS-UNMAPPED,true,SRC001
P000754,ATC-S01EB01,true,SRC003
P000754,AHFS_DI-52402000,false,SRC004
P000755,CLASS-UNMAPPED,true,SRC001
P000756,ATC-S01EB01,true,SRC003
P000756,AHFS_DI-52402000,false,SRC004
P000757,CLASS-UNMAPPED,true,SRC001
P000758,CLASS-UNMAPPED,true,SRC001
P000759,CLASS-UNMAPPED,true,SRC001
P000760,ATC-S01AA03,true,SRC003
P000760,ATC-S01CA03,false,SRC003
P000760,AHFS_DI-52040400,false,SRC004
P000760,AHFS_DI-52080800,false,SRC004
P000761,CLASS-UNMAPPED,true,SRC001
P000762,CLASS-UNMAPPED,true,SRC001
P000763,CLASS-UNMAPPED,true,SRC001
P000764,CLASS-UNMAPPED,true,SRC001
P000765,CLASS-UNMAPPED,true,SRC001
P000766,CLASS-UNMAPPED,true,SRC001
P000767,ATC-S01XA,true,SRC003
P000767,AHFS_DI-52920000,false,SRC004
P000768,CLASS-UNMAPPED,true,SRC001
P000769,ATC-S01BA01,true,SRC003
P000769,AHFS_DI-52080800,false,SRC004
P000770,CLASS-UNMAPPED,true,SRC001
P000771,CLASS-UNMAPPED,true,SRC001
P000772,CLASS-UNMAPPED,true,SRC001
P000773,CLASS-UNMAPPED,true,SRC001
P000774,ATC-S01BA01,true,SRC003
P000774,AHFS_DI-52080800,false,SRC004
P000775,ATC-S01BA07,true,SRC003
P000775,AHFS_DI-52080800,false,SRC004
P000776,CLASS-UNMAPPED,true,SRC001
P000777,CLASS-UNMAPPED,true,SRC001
P000778,ATC-S01KX01,true,SRC003
P000778,AHFS_DI-52920000,false,SRC004
P000779,CLASS-UNMAPPED,true,SRC001
P000780,ATC-S01XA,true,SRC003
P000780,ATC-S01AX07,false,SRC003
P000780,ATC-V07,false,SRC003
P000780,ATC-S01XA,false,SRC003
P000780,ATC-S01XA20,false,SRC003
P000780,ATC-S01AX09,false,SRC003
P000781,CLASS-UNMAPPED,true,SRC001
P000782,ATC-S01ED01,true,SRC003
P000783,ATC-S01ED01,true,SRC003
P000784,CLASS-UNMAPPED,true,SRC001
P000785,ATC-S01GA51,true,SRC003
P000785,ATC-S01XA,false,SRC003
P000785,ATC-S01GA01,false,SRC003
P000786,ATC-S01ED05,true,SRC003
P000787,ATC-S01ED05,true,SRC003
P000788,CLASS-UNMAPPED,true,SRC001
P000789,ATC-S01CA01,true,SRC003
P000789,ATC-S01AA03,false,SRC003
P000789,AHFS_DI-52080800,false,SRC004
P000789,AHFS_DI-52040400,false,SRC004
P000790,ATC-S01XA,true,SRC003
P000790,AHFS_DI-52920000,false,SRC004
P000791,CLASS-UNMAPPED,true,SRC001
P000792,CLASS-UNMAPPED,true,SRC001
P000793,CLASS-UNMAPPED,true,SRC001
P000794,CLASS-UNMAPPED,true,SRC001
P000795,CLASS-UNMAPPED,true,SRC001
P000796,CLASS-UNMAPPED,true,SRC001
P000797,CLASS-UNMAPPED,true,SRC001
P000798,CLASS-UNMAPPED,true,SRC001
P000799,CLASS-UNMAPPED,true,SRC001
P000800,CLASS-UNMAPPED,true,SRC001
P000801,CLASS-UNMAPPED,true,SRC001
P000802,CLASS-UNMAPPED,true,SRC001
P000803,ATC-S01ED02,true,SRC003
P000803,AHFS_DI-52400800,false,SRC004
P000804,CLASS-UNMAPPED,true,SRC001
P000805,CLASS-UNMAPPED,true,SRC001
P000806,ATC-S01XA,true,SRC003
P000806,AHFS_DI-52920000,false,SRC004
P000807,CLASS-UNMAPPED,true,SRC001
P000808,ATC-S01GX01,true,SRC003
P000808,AHFS_DI-48103200,false,SRC004
P000809,CLASS-UNMAPPED,true,SRC001
P000810,CLASS-UNMAPPED,true,SRC001
P000811,CLASS-UNMAPPED,true,SRC001
P000812,ATC-S01EB01,true,SRC003
P000812,AHFS_DI-52402000,false,SRC004
P000813,ATC-S01EB01,true,SRC003
P000813,AHFS_DI-52402000,false,SRC004
P000814,CLASS-UNMAPPED,true,SRC001
P000815,ATC-S01EB01,true,SRC003
P000816,ATC-S01HA04,true,SRC003
P000817,ATC-S01FA04,true,SRC003
P000817,AHFS_DI-52240000,false,SRC004
P000818,ATC-S01AA12,true,SRC003
P000819,ATC-S01EB01,true,SRC003
P000819,ATC-S01EB01,false,SRC003
P000819,ATC-S01AX,false,SRC003
P000820,ATC-S01BA01,true,SRC003
P000821,ATC-S01FA06,true,SRC003
P000822,ATC-S01FA06,true,SRC003
P000823,ATC-S01CA01,true,SRC003
P000823,ATC-S01AA03,false,SRC003
P000823,ATC-S01AA18,false,SRC003
P000823,ATC-S01BA01,false,SRC003
P000824,ATC-S01AA30,true,SRC003
P000824,ATC-S01AA18,false,SRC003
P000824,ATC-S01AA03,false,SRC003
P000824,AHFS_DI-52040400,false,SRC004
P000825,CLASS-UNMAPPED,true,SRC001
P000826,ATC-S01XA,true,SRC003
P000826,ATC-S01GA01,false,SRC003
P000826,ATC-S01EB06,false,SRC003
P000826,AHFS_DI-52920000,false,SRC004
P000826,AHFS_DI-52402000,false,SRC004
P000826,AHFS_DI-52320000,false,SRC004
P000827,ATC-S01AA12,true,SRC003
P000828,ATC-S01CA01,true,SRC003
P000828,ATC-S01BA01,false,SRC003
P000828,ATC-S01AA03,false,SRC003
P000828,ATC-S01AA18,false,SRC003
P000829,ATC-S01AA10,true,SRC003
P000830,CLASS-UNMAPPED,true,SRC001
P000831,ATC-S01CA03,true,SRC003
P000831,ATC-S01AA03,false,SRC003
P000831,AHFS_DI-52080800,false,SRC004
P000831,AHFS_DI-52040400,false,SRC004
P000832,ATC-S01AA09,true,SRC003
P000832,AHFS_DI-52040400,false,SRC004
P000833,ATC-S01EB02,true,SRC003
P000834,CLASS-UNMAPPED,true,SRC001
P000835,ATC-S01XA20,true,SRC003
P000836,ATC-S01AD01,true,SRC003
P000836,AHFS_DI-52042000,false,SRC004
P000837,ATC-S01EB02,true,SRC003
P000838,ATC-S01XA20,true,SRC003
P000839,ATC-S01XA,true,SRC003
P000839,ATC-S01EB06,false,SRC003
P000839,ATC-V03AX,false,SRC003
P000839,ATC-S01XA,false,SRC003
P000840,CLASS-UNMAPPED,true,SRC001
P000841,CLASS-UNMAPPED,true,SRC001
P000842,ATC-S01AA30,true,SRC003
P000842,ATC-S01AA18,false,SRC003
P000842,AHFS_DI-52040000,false,SRC004
P000843,CLASS-UNMAPPED,true,SRC001
P000844,CLASS-UNMAPPED,true,SRC001
P000845,CLASS-UNMAPPED,true,SRC001
P000846,CLASS-UNMAPPED,true,SRC001
P000847,ATC-S01BC01,true,SRC003
P000847,AHFS_DI-52082000,false,SRC004
P000848,CLASS-UNMAPPED,true,SRC001
P000849,ATC-S01GA51,true,SRC003
P000849,ATC-S01XA,false,SRC003
P000849,ATC-S01GA01,false,SRC003
P000849,ATC-S01GX,false,SRC003
P000850,ATC-S01BA04,true,SRC003
P000851,ATC-S01ED02,true,SRC003
P000851,ATC-S01ED02,false,SRC003
P000852,CLASS-UNMAPPED,true,SRC001
P000853,CLASS-UNMAPPED,true,SRC001
P000854,ATC-S01AA11,true,SRC003
P000855,ATC-S01XA,true,SRC003
P000855,AHFS_DI-52020000,false,SRC004
P000855,AHFS_DI-52320000,false,SRC004
P000856,ATC-S01XA,true,SRC003
P000856,ATC-S01GX,false,SRC003
P000856,ATC-S01XA,false,SRC003
P000857,CLASS-UNMAPPED,true,SRC001
P000858,ATC-S01BA07,true,SRC003
P000858,AHFS_DI-52080800,false,SRC004
P000859,CLASS-UNMAPPED,true,SRC001
P000860,ATC-S01CA05,true,SRC003
P000860,ATC-S01AA11,false,SRC003
P000860,ATC-S01BA06,false,SRC003
P000861,CLASS-UNMAPPED,true,SRC001
P000862,CLASS-UNMAPPED,true,SRC001
P000863,CLASS-UNMAPPED,true,SRC001
P000864,CLASS-UNMAPPED,true,SRC001
P000865,CLASS-UNMAPPED,true,SRC001
P000866,CLASS-UNMAPPED,true,SRC001
P000867,CLASS-UNMAPPED,true,SRC001
P000868,CLASS-UNMAPPED,true,SRC001
P000869,CLASS-UNMAPPED,true,SRC001
P000870,CLASS-UNMAPPED,true,SRC001
P000871,CLASS-UNMAPPED,true,SRC001
P000872,CLASS-UNMAPPED,true,SRC001
P000873,CLASS-UNMAPPED,true,SRC001
P000874,CLASS-UNMAPPED,true,SRC001
P000875,CLASS-UNMAPPED,true,SRC001
P000876,ATC-S01AA30,true,SRC003
P000876,ATC-S01AA11,false,SRC003
P000876,ATC-S01AA03,false,SRC003
P000876,ATC-S01AA18,false,SRC003
P000876,AHFS_DI-52040000,false,SRC004
P000877,ATC-S01XA,true,SRC003
P000877,ATC-S01XA,false,SRC003
P000877,ATC-S01GX,false,SRC003
P000878,ATC-S01BA01,true,SRC003
P000878,AHFS_DI-52080800,false,SRC004
P000879,ATC-S01ED04,true,SRC003
P000880,CLASS-UNMAPPED,true,SRC001
P000881,ATC-S01GA51,true,SRC003
P000881,ATC-S01GX,false,SRC003
P000881,ATC-S01XA,false,SRC003
P000881,AHFS_DI-52320000,false,SRC004
P000881,AHFS_DI-52920000,false,SRC004
P000882,ATC-S01AA11,true,SRC003
P000882,AHFS_DI-52040400,false,SRC004
P000883,CLASS-UNMAPPED,true,SRC001
P000884,ATC-S01BA07,true,SRC003
P000885,ATC-S01BA07,true,SRC003
P000886,ATC-S01BA01,true,SRC003
P000887,ATC-S01XA,true,SRC003
P000887,ATC-S01XA,false,SRC003
P000887,ATC-S01GX,false,SRC003
P000888,ATC-S01GX,true,SRC003
P000888,ATC-S01GX,false,SRC003
P000888,ATC-V07,false,SRC003
P000888,ATC-S01FB02,false,SRC003
P000888,ATC-S01XA,false,SRC003
P000889,CLASS-UNMAPPED,true,SRC001
P000890,ATC-S01CA02,true,SRC003
P000890,ATC-S01AB04,false,SRC003
P000890,ATC-S01BA04,false,SRC003
P000891,CLASS-UNMAPPED,true,SRC001
P000892,ATC-S01CA01,true,SRC003
P000892,ATC-S01BA01,false,SRC003
P000892,ATC-S01AA12,false,SRC003
P000893,ATC-S01GA51,true,SRC003
P000893,ATC-S01GX,false,SRC003
P000893,ATC-S01XA,false,SRC003
P000893,ATC-S01GA01,false,SRC003
P000894,ATC-S01CA01,true,SRC003
P000894,ATC-S01BA01,false,SRC003
P000894,ATC-S01AA12,false,SRC003
P000895,ATC-S01CA02,true,SRC003
P000895,ATC-S01BA04,false,SRC003
P000895,ATC-S01AA03,false,SRC003
P000895,ATC-S01AA18,false,SRC003
P000896,ATC-S01XA20,true,SRC003
P000897,CLASS-UNMAPPED,true,SRC001
P000898,ATC-S01BA04,true,SRC003
P000899,ATC-S01EA02,true,SRC003
P000899,ATC-S01EA02,false,SRC003
P000899,ATC-S01AX,false,SRC003
P000900,ATC-S01BA07,true,SRC003
P000901,CLASS-UNMAPPED,true,SRC001
P000902,CLASS-UNMAPPED,true,SRC001
P000903,CLASS-UNMAPPED,true,SRC001
P000904,CLASS-UNMAPPED,true,SRC001
P000905,ATC-S01ED03,true,SRC003
P000906,ATC-S01AA11,true,SRC003
P000906,AHFS_DI-52040400,false,SRC004
P000907,ATC-S01BA04,true,SRC003
P000908,CLASS-UNMAPPED,true,SRC001
P000909,CLASS-UNMAPPED,true,SRC001
P000910,ATC-S01CA01,true,SRC003
P000910,ATC-S01AA12,false,SRC003
P000910,AHFS_DI-52080800,false,SRC004
P000910,AHFS_DI-52040400,false,SRC004
P000911,ATC-S01ED02,true,SRC003
P000912,CLASS-UNMAPPED,true,SRC001
P000913,CLASS-UNMAPPED,true,SRC001
P000914,CLASS-UNMAPPED,true,SRC001
P000915,ATC-S01CA02,true,SRC003
P000915,ATC-S01AB04,false,SRC003
P000915,AHFS_DI-52080800,false,SRC004
P000915,AHFS_DI-52040400,false,SRC004
P000916,ATC-S01ED04,true,SRC003
P000917,CLASS-UNMAPPED,true,SRC001
P000918,ATC-S01BA01,true,SRC003
P000918,AHFS_DI-52080800,false,SRC004
P000919,ATC-S01GA52,true,SRC003
P000919,ATC-S01GA02,false,SRC003
P000919,ATC-S01GX,false,SRC003
P000920,ATC-S01EB01,true,SRC003
P000920,AHFS_DI-52402000,false,SRC004
P000921,CLASS-UNMAPPED,true,SRC001
P000922,CLASS-UNMAPPED,true,SRC001
P000923,ATC-S01EB01,true,SRC003
P000923,AHFS_DI-52402000,false,SRC004
P000924,CLASS-UNMAPPED,true,SRC001
P000925,CLASS-UNMAPPED,true,SRC001
P000926,ATC-S01GA52,true,SRC003
P000926,ATC-S01GA02,false,SRC003
P000926,ATC-S01BA07,false,SRC003
P000927,CLASS-UNMAPPED,true,SRC001
P000928,CLASS-UNMAPPED,true,SRC001
P000929,CLASS-UNMAPPED,true,SRC001
P000930,ATC-S01GX01,true,SRC003
P000930,AHFS_DI-52020000,false,SRC004
P000931,ATC-S01ED01,true,SRC003
P000932,ATC-S01ED01,true,SRC003
P000933,ATC-S01CA01,true,SRC003
P000933,ATC-S01AA03,false,SRC003
P000933,AHFS_DI-52080800,false,SRC004
P000933,AHFS_DI-52040400,false,SRC004
P000934,ATC-S01HA02,true,SRC003
P000934,AHFS_DI-52160000,false,SRC004
P000935,ATC-S01FA04,true,SRC003
P000936,ATC-S01BC,true,SRC003
P000936,AHFS_DI-52082000,false,SRC004
P000937,ATC-S01GX01,true,SRC003
P000938,CLASS-UNMAPPED,true,SRC001
P000939,ATC-S01AE02,true,SRC003
P000940,CLASS-UNMAPPED,true,SRC001
P000941,CLASS-UNMAPPED,true,SRC001
P000942,CLASS-UNMAPPED,true,SRC001
P000943,ATC-S01AA30,true,SRC003
P000943,ATC-S01AA03,false,SRC003
P000943,ATC-S01AA18,false,SRC003
P000943,AHFS_DI-52040400,false,SRC004
P000944,CLASS-UNMAPPED,true,SRC001
P000945,CLASS-UNMAPPED,true,SRC001
P000946,ATC-S01EB01,true,SRC003
P000946,AHFS_DI-52402000,false,SRC004
P000947,ATC-S01XA,true,SRC003
P000947,ATC-V03AX,false,SRC003
P000947,ATC-A11HA02,false,SRC003
P000948,ATC-S01AA30,true,SRC003
P000948,ATC-S01AA03,false,SRC003
P000948,ATC-S01AA18,false,SRC003
P000948,AHFS_DI-52040400,false,SRC004
P000949,CLASS-UNMAPPED,true,SRC001
P000950,ATC-S01BC03,true,SRC003
P000950,AHFS_DI-52082000,false,SRC004
P000951,CLASS-UNMAPPED,true,SRC001
P000952,ATC-S01CA05,true,SRC003
P000952,ATC-S01XA,false,SRC003
P000952,ATC-S01AA11,false,SRC003
P000952,ATC-S01BA06,false,SRC003
P000953,CLASS-UNMAPPED,true,SRC001
P000954,ATC-S01HA02,true,SRC003
P000954,AHFS_DI-52160000,false,SRC004
P000955,CLASS-UNMAPPED,true,SRC001
P000956,ATC-S01ED01,true,SRC003
P000956,AHFS_DI-52400800,false,SRC004
P000957,CLASS-UNMAPPED,true,SRC001
P000958,ATC-S01XA,true,SRC003
P000958,ATC-S01GX05,false,SRC003
P000958,ATC-S01XA05,false,SRC003
P000958,AHFS_DI-52020000,false,SRC004
P000959,ATC-S01AA11,true,SRC003
P000959,ATC-S01CA05,false,SRC003
P000959,AHFS_DI-52040400,false,SRC004
P000959,AHFS_DI-52080800,false,SRC004
P000960,ATC-S01CA01,true,SRC003
P000960,ATC-S01BA01,false,SRC003
P000960,ATC-S01AA11,false,SRC003
P000961,ATC-S01AA11,true,SRC003
P000961,AHFS_DI-52040400,false,SRC004
P000962,ATC-S01AA11,true,SRC003
P000963,ATC-S01XA,true,SRC003
P000963,AHFS_DI-52020000,false,SRC004
P000964,CLASS-UNMAPPED,true,SRC001
P000965,CLASS-UNMAPPED,true,SRC001
P000966,ATC-S01AE03,true,SRC003
P000967,ATC-S01GX01,true,SRC003
P000968,ATC-S01AA01,true,SRC003
P000968,ATC-S01CA01,false,SRC003
P000968,AHFS_DI-52040400,false,SRC004
P000968,AHFS_DI-52080800,false,SRC004
P000969,ATC-S01BA07,true,SRC003
P000969,AHFS_DI-52080800,false,SRC004
P000970,CLASS-UNMAPPED,true,SRC001
P000971,CLASS-UNMAPPED,true,SRC001
P000972,CLASS-UNMAPPED,true,SRC001
P000973,CLASS-UNMAPPED,true,SRC001
P000974,CLASS-UNMAPPED,true,SRC001
P000975,CLASS-UNMAPPED,true,SRC001
P000976,ATC-S01BC04,true,SRC003
P000976,AHFS_DI-52082000,false,SRC004
P000977,ATC-S01XA20,true,SRC003
P000978,ATC-S01XA,true,SRC003
P000978,AHFS_DI-52920000,false,SRC004
P000979,ATC-S01XA20,true,SRC003
P000980,CLASS-UNMAPPED,true,SRC001
P000981,ATC-S01BA01,true,SRC003
P000981,AHFS_DI-52080800,false,SRC004
P000982,ATC-S01XA,true,SRC003
P000982,AHFS_DI-52920000,false,SRC004
P000983,ATC-S01CA01,true,SRC003
P000983,ATC-S01BA01,false,SRC003
P000983,ATC-V07,false,SRC003
P000983,ATC-S01AA12,false,SRC003
P000984,ATC-S01GA51,true,SRC003
P000985,CLASS-UNMAPPED,true,SRC001
P000986,ATC-S01AX,true,SRC003
P000986,ATC-S01XA,false,SRC003
P000986,ATC-S01AX07,false,SRC003
P000986,ATC-V06D,false,SRC003
P000987,ATC-S01HA07,true,SRC003
P000987,AHFS_DI-52160000,false,SRC004
P000988,CLASS-UNMAPPED,true,SRC001
P000989,ATC-S01XA20,true,SRC003
P000990,ATC-S01XA,true,SRC003
P000990,ATC-V07,false,SRC003
P000990,ATC-S01XA20,false,SRC003
P000991,CLASS-UNMAPPED,true,SRC001
P000992,ATC-S01ED01,true,SRC003
P000993,ATC-S01ED01,true,SRC003
P000994,ATC-S01XA12,true,SRC003
P000995,ATC-S01XA20,true,SRC003
P000996,ATC-S01XA,true,SRC003
P000997,ATC-S01AE01,true,SRC003
P000998,CLASS-UNMAPPED,true,SRC001
P000999,ATC-S01XA,true,SRC003
P000999,ATC-S01XA20,false,SRC003
P000999,ATC-V07,false,SRC003
P001000,ATC-S01BA07,true,SRC003
P001001,ATC-S01BA07,true,SRC003
P001002,ATC-S01EB01,true,SRC003
P001003,ATC-S01ED01,true,SRC003
P001004,ATC-S01ED01,true,SRC003
P001005,CLASS-UNMAPPED,true,SRC001
P001006,CLASS-UNMAPPED,true,SRC001
P001007,ATC-S01ED01,true,SRC003
P001008,ATC-S01ED01,true,SRC003
P001009,ATC-S01XA,true,SRC003
P001009,AHFS_DI-52920000,false,SRC004
P001010,ATC-S01XA,true,SRC003
P001011,CLASS-UNMAPPED,true,SRC001
P001012,ATC-S01AA01,true,SRC003
P001012,ATC-S01AA01,false,SRC003
P001013,ATC-S01AA01,true,SRC003
P001013,AHFS_DI-52040400,false,SRC004
P001014,ATC-S01CA01,true,SRC003
P001014,ATC-S01BA01,false,SRC003
P001014,ATC-S01AA11,false,SRC003
P001015,ATC-S01AE01,true,SRC003
P001016,ATC-S01CA01,true,SRC003
P001016,ATC-S01AA11,false,SRC003
P001016,ATC-S01BA01,false,SRC003
P001017,ATC-S01ED02,true,SRC003
P001018,ATC-S01EA02,true,SRC003
P001018,AHFS_DI-52409200,false,SRC004
P001019,ATC-S01AX18,true,SRC003
P001019,ATC-S01AX18,false,SRC003
P001019,ATC-V07,false,SRC003
P001020,ATC-S01GA05,true,SRC003
P001020,ATC-S01AX03,false,SRC003
P001020,AHFS_DI-52320000,false,SRC004
P001020,AHFS_DI-52920000,false,SRC004
P001020,AHFS_DI-52049200,false,SRC004
P001021,ATC-S01GA01,true,SRC003
P001021,AHFS_DI-52320000,false,SRC004
P001022,ATC-S01EC03,true,SRC003
P001023,ATC-S01GA02,true,SRC003
P001023,AHFS_DI-52320000,false,SRC004
P001024,ATC-S01GX01,true,SRC003
P001025,ATC-S01GA05,true,SRC003
P001025,AHFS_DI-52320000,false,SRC004
P001026,ATC-S01JA01,true,SRC003
P001027,ATC-S01XA20,true,SRC003
P001027,AHFS_DI-52920000,false,SRC004
P001028,ATC-S01GA02,true,SRC003
P001028,AHFS_DI-52320000,false,SRC004
P001029,ATC-S01GX01,true,SRC003
P001030,ATC-S01GA02,true,SRC003
P001031,ATC-S01XA20,true,SRC003
P001032,ATC-S01AE03,true,SRC003
P001033,ATC-S01XA,true,SRC003
P001034,ATC-S01CA01,true,SRC003
P001034,ATC-S01BA01,false,SRC003
P001034,ATC-S01AA03,false,SRC003
P001035,ATC-S01ED01,true,SRC003
P001036,ATC-S01ED01,true,SRC003
P001037,ATC-S01EE01,true,SRC003
P001038,ATC-S01GA52,true,SRC003
P001038,ATC-S01GA02,false,SRC003
P001038,ATC-V07,false,SRC003
P001038,ATC-S01AX18,false,SRC003
P001039,ATC-S01CA07,true,SRC003
P001039,ATC-S01AX,false,SRC003
P001039,ATC-S01BA07,false,SRC003
P001039,ATC-S01AA11,false,SRC003
P001040,ATC-S01EA05,true,SRC003
P001041,CLASS-UNMAPPED,true,SRC001
P001042,ATC-S01BC05,true,SRC003
P001043,ATC-S01AA11,true,SRC003
P001044,ATC-S01ED01,true,SRC003
P001044,AHFS_DI-52400800,false,SRC004
P001045,ATC-S01ED01,true,SRC003
P001045,AHFS_DI-52400800,false,SRC004
P001046,ATC-S01ED54,true,SRC003
P001046,ATC-S01EB01,false,SRC003
P001046,ATC-S01ED04,false,SRC003
P001047,ATC-S01AX18,true,SRC003
P001048,ATC-S01GX09,true,SRC003
P001049,ATC-S01AX18,true,SRC003
P001049,ATC-S01AX18,false,SRC003
P001049,ATC-V07,false,SRC003
P001050,ATC-S01FA01,true,SRC003
P001051,ATC-S01GA02,true,SRC003
P001052,ATC-S02CA03,true,SRC003
P001052,ATC-S02AA15,false,SRC003
P001052,ATC-S02BA01,false,SRC003
P001053,ATC-S01GA01,true,SRC003
P001053,AHFS_DI-52320000,false,SRC004
P001053,AHFS_DI-52020000,false,SRC004
P001054,ATC-S01AA30,true,SRC003
P001054,ATC-S01AA18,false,SRC003
P001054,AHFS_DI-52040000,false,SRC004
P001055,ATC-S01GA01,true,SRC003
P001056,ATC-S01AA11,true,SRC003
P001057,ATC-S01GA02,true,SRC003
P001058,CLASS-UNMAPPED,true,SRC001
P001059,CLASS-UNMAPPED,true,SRC001
P001060,ATC-S01GX06,true,SRC003
P001061,ATC-S01AE04,true,SRC003
P001061,AHFS_DI-08121800,false,SRC004
P001062,CLASS-UNMAPPED,true,SRC001
P001063,CLASS-UNMAPPED,true,SRC001
P001064,ATC-S01AX18,true,SRC003
P001065,ATC-S01EC04,true,SRC003
P001065,ATC-S01EC04,false,SRC003
P001066,ATC-S01ED05,true,SRC003
P001067,ATC-S01GA02,true,SRC003
P001068,ATC-S01ED05,true,SRC003
P001069,ATC-S01ED01,true,SRC003
P001070,ATC-S01BA07,true,SRC003
P001071,ATC-S01GX10,true,SRC003
P001071,AHFS_DI-52020000,false,SRC004
P001072,ATC-S01GX10,true,SRC003
P001072,AHFS_DI-52020000,false,SRC004
P001073,ATC-S01XA,true,SRC003
P001073,ATC-S01GX,false,SRC003
P001073,ATC-S01XA,false,SRC003
P001074,ATC-S01GA04,true,SRC003
P001075,ATC-S01HA03,true,SRC003
P001076,ATC-S01EE02,true,SRC003
P001077,ATC-S01XA,true,SRC003
P001077,ATC-S01GX,false,SRC003
P001077,ATC-S01GA01,false,SRC003
P001077,ATC-S01XA,false,SRC003
P001077,ATC-V03AX,false,SRC003
P001078,ATC-S01XA,true,SRC003
P001078,ATC-S01XA,false,SRC003
P001078,ATC-S01EB06,false,SRC003
P001078,ATC-S01GX,false,SRC003
P001078,ATC-S01GA01,false,SRC003
P001079,ATC-S01GA51,true,SRC003
P001079,ATC-S01GA01,false,SRC003
P001079,ATC-S01GX,false,SRC003
P001080,ATC-S01GA51,true,SRC003
P001080,ATC-V03AX,false,SRC003
P001080,ATC-S01GA01,false,SRC003
P001080,ATC-S01GX,false,SRC003
P001080,ATC-S01XA,false,SRC003
P001081,CLASS-UNMAPPED,true,SRC001
P001082,ATC-S01BA13,true,SRC003
P001083,ATC-S01XA20,true,SRC003
P001083,AHFS_DI-52920000,false,SRC004
P001084,ATC-S01XA,true,SRC003
P001084,ATC-S01EB06,false,SRC003
P001084,ATC-S01XA,false,SRC003
P001084,ATC-S01GX,false,SRC003
P001085,ATC-S01XA20,true,SRC003
P001086,ATC-S01XA,true,SRC003
P001086,ATC-S01XA,false,SRC003
P001086,ATC-S01EB06,false,SRC003
P001086,ATC-S01GX,false,SRC003
P001086,ATC-V03AX,false,SRC003
P001087,ATC-S01GA01,true,SRC003
P001087,ATC-S01XA15,false,SRC003
P001087,ATC-S01EB06,false,SRC003
P001087,AHFS_DI-52320000,false,SRC004
P001087,AHFS_DI-52402000,false,SRC004
P001087,AHFS_DI-52020000,false,SRC004
P001088,ATC-S01GA51,true,SRC003
P001088,ATC-S01GX,false,SRC003
P001088,ATC-S01XA,false,SRC003
P001088,ATC-V03AX,false,SRC003
P001088,ATC-S01GA01,false,SRC003
P001089,ATC-S01ED51,true,SRC003
P001089,ATC-S01ED01,false,SRC003
P001089,ATC-S01EC03,false,SRC003
P001090,ATC-S01GX,true,SRC003
P001090,ATC-S01EB06,false,SRC003
P001090,ATC-V03AX,false,SRC003
P001090,ATC-S01GX,false,SRC003
P001090,ATC-S01XA,false,SRC003
P001091,ATC-S01BC,true,SRC003
P001091,ATC-S01EB06,false,SRC003
P001091,AHFS_DI-52020000,false,SRC004
P001092,ATC-S01GA51,true,SRC003
P001092,ATC-S01EB06,false,SRC003
P001092,ATC-V03AX,false,SRC003
P001092,ATC-S01GA01,false,SRC003
P001092,ATC-S01XA,false,SRC003
P001092,ATC-S01GX,false,SRC003
P001093,ATC-S01EE04,true,SRC003
P001094,ATC-S01GA51,true,SRC003
P001094,ATC-S01GX,false,SRC003
P001094,ATC-S01EB06,false,SRC003
P001094,ATC-S01XA,false,SRC003
P001094,ATC-S01GA01,false,SRC003
P001095,ATC-S01EE03,true,SRC003
P001096,ATC-S01GA51,true,SRC003
P001096,ATC-S01GA01,false,SRC003
P001096,ATC-S01XA,false,SRC003
P001097,ATC-S01GX,true,SRC003
P001097,ATC-S01X,false,SRC003
P001097,ATC-S01EB06,false,SRC003
P001097,ATC-S01L,false,SRC003
P001097,AHFS_DI-52020000,false,SRC004
P001097,AHFS_DI-52920000,false,SRC004
P001098,ATC-S01XA,true,SRC003
P001098,ATC-S01XA03,false,SRC003
P001098,ATC-S01XA,false,SRC003
P001099,ATC-S01GX,true,SRC003
P001100,ATC-S01XA20,true,SRC003
P001101,ATC-S01XA,true,SRC003
P001101,ATC-V03AX,false,SRC003
P001101,ATC-S01XA,false,SRC003
P001101,ATC-S01XA12,false,SRC003
P001101,ATC-S01GA02,false,SRC003
P001101,ATC-S01EB06,false,SRC003
P001101,ATC-S01GX,false,SRC003
P001102,ATC-S01ED51,true,SRC003
P001102,ATC-S01ED01,false,SRC003
P001102,ATC-S01EE01,false,SRC003
P001103,ATC-S01XA,true,SRC003
P001103,ATC-S01XA,false,SRC003
P001103,ATC-S01GX,false,SRC003
P001103,ATC-S01EB06,false,SRC003
P001104,ATC-S01XA20,true,SRC003
P001104,ATC-S01XA20,false,SRC003
P001104,ATC-S01XA,false,SRC003
P001105,ATC-S01GA51,true,SRC003
P001105,ATC-S01GA01,false,SRC003
P001105,ATC-S01GX,false,SRC003
P001105,ATC-S01XA,false,SRC003
P001106,ATC-S01GA01,true,SRC003
P001106,ATC-S01XA,false,SRC003
P001106,ATC-S01GX,false,SRC003
P001106,AHFS_DI-52040000,false,SRC004
P001106,AHFS_DI-52920000,false,SRC004
P001106,AHFS_DI-52402000,false,SRC004
P001106,AHFS_DI-52320000,false,SRC004
P001107,ATC-S01GX,true,SRC003
P001107,ATC-V03AX,false,SRC003
P001107,ATC-S01GX,false,SRC003
P001107,ATC-S01XA,false,SRC003
P001107,ATC-S01EB06,false,SRC003
P001108,ATC-S01BA01,true,SRC003
P001109,ATC-S01XA,true,SRC003
P001110,ATC-S01EA05,true,SRC003
P001111,ATC-S01XA20,true,SRC003
P001111,ATC-S01XA20,false,SRC003
P001112,ATC-S01GA51,true,SRC003
P001112,ATC-S01GA01,false,SRC003
P001112,ATC-V03AX,false,SRC003
P001112,ATC-S01XA,false,SRC003
P001112,ATC-S01GX,false,SRC003
P001113,ATC-S01ED01,true,SRC003
P001114,ATC-S01ED01,true,SRC003
P001115,ATC-S01GX08,true,SRC003
P001116,ATC-S01XA20,true,SRC003
P001117,ATC-S01XA20,true,SRC003
P001118,ATC-S01AB,true,SRC003
P001118,ATC-S01AB,false,SRC003
P001118,ATC-V03AX,false,SRC003
P001119,ATC-S01GX01,true,SRC003
P001120,ATC-S01GA51,true,SRC003
P001120,ATC-S01GA01,false,SRC003
P001120,ATC-S01XA,false,SRC003
P001120,ATC-S01GX,false,SRC003
P001121,ATC-S01GA51,true,SRC003
P001121,ATC-S01GA01,false,SRC003
P001121,ATC-S01XA,false,SRC003
P001121,ATC-S01GX,false,SRC003
P001122,ATC-S01GA51,true,SRC003
P001122,ATC-S01XA,false,SRC003
P001122,ATC-S01GA01,false,SRC003
P001122,ATC-S01GX,false,SRC003
P001123,ATC-S01CA05,true,SRC003
P001123,ATC-S01BA06,false,SRC003
P001123,ATC-S01AA11,false,SRC003
P001124,ATC-S01AE07,true,SRC003
P001125,ATC-S01XA,true,SRC003
P001125,ATC-S01XA,false,SRC003
P001125,ATC-S01EB06,false,SRC003
P001126,ATC-S01GX,true,SRC003
P001126,ATC-S01GX,false,SRC003
P001126,ATC-S01XA,false,SRC003
P001126,ATC-V03AX,false,SRC003
P001127,ATC-V07,true,SRC003
P001127,ATC-V07,false,SRC003
P001128,ATC-S01GA51,true,SRC003
P001128,ATC-S01XA,false,SRC003
P001128,ATC-V03AX,false,SRC003
P001128,ATC-S01GA01,false,SRC003
P001129,ATC-S01CA01,true,SRC003
P001129,ATC-S01AA11,false,SRC003
P001129,ATC-S01BA01,false,SRC003
P001130,CLASS-UNMAPPED,true,SRC001
P001131,ATC-S01GA52,true,SRC003
P001131,ATC-S01XA,false,SRC003
P001131,ATC-S01GA02,false,SRC003
P001132,ATC-V07,true,SRC003
P001132,ATC-V07,false,SRC003
P001133,ATC-S01EE04,true,SRC003
P001134,ATC-S01XA,true,SRC003
P001134,ATC-V07,false,SRC003
P001135,ATC-S01XA18,true,SRC003
P001136,ATC-S01AB,true,SRC003
P001136,ATC-S01AB,false,SRC003
P001136,ATC-V03AX,false,SRC003
P001137,ATC-S01EA05,true,SRC003
P001138,ATC-S01GX,true,SRC003
P001138,ATC-S01XA,false,SRC003
P001138,ATC-S01GX,false,SRC003
P001138,ATC-V03AX,false,SRC003
P001138,ATC-S01EB06,false,SRC003
P001139,ATC-S01ED01,true,SRC003
P001140,ATC-S01GX09,true,SRC003
P001141,ATC-S01XA20,true,SRC003
P001141,ATC-S01XA20,false,SRC003
P001141,ATC-V07,false,SRC003
P001142,ATC-S01ED51,true,SRC003
P001142,ATC-S01ED01,false,SRC003
P001142,ATC-S01EA05,false,SRC003
P001143,ATC-S01XA,true,SRC003
P001143,ATC-S01XA,false,SRC003
P001143,ATC-S01GX,false,SRC003
P001143,ATC-V03AX,false,SRC003
P001143,ATC-S01EB06,false,SRC003
P001144,ATC-S01XA20,true,SRC003
P001145,ATC-S01GX10,true,SRC003
P001146,ATC-S01GX,true,SRC003
P001146,ATC-S01EB06,false,SRC003
P001146,ATC-V03AX,false,SRC003
P001146,ATC-S01XA,false,SRC003
P001146,ATC-S01GX,false,SRC003
P001147,ATC-S01AA11,true,SRC003
P001148,ATC-S01BA14,true,SRC003
P001149,ATC-S01AE05,true,SRC003
P001150,ATC-S01GX,true,SRC003
P001150,ATC-S01GX,false,SRC003
P001150,ATC-S01XA,false,SRC003
P001150,ATC-S01EB06,false,SRC003
P001150,ATC-V03AX,false,SRC003
P001151,ATC-S01ED01,true,SRC003
P001152,ATC-S01BC03,true,SRC003
P001153,ATC-S01GA51,true,SRC003
P001153,ATC-S01XA,false,SRC003
P001153,ATC-S01GA01,false,SRC003
P001153,ATC-S01EB06,false,SRC003
P001153,ATC-S01GX,false,SRC003
P001154,ATC-S01GX08,true,SRC003
P001155,ATC-S01BA14,true,SRC003
P001156,ATC-S01XA,true,SRC003
P001156,ATC-S01GX,false,SRC003
P001156,ATC-S01EB06,false,SRC003
P001156,ATC-S01XA,false,SRC003
P001156,ATC-V07,false,SRC003
P001157,ATC-S01ED51,true,SRC003
P001157,ATC-S01ED01,false,SRC003
P001157,ATC-S01EB01,false,SRC003
P001158,ATC-V07,true,SRC003
P001158,ATC-V07,false,SRC003
P001159,ATC-S01ED51,true,SRC003
P001159,ATC-S01EE04,false,SRC003
P001159,ATC-S01ED01,false,SRC003
P001160,ATC-S01AA12,true,SRC003
P001161,ATC-S01BC10,true,SRC003
P001162,ATC-S01GX09,true,SRC003
P001163,ATC-S01XA,true,SRC003
P001163,ATC-V07,false,SRC003
P001163,ATC-S01GX,false,SRC003
P001163,ATC-S01XA,false,SRC003
P001163,ATC-S01BC,false,SRC003
P001164,ATC-S01XA,true,SRC003
P001164,ATC-S01GX,false,SRC003
P001164,ATC-S01GA01,false,SRC003
P001164,ATC-V07,false,SRC003
P001165,ATC-S01XA,true,SRC003
P001165,ATC-S01BC,false,SRC003
P001165,ATC-S01EB06,false,SRC003
P001165,ATC-S01XA,false,SRC003
P001165,ATC-V07,false,SRC003
P001166,ATC-S01BC05,true,SRC003
P001166,ATC-S01BC05,false,SRC003
P001167,ATC-S01ED05,true,SRC003
P001167,ATC-S01ED05,false,SRC003
P001168,ATC-S01ED05,true,SRC003
P001168,ATC-S01ED05,false,SRC003
P001169,ATC-S01XA,true,SRC003
P001169,ATC-S01XA,false,SRC003
P001169,ATC-S01XA12,false,SRC003
P001169,ATC-S01GX,false,SRC003
P001169,ATC-S01GA01,false,SRC003
P001169,ATC-S01EB06,false,SRC003
P001170,ATC-S01XA,true,SRC003
P001170,ATC-S01GX,false,SRC003
P001170,ATC-S01XA,false,SRC003
P001171,ATC-S01GA01,true,SRC003
P001171,ATC-S01GA01,false,SRC003
P001172,ATC-S01XA,true,SRC003
P001172,ATC-S01XA,false,SRC003
P001173,ATC-S01XA,true,SRC003
P001173,ATC-S01GA01,false,SRC003
P001173,ATC-S01GX,false,SRC003
P001173,ATC-S01XA,false,SRC003
P001174,ATC-S01ED51,true,SRC003
P001175,ATC-S01XA,true,SRC003
P001175,ATC-S01XA,false,SRC003
P001175,ATC-S01GX,false,SRC003
P001175,ATC-S01EB06,false,SRC003
P001176,ATC-S01BC05,true,SRC003
P001176,ATC-S01BC05,false,SRC003
P001177,ATC-S01EE03,true,SRC003
P001177,ATC-S01EE03,false,SRC003
P001178,ATC-S01XA,true,SRC003
P001178,ATC-S01GA01,false,SRC003
P001178,ATC-S01BC,false,SRC003
P001178,ATC-V07,false,SRC003
P001178,ATC-S01XA,false,SRC003
P001178,ATC-S01GX,false,SRC003
P001179,ATC-S01BC11,true,SRC003
P001179,ATC-S01BC11,false,SRC003
P001180,ATC-S01XA,true,SRC003
P001180,ATC-V07,false,SRC003
P001180,ATC-S01BC,false,SRC003
P001180,ATC-S01GX,false,SRC003
P001180,ATC-S01EB06,false,SRC003
P001181,ATC-S01EE05,true,SRC003
P001181,ATC-S01EE05,false,SRC003
P001182,ATC-S01ED51,true,SRC003
P001182,ATC-S01ED01,false,SRC003
P001182,ATC-S01EC03,false,SRC003
P001183,ATC-S01AE08,true,SRC003
P001184,ATC-S01XA,true,SRC003
P001184,ATC-S01XA,false,SRC003
P001185,ATC-S01GX,true,SRC003
P001185,ATC-S01GA01,false,SRC003
P001185,ATC-S01GX,false,SRC003
P001185,ATC-S01XA,false,SRC003
P001186,ATC-S01ED01,true,SRC003
P001186,ATC-S01ED01,false,SRC003
P001187,ATC-S01GA51,true,SRC003
P001187,ATC-S01GX,false,SRC003
P001187,ATC-S01GA01,false,SRC003
P001187,ATC-V07AB,false,SRC003
P001187,ATC-B03BA01,false,SRC003
P001188,ATC-S01XA,true,SRC003
P001188,ATC-S01XA,false,SRC003
P001188,ATC-S01GA02,false,SRC003
P001188,ATC-S01XA,false,SRC003
P001188,ATC-S01XA,false,SRC003
P001188,ATC-S01EB06,false,SRC003
P001188,ATC-A11HA02,false,SRC003
P001188,ATC-R06AB04,false,SRC003
P001189,ATC-S01XA,true,SRC003
P001189,ATC-S01XA,false,SRC003
P001189,ATC-B03BA01,false,SRC003
P001189,ATC-M01AX25,false,SRC003
P001189,ATC-A11HA02,false,SRC003
P001189,ATC-R06AB04,false,SRC003
P001189,ATC-S01EB06,false,SRC003
P001190,ATC-S01XA,true,SRC003
P001190,ATC-S01GA02,false,SRC003
P001190,ATC-S01EB06,false,SRC003
P001190,ATC-S01XA,false,SRC003
P001190,ATC-S01AX03,false,SRC003
P001190,ATC-A11HA02,false,SRC003
P001190,ATC-R06AB04,false,SRC003
P001191,ATC-S01XA,true,SRC003
P001191,ATC-S01XA,false,SRC003
P001191,ATC-A11HA30,false,SRC003
P001191,ATC-R06AB04,false,SRC003
P001191,ATC-S01EB06,false,SRC003
P001191,ATC-S01XA,false,SRC003
P001191,ATC-S01GA01,false,SRC003
P001192,ATC-S01XA,true,SRC003
P001192,ATC-S01XA,false,SRC003
P001193,ATC-S01XA,true,SRC003
P001193,ATC-S01XA,false,SRC003
P001193,ATC-S01XA,false,SRC003
P001193,ATC-S01GA01,false,SRC003
P001193,ATC-A11HA30,false,SRC003
P001193,ATC-R06AB04,false,SRC003
P001193,ATC-S01EB06,false,SRC003
P001194,ATC-S01XA,true,SRC003
P001194,ATC-S01XA,false,SRC003
P001194,ATC-S01XA,false,SRC003
P001194,ATC-S01XA,false,SRC003
P001194,ATC-S01XA,false,SRC003
P001194,ATC-S01XA,false,SRC003
P001194,ATC-S01XA,false,SRC003
P001194,ATC-V03AX,false,SRC003
P001195,ATC-S01XA,true,SRC003
P001195,ATC-S01XA,false,SRC003
P001195,ATC-A11HA02,false,SRC003
P001195,ATC-M01AX25,false,SRC003
P001195,ATC-S01XA,false,SRC003
P001195,ATC-S01EB06,false,SRC003
P001195,ATC-V03AX,false,SRC003
P001195,ATC-S01GA02,false,SRC003
P001195,ATC-S01XA,false,SRC003
P001196,ATC-S01XA,true,SRC003
P001196,ATC-S01XA,false,SRC003
P001196,ATC-V03AX,false,SRC003
P001196,ATC-R06AB04,false,SRC003
P001196,ATC-B03BA01,false,SRC003
P001196,ATC-S01EB06,false,SRC003
P001197,ATC-S01XA,true,SRC003
P001197,ATC-S01XA,false,SRC003
P001197,ATC-S01XA,false,SRC003
P001197,ATC-S01GA02,false,SRC003
P001197,ATC-S01XA,false,SRC003
P001197,ATC-R06AB04,false,SRC003
P001197,ATC-S01EB06,false,SRC003
P001198,ATC-S01GA52,true,SRC003
P001198,ATC-S01XA,false,SRC003
P001198,ATC-S01XA,false,SRC003
P001198,ATC-S01GA02,false,SRC003
P001198,ATC-M01AX25,false,SRC003
P001198,ATC-S01XA,false,SRC003
P001199,ATC-S01XA,true,SRC003
P001199,ATC-S01XA,false,SRC003
P001199,ATC-S01XA,false,SRC003
P001199,ATC-S01XA,false,SRC003
P001199,ATC-S01XA,false,SRC003
P001199,ATC-S01XA,false,SRC003
P001199,ATC-M01AX25,false,SRC003
P001200,ATC-S01GA52,true,SRC003
P001200,ATC-S01XA,false,SRC003
P001200,ATC-R06AB04,false,SRC003
P001200,ATC-S01GA02,false,SRC003
P001200,ATC-B03BA01,false,SRC003
P001200,ATC-S01AX03,false,SRC003
P001200,ATC-A11HA02,false,SRC003
P001201,ATC-S01EE01,true,SRC003
P001202,ATC-S01XA20,true,SRC003
P001203,ATC-S01XA20,true,SRC003
P001204,ATC-S01XA20,true,SRC003
P001205,ATC-S01GX,true,SRC003
P001205,ATC-S01XA,false,SRC003
P001205,ATC-S01XA,false,SRC003
P001205,ATC-A11HA02,false,SRC003
P001205,ATC-S01GA02,false,SRC003
P001205,ATC-S01XA,false,SRC003
P001205,ATC-S01GX,false,SRC003
P001205,ATC-S01XA,false,SRC003
P001206,ATC-S01EC03,true,SRC003
P001207,ATC-S01XA20,true,SRC003
P001207,ATC-S01XA20,false,SRC003
P001207,ATC-V03AX,false,SRC003
P001207,ATC-V07,false,SRC003
P001208,ATC-V07,true,SRC003
P001208,ATC-V07,false,SRC003
P001208,ATC-V07,false,SRC003
P001209,ATC-S01FA01,true,SRC003
P001210,ATC-S01FA01,true,SRC003
P001211,ATC-S01FA01,true,SRC003
P001212,ATC-S01AA09,true,SRC003
P001213,ATC-S01AE01,true,SRC003
P001214,ATC-S01ED01,true,SRC003
P001214,ATC-S01ED01,false,SRC003
P001215,ATC-S01FA01,true,SRC003
P001215,ATC-S01FA01,false,SRC003
P001216,ATC-S01FA01,true,SRC003
P001216,ATC-S01FA01,false,SRC003
P001217,ATC-S01ED01,true,SRC003
P001217,ATC-S01ED01,false,SRC003
P001218,ATC-S01XA,true,SRC003
P001218,ATC-S01XA,false,SRC003
P001219,ATC-S01EE02,true,SRC003
P001219,ATC-S01EE02,false,SRC003
P001220,ATC-S01EC03,true,SRC003
P001220,ATC-S01EC03,false,SRC003
P001221,ATC-S01CA05,true,SRC003
P001221,ATC-S01AA03,false,SRC003
P001221,ATC-S01BA06,false,SRC003
P001222,ATC-S01GA52,true,SRC003
P001222,ATC-R01AC04,false,SRC003
P001222,ATC-S01GA02,false,SRC003
P001223,ATC-S01EE01,true,SRC003
P001224,ATC-S01XA,true,SRC003
P001225,ATC-S01FA01,true,SRC003
P001226,ATC-S01AA20,true,SRC003
P001226,ATC-S01AA12,false,SRC003
P001226,ATC-S01CB01,false,SRC003
P001226,ATC-S01HA,false,SRC003
P001227,ATC-S01XA,true,SRC003
P001228,ATC-S01FA06,true,SRC003
P001229,ATC-S01KA02,true,SRC003
P001230,ATC-S01ED51,true,SRC003
P001230,ATC-S01ED01,false,SRC003
P001230,ATC-S01EE01,false,SRC003
P001231,ATC-S01ED01,true,SRC003
P001232,ATC-S01ED01,true,SRC003
P001233,ATC-S01EE03,true,SRC003
P001234,ATC-S01EE03,true,SRC003
P001235,ATC-S01GX01,true,SRC003
P001236,ATC-S01XA20,true,SRC003
P001237,ATC-S01CB04,true,SRC003
P001238,ATC-S01EE04,true,SRC003
P001239,ATC-S01EE04,true,SRC003
P001240,ATC-S01FA01,true,SRC003
P001241,ATC-S01AA17,true,SRC003
P001242,ATC-S01XA18,true,SRC003
P001243,ATC-S01EC03,true,SRC003
P001244,ATC-S01ED51,true,SRC003
P001245,ATC-S01FA01,true,SRC003
P001246,ATC-S01XA20,true,SRC003
P001247,ATC-S01BA07,true,SRC003
P001248,ATC-S01XA,true,SRC003
P001248,ATC-S01GX,false,SRC003
P001248,ATC-S01XA,false,SRC003
P001249,ATC-S01CA,true,SRC003
P001249,ATC-S01AA03,false,SRC003
P001249,ATC-S01BA05,false,SRC003
P001250,ATC-S01EA05,true,SRC003
P001251,ATC-S01FA01,true,SRC003
P001252,ATC-S01GX08,true,SRC003
P001253,ATC-S01FA01,true,SRC003
P001253,ATC-S01FA01,false,SRC003
P001254,ATC-S01XA,true,SRC003
P001255,ATC-S01GA51,true,SRC003
P001255,ATC-S01GX,false,SRC003
P001255,ATC-S01XA,false,SRC003
P001255,ATC-S01GA01,false,SRC003
P001256,ATC-S01AE05,true,SRC003
P001257,ATC-S01FA01,true,SRC003
P001258,ATC-S01XA20,true,SRC003
P001259,ATC-S01AX03,true,SRC003
P001260,ATC-S01XA,true,SRC003
P001261,ATC-S01FA01,true,SRC003
P001262,ATC-S01BA06,true,SRC003
P001263,ATC-S01FA01,true,SRC003
P001264,ATC-S01FA01,true,SRC003
P001265,ATC-S01FA01,true,SRC003
P001266,ATC-S01FA01,true,SRC003
P001267,ATC-S01EA05,true,SRC003
P001268,ATC-S01ED51,true,SRC003
P001268,ATC-S01EA05,false,SRC003
P001268,ATC-S01ED01,false,SRC003
P001269,ATC-S01EB,true,SRC003
P001270,ATC-S01FA01,true,SRC003
P001271,ATC-S01GA51,true,SRC003
P001271,ATC-S01GX,false,SRC003
P001271,ATC-S01XA,false,SRC003
P001271,ATC-S01GA01,false,SRC003
P001272,ATC-S01XA,true,SRC003
P001273,ATC-S01FA01,true,SRC003
P001274,ATC-S01FA01,true,SRC003
P001275,ATC-S01AE07,true,SRC003
P001276,CLASS-UNMAPPED,true,SRC001
P001277,ATC-S01BC05,true,SRC003
P001278,ATC-S01FA01,true,SRC003
P001279,ATC-S01FA56,true,SRC003
P001279,ATC-S01FA06,false,SRC003
P001279,ATC-S01FB01,false,SRC003
P001280,ATC-S01FA01,true,SRC003
P001281,ATC-S01EA05,true,SRC003
P001282,ATC-A03BA01,true,SRC003
P001283,ATC-S01XA25,true,SRC003
P001284,CLASS-UNMAPPED,true,SRC001
P001285,CLASS-UNMAPPED,true,SRC001
P001286,ATC-S01CA01,true,SRC003
P001286,ATC-S01BA01,false,SRC003
P001286,ATC-S01AA03,false,SRC003
P001287,ATC-S01KA02,true,SRC003
P001288,ATC-S01KA02,true,SRC003
P001289,ATC-V07,true,SRC003
P001290,ATC-S01EE03,true,SRC003
P001291,ATC-S01XA20,true,SRC003
P001292,ATC-S01XA,true,SRC003
P001292,ATC-S01KA02,false,SRC003
P001292,ATC-S01XA,false,SRC003
P001292,ATC-S01XA03,false,SRC003
P001293,ATC-S01KA02,true,SRC003
P001293,ATC-S01KA02,false,SRC003
P001293,ATC-S01XA,false,SRC003
P001294,ATC-S01KA02,true,SRC003
P001294,ATC-S01XA,false,SRC003
P001294,ATC-S01KA02,false,SRC003
P001295,ATC-S01XA,true,SRC003
P001295,ATC-S01XA,false,SRC003
P001296,ATC-S01XA,true,SRC003
P001296,ATC-S01EX,false,SRC003
P001296,ATC-S01KA,false,SRC003
P001297,ATC-S01GA52,true,SRC003
P001297,ATC-S01GA02,false,SRC003
P001297,ATC-S01XA,false,SRC003
P001298,ATC-S01XA20,true,SRC003
P001298,ATC-S01XA,false,SRC003
P001298,ATC-S01XA20,false,SRC003
P001299,ATC-S01EE05,true,SRC003
P001300,ATC-S01ED51,true,SRC003
P001300,ATC-S01ED01,false,SRC003
P001300,ATC-S01EE01,false,SRC003
P001301,ATC-S01EE01,true,SRC003
P001302,ATC-S01EE04,true,SRC003
P001303,ATC-S01BC10,true,SRC003
P001304,ATC-S01EE01,true,SRC003
P001305,ATC-S01GX09,true,SRC003
P001306,ATC-S01ED51,true,SRC003
P001306,ATC-S01ED01,false,SRC003
P001306,ATC-S01EE05,false,SRC003
P001307,ATC-S01GA52,true,SRC003
P001307,ATC-S01GA52,false,SRC003
P001307,ATC-R06AB04,false,SRC003
P001307,ATC-B02AA01,false,SRC003
P001307,ATC-S01EB06,false,SRC003
P001307,ATC-S01GA02,false,SRC003
P001307,ATC-S01GA52,false,SRC003
P001307,ATC-A11HA02,false,SRC003
P001308,ATC-S01ED51,true,SRC003
P001308,ATC-S01EE01,false,SRC003
P001308,ATC-S01ED01,false,SRC003
P001309,ATC-S01XA,true,SRC003
P001309,ATC-S01XA,false,SRC003
P001309,ATC-S01XA,false,SRC003
P001309,ATC-S01XA,false,SRC003
P001309,ATC-S01XA,false,SRC003
P001309,ATC-S01EB06,false,SRC003
P001309,ATC-S01GA02,false,SRC003
P001309,ATC-S01GX,false,SRC003
P001309,ATC-S01XA,false,SRC003
P001310,ATC-S01GX09,true,SRC003
P001311,ATC-S01XA,true,SRC003
P001311,ATC-S01EB06,false,SRC003
P001311,ATC-S01XA,false,SRC003
P001311,ATC-S01XA,false,SRC003
P001312,ATC-S01XA20,true,SRC003
P001312,ATC-S01XA,false,SRC003
P001312,ATC-S01XA,false,SRC003
P001312,ATC-S01XA,false,SRC003
P001312,ATC-S01XA,false,SRC003
P001312,ATC-S01XA,false,SRC003
P001312,ATC-S01XA20,false,SRC003
P001313,ATC-S01XA,true,SRC003
P001313,ATC-S01XA,false,SRC003
P001313,ATC-S01GA02,false,SRC003
P001313,ATC-S01XA,false,SRC003
P001313,ATC-S01XA,false,SRC003
P001313,ATC-S01GX,false,SRC003
P001314,ATC-S01X,true,SRC003
P001314,ATC-S01X,false,SRC003
P001314,ATC-S01X,false,SRC003
P001315,ATC-S01EC54,true,SRC003
P001315,ATC-S01EC04,false,SRC003
P001315,ATC-S01EA05,false,SRC003
P001316,ATC-S01XA,true,SRC003
P001316,ATC-S01XA,false,SRC003
P001316,ATC-S01XA,false,SRC003
P001316,ATC-S01XA,false,SRC003
P001316,ATC-S01EB06,false,SRC003
P001317,ATC-S01XA,true,SRC003
P001317,ATC-S01XA12,false,SRC003
P001317,ATC-S01EB06,false,SRC003
P001317,ATC-S01GX,false,SRC003
P001317,ATC-S01XA,false,SRC003
P001317,ATC-S01XA,false,SRC003
P001318,ATC-S01ED01,true,SRC003
P001319,CLASS-UNMAPPED,true,SRC001
P001320,ATC-S01XA20,true,SRC003
P001320,ATC-S01XA,false,SRC003
P001320,ATC-S01XA,false,SRC003
P001320,ATC-V03AX,false,SRC003
P001321,ATC-S01XA,true,SRC003
P001321,ATC-S01XA,false,SRC003
P001321,ATC-S01KA01,false,SRC003
P001321,ATC-S01XA,false,SRC003
P001322,ATC-S01GX09,true,SRC003
P001323,ATC-S01AA12,true,SRC003
P001323,ATC-S01BA01,false,SRC003
P001324,CLASS-UNMAPPED,true,SRC001
P001325,ATC-S01XA18,true,SRC003
P001326,CLASS-UNMAPPED,true,SRC001
P001327,CLASS-UNMAPPED,true,SRC001
P001328,ATC-S01XA20,true,SRC003
P001328,ATC-S01XA,false,SRC003
P001328,ATC-S01XA,false,SRC003
P001329,ATC-S01XA,true,SRC003
P001329,ATC-S01XA,false,SRC003
P001330,ATC-S01HA02,true,SRC003
P001331,ATC-S01GA52,true,SRC003
P001331,ATC-S01XA,false,SRC003
P001331,ATC-S01GA02,false,SRC003
P001331,ATC-S01EB06,false,SRC003
P001332,ATC-S01GA51,true,SRC003
P001332,ATC-S01XA,false,SRC003
P001332,ATC-S01XA,false,SRC003
P001332,ATC-S01EB06,false,SRC003
P001332,ATC-S01GA01,false,SRC003
P001333,ATC-S01XA,true,SRC003
P001333,ATC-S01XA,false,SRC003
P001333,ATC-S01XA,false,SRC003
P001333,ATC-S01GX,false,SRC003
P001333,ATC-S01EB06,false,SRC003
P001334,ATC-S01XA,true,SRC003
P001334,ATC-S01XA,false,SRC003
P001334,ATC-S01XA,false,SRC003
P001334,ATC-S01GX,false,SRC003
P001334,ATC-S01XA,false,SRC003
P001334,ATC-S01EB06,false,SRC003
P001334,ATC-S01XA12,false,SRC003
P001334,ATC-S01XA,false,SRC003
P001335,ATC-S01XA,true,SRC003
P001335,ATC-S01XA02,false,SRC003
P001335,ATC-S01GX,false,SRC003
P001335,ATC-S01XA,false,SRC003
P001335,ATC-S01EB,false,SRC003
P001335,ATC-S01EB06,false,SRC003
P001336,ATC-S01GA52,true,SRC003
P001337,ATC-S01EB06,true,SRC003
P001338,ATC-S01XA20,true,SRC003
P001339,ATC-S01GA02,true,SRC003
P001340,ATC-S01XA,true,SRC003
P001340,ATC-S01XA,false,SRC003
P001340,ATC-S01BC,false,SRC003
P001340,ATC-S01XA,false,SRC003
P001340,ATC-S01XA,false,SRC003
P001340,ATC-S01GX,false,SRC003
P001341,ATC-S01XA25,true,SRC003
P001342,ATC-S01GX,true,SRC003
P001342,ATC-S01BC,false,SRC003
P001342,ATC-S01GX,false,SRC003
P001342,ATC-S01XA,false,SRC003
P001343,ATC-S01XA20,true,SRC003
P001343,ATC-S01XA,false,SRC003
P001343,ATC-S01XA,false,SRC003
P001343,ATC-S01XA,false,SRC003
P001343,ATC-S01XA,false,SRC003
P001344,ATC-S01EE06,true,SRC003
P001345,ATC-S01XA,true,SRC003
P001346,ATC-S01EX06,true,SRC003
P001347,ATC-S01XA,true,SRC003
P001347,ATC-S01GX,false,SRC003
P001347,ATC-S01XA,false,SRC003
P001348,ATC-S01EE01,true,SRC003
P001349,ATC-S01EE01,true,SRC003
P001350,ATC-S01XA20,true,SRC003
P001351,ATC-S01AE07,true,SRC003
P001352,ATC-S01CA01,true,SRC003
P001352,ATC-S01BA01,false,SRC003
P001352,ATC-S01AE05,false,SRC003
P001353,ATC-S01EE01,true,SRC003
P001354,ATC-S01ED51,true,SRC003
P001355,ATC-S01EX06,true,SRC003
P001356,CLASS-UNMAPPED,true,SRC001
P001357,ATC-S01EE01,true,SRC003
P001358,ATC-S01GA52,true,SRC003
P001358,ATC-S01EB06,false,SRC003
P001358,ATC-S01XA,false,SRC003
P001358,ATC-S01GA02,false,SRC003
P001358,ATC-S01GX,false,SRC003
P001358,ATC-S01AX03,false,SRC003
P001358,ATC-V03AX,false,SRC003
P001359,CLASS-UNMAPPED,true,SRC001
