review_id,license_number,chinese_name,english_name,dosage_form_raw,route_raw,review_type,reason,recommended_action,source_id,verified_at
review_00094,衛署藥製字第013446號,免嗽寧液,ANTI COUGH NING SOLUTION,液劑,一日3 次，成人每次10ml，12 歲以上，適用成人劑量；9 歲以上未滿12 歲，適用成人劑量之1/2；6 歲以上未滿9 歲，適用成人劑量之1/3；未滿6 歲之兒童，請洽醫師診治，不宜自行使用。,inclusion,"MR-C01: Candidate form/name exists, but TFDA structured dosage form and approved use do not confirm oral liquid use.",Keep unresolved; do not include in formal data or statistics without stronger official structured evidence.,tfda_open_data_info37_cached_20260711,2026-07-14T00:00:00+08:00
review_00111,衛署藥製字第013700號,"""洸洋""敵避防蚊液","DIETHYLTOLUAMIDE SOLUTION ""K.Y.""",液劑,,inclusion,"MR-C01: Candidate form/name exists, but TFDA structured dosage form and approved use do not confirm oral liquid use.",Keep unresolved; do not include in formal data or statistics without stronger official structured evidence.,tfda_open_data_info37_cached_20260711,2026-07-14T00:00:00+08:00
review_00218,衛署藥製字第055014號,“榮民”平吐寧懸液劑 1 毫克/毫升,Tonine Suspension 1mg/mL,懸液劑,詳見仿單,inclusion,"MR-C01: Candidate form/name exists, but TFDA structured dosage form and approved use do not confirm oral liquid use.",Keep unresolved; do not include in formal data or statistics without stronger official structured evidence.,tfda_open_data_info37_cached_20260711,2026-07-14T00:00:00+08:00
review_00257,內衛成製字第003123號,龜鹿益壽菁,MIN TONG ISHOUCHING,液劑,,inclusion,"MR-C01: Candidate form/name exists, but TFDA structured dosage form and approved use do not confirm oral liquid use.",Keep unresolved; do not include in formal data or statistics without stronger official structured evidence.,tfda_open_data_info37_cached_20260711,2026-07-14T00:00:00+08:00
review_00271,內衛藥製字第000938號,安利黴素懸濁用顆粒,ERYMYCIN GRANULES FOR SUSPENSION,懸液用顆粒劑,,inclusion,"MR-C01: Candidate form/name exists, but TFDA structured dosage form and approved use do not confirm oral liquid use.",Keep unresolved; do not include in formal data or statistics without stronger official structured evidence.,tfda_open_data_info37_cached_20260711,2026-07-14T00:00:00+08:00
review_00380,衛署藥製字第008373號,"""達德士""齒痛水","CHYTONSUI ""D.T.S""",液劑,,inclusion,"MR-C01: Candidate form/name exists, but TFDA structured dosage form and approved use do not confirm oral liquid use.",Keep unresolved; do not include in formal data or statistics without stronger official structured evidence.,tfda_open_data_info37_cached_20260711,2026-07-14T00:00:00+08:00
review_00406,衛署藥製字第019423號,"""杏輝"" 金碘藥水（普威隆碘）","SINDINE SOLUTION ""SINPHAR"" (POVIDONE-IODINE)",溶液劑,一日數次 塗抹於患部，或以紗布、脫脂棉等沾取塗抹。,inclusion,"MR-C01: Candidate form/name exists, but TFDA structured dosage form and approved use do not confirm oral liquid use.",Keep unresolved; do not include in formal data or statistics without stronger official structured evidence.,tfda_open_data_info37_cached_20260711,2026-07-14T00:00:00+08:00
review_00407,衛署藥製字第019424號,"""杏輝"" 金碘酒精液（普維酮碘）","SINDINE ALCOHOLIC SOLUTION ""SINPHAR"" (POVIDONE-IODINE)",溶液劑,一日數次，塗抹(撒佈或噴灑)於患部，或以紗布、脫脂棉等沾取塗抹。,inclusion,"MR-C01: Candidate form/name exists, but TFDA structured dosage form and approved use do not confirm oral liquid use.",Keep unresolved; do not include in formal data or statistics without stronger official structured evidence.,tfda_open_data_info37_cached_20260711,2026-07-14T00:00:00+08:00
review_00422,衛署藥製字第024613號,"""皇佳"" 胃喜因懸浮液","OXEIN SUSPESION ""ROYAL""",懸液劑,,inclusion,"MR-C01: Candidate form/name exists, but TFDA structured dosage form and approved use do not confirm oral liquid use.",Keep unresolved; do not include in formal data or statistics without stronger official structured evidence.,tfda_open_data_info37_cached_20260711,2026-07-14T00:00:00+08:00
review_00477,衛署藥製字第037637號,"""永勝""保胃康懸液２０公絲/公撮（希每得定）","POWEGON SUSPENSION 20MG/ML (CIMETIDINE) ""EVEREST""",懸液劑,,inclusion,"MR-C01: Candidate form/name exists, but TFDA structured dosage form and approved use do not confirm oral liquid use.",Keep unresolved; do not include in formal data or statistics without stronger official structured evidence.,tfda_open_data_info37_cached_20260711,2026-07-14T00:00:00+08:00
review_00489,衛署藥製字第044130號,暢快拉拉滴劑7.5毫克/毫升,LaLa Fun Sodium Picosulfate Drops 7.5 mg/ml,滴劑,,inclusion,"MR-C01: Candidate form/name exists, but TFDA structured dosage form and approved use do not confirm oral liquid use.",Keep unresolved; do not include in formal data or statistics without stronger official structured evidence.,tfda_open_data_info37_cached_20260711,2026-07-14T00:00:00+08:00
review_00563,衛署藥輸字第024723號,3M 快速乾式刷手液,3M Avagard,乳劑,外科刷手用途：使用前請清潔雙手及指甲並使其乾燥。建議於每天第一次使用時，以nail stick清潔指甲縫隙。按壓一次刷手液(約2ml)到左手的手掌心。將右手的指尖浸入左手刷手液中，並確保指縫完全接觸到液體。以右手將左手掌中剩餘刷手液均勻塗抹於左手掌及手臂，並往上延展直到超過手肘。再按壓一次到右手的手掌心，並重複上述步驟，將右手掌手臂塗抹均勻直到超過手肘。按壓第三次到任一手掌心，再將雙手的手腕部位均勻塗抹一遍。待乾燥後再穿戴手套。一般醫護人員之手部殺菌：使用前請清潔雙手及指甲並使其乾燥。按壓一次(約2ml)到一手的手掌心。均勻塗抹於雙手，手腕，特別注意手指間的空隙及指甲縫隙。等待期自然乾燥，不需擦乾。,inclusion,"MR-C01: Candidate form/name exists, but TFDA structured dosage form and approved use do not confirm oral liquid use.",Keep unresolved; do not include in formal data or statistics without stronger official structured evidence.,tfda_open_data_info37_cached_20260711,2026-07-14T00:00:00+08:00
review_00660,衛部藥輸字第028993號,止癲速10毫克口頰黏膜吸收溶液劑,SeizuEase 10 mg oromucosal solution,溶液劑,詳如仿單,inclusion,"MR-C01: Candidate form/name exists, but TFDA structured dosage form and approved use do not confirm oral liquid use.",Keep unresolved; do not include in formal data or statistics without stronger official structured evidence.,tfda_open_data_info37_cached_20260711,2026-07-14T00:00:00+08:00
review_00748,衛署藥製字第022284號,"""人人""每非那懸浮液１６１/４公絲","MEFENA SUSPENSION  161/4MG (MEFENAMIC ACID) ""GCPC""",懸液劑,,inclusion,"MR-C01: Candidate form/name exists, but TFDA structured dosage form and approved use do not confirm oral liquid use.",Keep unresolved; do not include in formal data or statistics without stronger official structured evidence.,tfda_open_data_info37_cached_20260711,2026-07-14T00:00:00+08:00
review_00864,衛署藥輸字第009313號,胃加芬液,GASTROGRAFIN,液劑,,inclusion,"MR-C01: Candidate form/name exists, but TFDA structured dosage form and approved use do not confirm oral liquid use.",Keep unresolved; do not include in formal data or statistics without stronger official structured evidence.,tfda_open_data_info37_cached_20260711,2026-07-14T00:00:00+08:00
review_00908,衛署藥輸字第022368號,富鐵好滴劑,FERRUM HAUSMANN DROPS,滴劑,新增早產兒、哺乳婦、孕婦用法用量。,inclusion,"MR-C01: Candidate form/name exists, but TFDA structured dosage form and approved use do not confirm oral liquid use.",Keep unresolved; do not include in formal data or statistics without stronger official structured evidence.,tfda_open_data_info37_cached_20260711,2026-07-14T00:00:00+08:00
review_00935,內衛藥製字第004065號,保使命,POSUMIN,液劑,,inclusion,"MR-C01: Candidate form/name exists, but TFDA structured dosage form and approved use do not confirm oral liquid use.",Keep unresolved; do not include in formal data or statistics without stronger official structured evidence.,tfda_open_data_info37_cached_20260711,2026-07-14T00:00:00+08:00
review_00941,內衛藥製字第004726號,"""紐約""複方甘草合劑（不含鴉片）",BROWN MIXTRUE WITHOUT OPIUM,液劑,,inclusion,"MR-C01: Candidate form/name exists, but TFDA structured dosage form and approved use do not confirm oral liquid use.",Keep unresolved; do not include in formal data or statistics without stronger official structured evidence.,tfda_open_data_info37_cached_20260711,2026-07-14T00:00:00+08:00
review_00955,內衛藥製字第005081號,"""應元""蓖麻子油","OLEUM RICINI ""Y.Y.""",液劑,成人(15歲以上)一次20ml，12歲以上~15歲以下一次13ml，12歲以下請洽醫師診治。不分年齡，皆以一日一次為限，建議空腹使用，搭配足量開水。若覺口感不佳，可併服果汁或碳酸飲料。,inclusion,"MR-C01: Candidate form/name exists, but TFDA structured dosage form and approved use do not confirm oral liquid use.",Keep unresolved; do not include in formal data or statistics without stronger official structured evidence.,tfda_open_data_info37_cached_20260711,2026-07-14T00:00:00+08:00
review_00969,內衛藥製字第007520號,規那通利達液,QUINA TONLITA LIQUID,液劑,,inclusion,"MR-C01: Candidate form/name exists, but TFDA structured dosage form and approved use do not confirm oral liquid use.",Keep unresolved; do not include in formal data or statistics without stronger official structured evidence.,tfda_open_data_info37_cached_20260711,2026-07-14T00:00:00+08:00
review_01015,衛部藥製字第060593號,允消寧膚蚊蟲止癢液,Winsolve Cozhapy Itch Solution,溶液劑,請詳見仿單,inclusion,"MR-C01: Candidate form/name exists, but TFDA structured dosage form and approved use do not confirm oral liquid use.",Keep unresolved; do not include in formal data or statistics without stronger official structured evidence.,tfda_open_data_info37_cached_20260711,2026-07-14T00:00:00+08:00
review_01026,衛部藥製字第060858號,保順液,"Lactulose smile solution ""FS""",液劑,請詳見仿單,inclusion,"MR-C01: Candidate form/name exists, but TFDA structured dosage form and approved use do not confirm oral liquid use.",Keep unresolved; do not include in formal data or statistics without stronger official structured evidence.,tfda_open_data_info37_cached_20260711,2026-07-14T00:00:00+08:00
review_01036,衛部藥輸字第028756號,美豐 高濃度微粒懸液劑,Megex-I ES suspension,懸液劑,詳見仿單,inclusion,"MR-C01: Candidate form/name exists, but TFDA structured dosage form and approved use do not confirm oral liquid use.",Keep unresolved; do not include in formal data or statistics without stronger official structured evidence.,tfda_open_data_info37_cached_20260711,2026-07-14T00:00:00+08:00
review_01083,衛署成製字第036968號,"""艾力特""聖碘擦洗液7.5%(普維酮-碘)","POVIDONE IODINE SOLUTION 7.5% ""ELT""",液劑,以棉球沾之塗於患部,inclusion,"MR-C01: Candidate form/name exists, but TFDA structured dosage form and approved use do not confirm oral liquid use.",Keep unresolved; do not include in formal data or statistics without stronger official structured evidence.,tfda_open_data_info37_cached_20260711,2026-07-14T00:00:00+08:00
review_01084,衛署成輸字第000002號,德國百靈油,CHINA-OEL,溶液劑,,inclusion,"MR-C01: Candidate form/name exists, but TFDA structured dosage form and approved use do not confirm oral liquid use.",Keep unresolved; do not include in formal data or statistics without stronger official structured evidence.,tfda_open_data_info37_cached_20260711,2026-07-14T00:00:00+08:00
review_01142,衛署藥製字第021794號,"""生達""普治胃懸浮液","POLYGEL SUSPENSION ""STANDARD""",懸浮液,,inclusion,"MR-C01: Candidate form/name exists, but TFDA structured dosage form and approved use do not confirm oral liquid use.",Keep unresolved; do not include in formal data or statistics without stronger official structured evidence.,tfda_open_data_info37_cached_20260711,2026-07-14T00:00:00+08:00
review_01158,衛署藥製字第057735號,"""成杏""安固胃懸浮液20毫克/毫升","Ancowi Suspension 20mg/ml ""Chen Sing""",懸液劑,請詳閱說明書,inclusion,"MR-C01: Candidate form/name exists, but TFDA structured dosage form and approved use do not confirm oral liquid use.",Keep unresolved; do not include in formal data or statistics without stronger official structured evidence.,tfda_open_data_info37_cached_20260711,2026-07-14T00:00:00+08:00
review_01181,內衛藥製字第012651號,"""明通""桂皮酊","TINCTURA CINNAMOMUM ""MIN TONG""",液劑,,inclusion,"MR-C01: Candidate form/name exists, but TFDA structured dosage form and approved use do not confirm oral liquid use.",Keep unresolved; do not include in formal data or statistics without stronger official structured evidence.,tfda_open_data_info37_cached_20260711,2026-07-14T00:00:00+08:00
review_01182,內衛藥製字第012652號,"""明通""芳香酊","TINCTURA AROMATICA ""MIN TONG""",液劑,,inclusion,"MR-C01: Candidate form/name exists, but TFDA structured dosage form and approved use do not confirm oral liquid use.",Keep unresolved; do not include in formal data or statistics without stronger official structured evidence.,tfda_open_data_info37_cached_20260711,2026-07-14T00:00:00+08:00
review_01195,內衛藥製字第013816號,"""明通"" 辣椒酊","TINCTURA CAPSICI ""MIN TONG""",液劑,,inclusion,"MR-C01: Candidate form/name exists, but TFDA structured dosage form and approved use do not confirm oral liquid use.",Keep unresolved; do not include in formal data or statistics without stronger official structured evidence.,tfda_open_data_info37_cached_20260711,2026-07-14T00:00:00+08:00
review_01230,衛部藥輸字第026917號,胃舒靈懸浮液,Trigel suspension,懸液劑,請詳見仿單,inclusion,"MR-C01: Candidate form/name exists, but TFDA structured dosage form and approved use do not confirm oral liquid use.",Keep unresolved; do not include in formal data or statistics without stronger official structured evidence.,tfda_open_data_info37_cached_20260711,2026-07-14T00:00:00+08:00
review_01364,衛署藥製字第038499號,好乖小兒滴劑,"GOOD BABY DROPS ""C.J.""",滴劑,,inclusion,"MR-C01: Candidate form/name exists, but TFDA structured dosage form and approved use do not confirm oral liquid use.",Keep unresolved; do not include in formal data or statistics without stronger official structured evidence.,tfda_open_data_info37_cached_20260711,2026-07-14T00:00:00+08:00
review_01392,衛署藥輸字第024737號,3M 保濕乾洗手液,3M Avagard D,乳劑,如仿單。,inclusion,"MR-C01: Candidate form/name exists, but TFDA structured dosage form and approved use do not confirm oral liquid use.",Keep unresolved; do not include in formal data or statistics without stronger official structured evidence.,tfda_open_data_info37_cached_20260711,2026-07-14T00:00:00+08:00
review_01527,衛部藥輸字第026575號,護那酷涼液,New Una Kowa Cool,溶液劑,詳如說明書,inclusion,"MR-C01: Candidate form/name exists, but TFDA structured dosage form and approved use do not confirm oral liquid use.",Keep unresolved; do not include in formal data or statistics without stronger official structured evidence.,tfda_open_data_info37_cached_20260711,2026-07-14T00:00:00+08:00
review_01555,衛署藥製字第010082號,"""華興""樂膚能液","REFULEN LIQUID ""H.S.""",液劑,,inclusion,"MR-C01: Candidate form/name exists, but TFDA structured dosage form and approved use do not confirm oral liquid use.",Keep unresolved; do not include in formal data or statistics without stronger official structured evidence.,tfda_open_data_info37_cached_20260711,2026-07-14T00:00:00+08:00
review_01560,衛署藥製字第010292號,必去蝨藥用懸液劑,DELICE MEDICAL HAIR SUSPENSION 1.0%,懸液劑,,inclusion,"MR-C01: Candidate form/name exists, but TFDA structured dosage form and approved use do not confirm oral liquid use.",Keep unresolved; do not include in formal data or statistics without stronger official structured evidence.,tfda_open_data_info37_cached_20260711,2026-07-14T00:00:00+08:00
review_01566,衛署藥製字第019722號,"""杏輝""金碘擦洗液75毫克/毫升（普維酮-碘）","SINDINE SURGICAL SCRUB 75 mg/ml ""SINPHAR"" (POVIDONE-IODINE)",溶液劑,1.外科手術前醫護人員之消毒：倒5 c.c.本劑於潤濕之手掌上，不添加水徹底地刷洗約五分鐘，需要時使用刷子刷之。然後加少量水，使產生更多泡沫，最後用清水沖淨。再用5 c.c.本劑同法刷洗一次即可。 2.手術前病患之消毒：手術處剃乾淨後，用水濕潤，倒入適量本劑，徹底刷洗約五分鐘，用沾有水之消毒紗布拭淨。,inclusion,"MR-C01: Candidate form/name exists, but TFDA structured dosage form and approved use do not confirm oral liquid use.",Keep unresolved; do not include in formal data or statistics without stronger official structured evidence.,tfda_open_data_info37_cached_20260711,2026-07-14T00:00:00+08:00
review_01616,衛署藥製字第040170號,"""紐約""複方甘草合劑",MISTURA GLYCYRRHIZAE COMPOSITA (BROWN MIXTURE WITH OPIUM),液劑,,inclusion,"MR-C01: Candidate form/name exists, but TFDA structured dosage form and approved use do not confirm oral liquid use.",Keep unresolved; do not include in formal data or statistics without stronger official structured evidence.,tfda_open_data_info37_cached_20260711,2026-07-14T00:00:00+08:00
review_01618,衛署藥製字第040186號,"""晟德""寧佳息懸液５０公絲/公撮（那利敵新）","NEGCID SUSPENSION 50MG/ML""CENTER"" (NALIDIXIC ACID)",懸液劑,,inclusion,"MR-C01: Candidate form/name exists, but TFDA structured dosage form and approved use do not confirm oral liquid use.",Keep unresolved; do not include in formal data or statistics without stronger official structured evidence.,tfda_open_data_info37_cached_20260711,2026-07-14T00:00:00+08:00
review_01679,衛署藥製字第043436號,"""信東""伊普寧懸液劑20毫克/毫升",IBULIN SUSPENSION 20MG/ML (IBUPROFEN),懸液劑,詳如仿單,inclusion,"MR-C01: Candidate form/name exists, but TFDA structured dosage form and approved use do not confirm oral liquid use.",Keep unresolved; do not include in formal data or statistics without stronger official structured evidence.,tfda_open_data_info37_cached_20260711,2026-07-14T00:00:00+08:00
review_01697,衛署藥製字第044827號,"""應元"" 柔淨液","ZOLCHIN LIQUID ""Y.Y""",液劑,,inclusion,"MR-C01: Candidate form/name exists, but TFDA structured dosage form and approved use do not confirm oral liquid use.",Keep unresolved; do not include in formal data or statistics without stronger official structured evidence.,tfda_open_data_info37_cached_20260711,2026-07-14T00:00:00+08:00
review_01716,衛署藥製字第057942號,"""明仁""甘草止咳液","Glycyrrhizine Antitussive Liquid ""Benzene""",液劑,一日三次，每次2~10毫升。,inclusion,"MR-C01: Candidate form/name exists, but TFDA structured dosage form and approved use do not confirm oral liquid use.",Keep unresolved; do not include in formal data or statistics without stronger official structured evidence.,tfda_open_data_info37_cached_20260711,2026-07-14T00:00:00+08:00
review_01853,衛署藥製字第023816號,“同安”感冒液,"COLD LIQUID ""TONG  AN""",液劑,,inclusion,"MR-C01: Candidate form/name exists, but TFDA structured dosage form and approved use do not confirm oral liquid use.",Keep unresolved; do not include in formal data or statistics without stronger official structured evidence.,tfda_open_data_info37_cached_20260711,2026-07-14T00:00:00+08:00
review_01860,衛署藥製字第023926號,"""晟德"" 寧咳液","LIN COUGH LIQ ""CENTER""",液劑,,inclusion,"MR-C01: Candidate form/name exists, but TFDA structured dosage form and approved use do not confirm oral liquid use.",Keep unresolved; do not include in formal data or statistics without stronger official structured evidence.,tfda_open_data_info37_cached_20260711,2026-07-14T00:00:00+08:00
review_01917,衛署藥製字第039090號,"""永勝"" 胃寶懸乳液","WELLPAUL SUSPENSION ""EVEREST""",懸液劑,,inclusion,"MR-C01: Candidate form/name exists, but TFDA structured dosage form and approved use do not confirm oral liquid use.",Keep unresolved; do not include in formal data or statistics without stronger official structured evidence.,tfda_open_data_info37_cached_20260711,2026-07-14T00:00:00+08:00
review_01953,衛署藥製字第039485號,"""約克""醫普痛懸液20毫克/毫升（伊普）","Iputon Suspension 20mg/ml ""Y.K.""",懸液劑,,inclusion,"MR-C01: Candidate form/name exists, but TFDA structured dosage form and approved use do not confirm oral liquid use.",Keep unresolved; do not include in formal data or statistics without stronger official structured evidence.,tfda_open_data_info37_cached_20260711,2026-07-14T00:00:00+08:00
review_01965,衛署藥製字第043604號,”華盛頓”免疼液,"Meton Solution ""W.P.""",液劑,,inclusion,"MR-C01: Candidate form/name exists, but TFDA structured dosage form and approved use do not confirm oral liquid use.",Keep unresolved; do not include in formal data or statistics without stronger official structured evidence.,tfda_open_data_info37_cached_20260711,2026-07-14T00:00:00+08:00
review_02155,衛署藥製字第035366號,"""成大""換胃好懸浮液20毫克/毫升","FUNWIHU SUSPENSION 20MG/ML (CIMETIDINE) ""CHEN TA""",懸液劑,,inclusion,"MR-C01: Candidate form/name exists, but TFDA structured dosage form and approved use do not confirm oral liquid use.",Keep unresolved; do not include in formal data or statistics without stronger official structured evidence.,tfda_open_data_info37_cached_20260711,2026-07-14T00:00:00+08:00
review_02213,衛署藥製字第046753號,風邪寧液,FONSEILIN SOLUTION,液劑,,inclusion,"MR-C01: Candidate form/name exists, but TFDA structured dosage form and approved use do not confirm oral liquid use.",Keep unresolved; do not include in formal data or statistics without stronger official structured evidence.,tfda_open_data_info37_cached_20260711,2026-07-14T00:00:00+08:00
review_02352,衛署藥製字第005662號,喜滿佳懸浮液,SIMAGAL SUSPENSION,懸液劑,每天3~4次，每次5~10ml。,inclusion,"MR-C01: Candidate form/name exists, but TFDA structured dosage form and approved use do not confirm oral liquid use.",Keep unresolved; do not include in formal data or statistics without stronger official structured evidence.,tfda_open_data_info37_cached_20260711,2026-07-14T00:00:00+08:00
review_02459,衛署藥製字第036847號,”長安”傷口消毒液(普維酮-碘),Disinfectant Solution “C.A.”(Povidone-iodine),液劑,以棉球沾之塗於患部,inclusion,"MR-C01: Candidate form/name exists, but TFDA structured dosage form and approved use do not confirm oral liquid use.",Keep unresolved; do not include in formal data or statistics without stronger official structured evidence.,tfda_open_data_info37_cached_20260711,2026-07-14T00:00:00+08:00
review_02469,衛署藥製字第038736號,享寧滴劑9.6毫克/毫升(銀杏葉類黃酮配糖體),SCHNIN DROPS 9.6 MG/ML (GINKGOFLAVON GLYCOSIDE),滴劑,,inclusion,"MR-C01: Candidate form/name exists, but TFDA structured dosage form and approved use do not confirm oral liquid use.",Keep unresolved; do not include in formal data or statistics without stronger official structured evidence.,tfda_open_data_info37_cached_20260711,2026-07-14T00:00:00+08:00
review_02473,衛署藥製字第038769號,尚知己風熱友液,SHANG CHIH CHI HONZEYU SOLUTION,液劑,,inclusion,"MR-C01: Candidate form/name exists, but TFDA structured dosage form and approved use do not confirm oral liquid use.",Keep unresolved; do not include in formal data or statistics without stronger official structured evidence.,tfda_open_data_info37_cached_20260711,2026-07-14T00:00:00+08:00
review_02505,衛署藥製字第048631號,適胃潰懸液40毫克/毫升 (希美替定),Shyh Wey Kuey Suspension 40mg/ml (Cimetidine),懸液劑,詳見仿單,inclusion,"MR-C01: Candidate form/name exists, but TFDA structured dosage form and approved use do not confirm oral liquid use.",Keep unresolved; do not include in formal data or statistics without stronger official structured evidence.,tfda_open_data_info37_cached_20260711,2026-07-14T00:00:00+08:00
review_02512,衛署藥製字第048643號,伊普 熱痛懸液20毫克/毫升,Ibuprofen-FP Suspension 20mg/ml,懸液劑,詳如仿單,inclusion,"MR-C01: Candidate form/name exists, but TFDA structured dosage form and approved use do not confirm oral liquid use.",Keep unresolved; do not include in formal data or statistics without stronger official structured evidence.,tfda_open_data_info37_cached_20260711,2026-07-14T00:00:00+08:00
review_02669,衛署藥製字第020879號,哈樂寧滴劑,"HALOLIUM DROPS ""ROYAL""",滴劑,,inclusion,"MR-C01: Candidate form/name exists, but TFDA structured dosage form and approved use do not confirm oral liquid use.",Keep unresolved; do not include in formal data or statistics without stronger official structured evidence.,tfda_open_data_info37_cached_20260711,2026-07-14T00:00:00+08:00
review_02755,衛署藥製字第041234號,"""正和"" 依不炎懸浮液２０公絲/公撮（異布洛芬）","IBUFEN SUSPENSION 20MG/ML ""C.H."" (IBUPROFEN)",懸液劑,詳如仿單,inclusion,"MR-C01: Candidate form/name exists, but TFDA structured dosage form and approved use do not confirm oral liquid use.",Keep unresolved; do not include in formal data or statistics without stronger official structured evidence.,tfda_open_data_info37_cached_20260711,2026-07-14T00:00:00+08:00
review_02783,衛署藥製字第048907號,"""黃氏"" 妙舒安液","Epirenin Solution ""H.S.""",液劑,詳見仿單。,inclusion,"MR-C01: Candidate form/name exists, but TFDA structured dosage form and approved use do not confirm oral liquid use.",Keep unresolved; do not include in formal data or statistics without stronger official structured evidence.,tfda_open_data_info37_cached_20260711,2026-07-14T00:00:00+08:00
review_02803,衛署藥製字第049891號,益適順液,Laxus Liquid,液劑,如仿單,inclusion,"MR-C01: Candidate form/name exists, but TFDA structured dosage form and approved use do not confirm oral liquid use.",Keep unresolved; do not include in formal data or statistics without stronger official structured evidence.,tfda_open_data_info37_cached_20260711,2026-07-14T00:00:00+08:00
review_02982,衛署藥製字第033975號,傷風寧液,SAN FONG LEN SOLUTION,液劑,一日4次。成人每次10ml，12歲以上，適用成人劑量。,inclusion,"MR-C01: Candidate form/name exists, but TFDA structured dosage form and approved use do not confirm oral liquid use.",Keep unresolved; do not include in formal data or statistics without stronger official structured evidence.,tfda_open_data_info37_cached_20260711,2026-07-14T00:00:00+08:00
review_02983,衛署藥製字第033980號,漁人感冒液,FISHERMAN CATCHCOLD SOLUTION,液劑,,inclusion,"MR-C01: Candidate form/name exists, but TFDA structured dosage form and approved use do not confirm oral liquid use.",Keep unresolved; do not include in formal data or statistics without stronger official structured evidence.,tfda_open_data_info37_cached_20260711,2026-07-14T00:00:00+08:00
review_03051,衛署藥製字第048483號,"""黃氏"" 服炎液劑","Fuene Solution ""H.S.""",液劑,詳如仿單,inclusion,"MR-C01: Candidate form/name exists, but TFDA structured dosage form and approved use do not confirm oral liquid use.",Keep unresolved; do not include in formal data or statistics without stronger official structured evidence.,tfda_open_data_info37_cached_20260711,2026-07-14T00:00:00+08:00
review_03108,衛署藥輸字第025643號,日方胃乳,MAC CURE,懸液劑,請詳見仿單,inclusion,"MR-C01: Candidate form/name exists, but TFDA structured dosage form and approved use do not confirm oral liquid use.",Keep unresolved; do not include in formal data or statistics without stronger official structured evidence.,tfda_open_data_info37_cached_20260711,2026-07-14T00:00:00+08:00
review_03116,衛署藥輸字第025716號,悠斯晶愛止癢劑,Yuskin I Lotion,乳劑,,inclusion,"MR-C01: Candidate form/name exists, but TFDA structured dosage form and approved use do not confirm oral liquid use.",Keep unresolved; do not include in formal data or statistics without stronger official structured evidence.,tfda_open_data_info37_cached_20260711,2026-07-14T00:00:00+08:00
review_03121,衛部藥輸字第027063號,胺舒靈懸浮液,LICURE SUSPENSION,懸液劑,請詳閱仿單。,inclusion,"MR-C01: Candidate form/name exists, but TFDA structured dosage form and approved use do not confirm oral liquid use.",Keep unresolved; do not include in formal data or statistics without stronger official structured evidence.,tfda_open_data_info37_cached_20260711,2026-07-14T00:00:00+08:00
review_03159,衛署成製字第006636號,"""晟德"" 應安藥液","YINGAN SOLUTION ""CENTER""",液劑,,inclusion,"MR-C01: Candidate form/name exists, but TFDA structured dosage form and approved use do not confirm oral liquid use.",Keep unresolved; do not include in formal data or statistics without stronger official structured evidence.,tfda_open_data_info37_cached_20260711,2026-07-14T00:00:00+08:00
review_03163,衛署藥製字第000137號,"""華盛頓"" 複方甘草合劑液（不含阿片）",BROWN MIXTURE LIQUID (WITHOUT OPIUM),液劑,,inclusion,"MR-C01: Candidate form/name exists, but TFDA structured dosage form and approved use do not confirm oral liquid use.",Keep unresolved; do not include in formal data or statistics without stronger official structured evidence.,tfda_open_data_info37_cached_20260711,2026-07-14T00:00:00+08:00
review_03291,衛署藥製字第033386號,服胃樂懸乳液,"FWU WEY ZUEH SUSPENSION ""CHINTENG""",懸液劑,一日3~4次，每次9ML。12歲以上，適用成人劑量之1/2。3歲以上未滿六歲，適用成人劑量之1/4。3歲以下之嬰幼兒，請洽醫師診治，不宜自行使用。,inclusion,"MR-C01: Candidate form/name exists, but TFDA structured dosage form and approved use do not confirm oral liquid use.",Keep unresolved; do not include in formal data or statistics without stronger official structured evidence.,tfda_open_data_info37_cached_20260711,2026-07-14T00:00:00+08:00
review_03305,衛署藥製字第034650號,"""美西""喜胃兒２０毫克/毫升懸液劑（希每得定）","SHEWELL 20MG/ML SUSENSION ""MEY SEE""(CIMETIDINE)",懸液劑,,inclusion,"MR-C01: Candidate form/name exists, but TFDA structured dosage form and approved use do not confirm oral liquid use.",Keep unresolved; do not include in formal data or statistics without stronger official structured evidence.,tfda_open_data_info37_cached_20260711,2026-07-14T00:00:00+08:00
review_03435,衛部藥製字第058347號,喉立順噴液劑0.2毫克/毫升,Holisoon Spray Solution 0.2mg/mL,溶液劑,詳如仿單,inclusion,"MR-C01: Candidate form/name exists, but TFDA structured dosage form and approved use do not confirm oral liquid use.",Keep unresolved; do not include in formal data or statistics without stronger official structured evidence.,tfda_open_data_info37_cached_20260711,2026-07-14T00:00:00+08:00
review_03537,衛署藥製字第031356號,康痊喜懸浮液２０公絲/公撮（希每得定）,CONTRACID SUSPENSION 20MG/ML (CIMETIDINE),懸液劑,,inclusion,"MR-C01: Candidate form/name exists, but TFDA structured dosage form and approved use do not confirm oral liquid use.",Keep unresolved; do not include in formal data or statistics without stronger official structured evidence.,tfda_open_data_info37_cached_20260711,2026-07-14T00:00:00+08:00
review_03550,衛署藥製字第032102號,克傷風感冒液,ANTICOL LIQUID,液劑,,inclusion,"MR-C01: Candidate form/name exists, but TFDA structured dosage form and approved use do not confirm oral liquid use.",Keep unresolved; do not include in formal data or statistics without stronger official structured evidence.,tfda_open_data_info37_cached_20260711,2026-07-14T00:00:00+08:00
review_03569,衛署藥製字第032269號,"""生達"" 賜華定懸液用粉５００毫克/５毫升（西華定）","CEFADIN SUSPENSION 500MG/5ML  ""STANDARD""(CEPHRADINE)",懸液用粉劑,,inclusion,"MR-C01: Candidate form/name exists, but TFDA structured dosage form and approved use do not confirm oral liquid use.",Keep unresolved; do not include in formal data or statistics without stronger official structured evidence.,tfda_open_data_info37_cached_20260711,2026-07-14T00:00:00+08:00
review_03646,衛署藥製字第043945號,〝生達〞保胃懸乳液,"SCRAT SUSPENSION ""STANDARD""",懸浮液,,inclusion,"MR-C01: Candidate form/name exists, but TFDA structured dosage form and approved use do not confirm oral liquid use.",Keep unresolved; do not include in formal data or statistics without stronger official structured evidence.,tfda_open_data_info37_cached_20260711,2026-07-14T00:00:00+08:00
review_03972,衛署藥製字第046444號,拿百疼 懸浮液,NAPTON SUSPENSION,懸液劑,,inclusion,"MR-C01: Candidate form/name exists, but TFDA structured dosage form and approved use do not confirm oral liquid use.",Keep unresolved; do not include in formal data or statistics without stronger official structured evidence.,tfda_open_data_info37_cached_20260711,2026-07-14T00:00:00+08:00
review_03974,衛署藥製字第047870號,"""羅得"" 伊普懸液","Ibu Suspension ""ROOT""",懸液劑,詳如仿單,inclusion,"MR-C01: Candidate form/name exists, but TFDA structured dosage form and approved use do not confirm oral liquid use.",Keep unresolved; do not include in formal data or statistics without stronger official structured evidence.,tfda_open_data_info37_cached_20260711,2026-07-14T00:00:00+08:00
review_04034,衛署藥輸字第023460號,疏痙 直腸用液劑10毫克,STESOLID RECTAL TUBE 10MG,液劑,,inclusion,"MR-C01: Candidate form/name exists, but TFDA structured dosage form and approved use do not confirm oral liquid use.",Keep unresolved; do not include in formal data or statistics without stronger official structured evidence.,tfda_open_data_info37_cached_20260711,2026-07-14T00:00:00+08:00
review_04096,衛署藥製字第021192號,菌特制懸浮液,BACIDE SUSPENSION,懸液劑,,inclusion,"MR-C01: Candidate form/name exists, but TFDA structured dosage form and approved use do not confirm oral liquid use.",Keep unresolved; do not include in formal data or statistics without stronger official structured evidence.,tfda_open_data_info37_cached_20260711,2026-07-14T00:00:00+08:00
review_04183,衛署藥製字第042854號,〝人人〞舒熱懸液２０公絲/公撮（異布洛芬）,"SAURIN SUSPENSION 20MG/ML (IBUPROFEN)""GCPC""",懸液劑,,inclusion,"MR-C01: Candidate form/name exists, but TFDA structured dosage form and approved use do not confirm oral liquid use.",Keep unresolved; do not include in formal data or statistics without stronger official structured evidence.,tfda_open_data_info37_cached_20260711,2026-07-14T00:00:00+08:00
review_04214,衛部藥製字第059694號,胃美佳懸液20毫克/毫升,"Weitonhou Suspension 20mg/ml ""Sentai""",懸液劑,請詳閱說明書,inclusion,"MR-C01: Candidate form/name exists, but TFDA structured dosage form and approved use do not confirm oral liquid use.",Keep unresolved; do not include in formal data or statistics without stronger official structured evidence.,tfda_open_data_info37_cached_20260711,2026-07-14T00:00:00+08:00
review_04232,衛部藥輸字第026402號,舒達胃乳,Alugel,懸液劑,詳如仿單,inclusion,"MR-C01: Candidate form/name exists, but TFDA structured dosage form and approved use do not confirm oral liquid use.",Keep unresolved; do not include in formal data or statistics without stronger official structured evidence.,tfda_open_data_info37_cached_20260711,2026-07-14T00:00:00+08:00
review_04263,衛署藥製字第003345號,安嗽悠液,AN SOU YOU SOLUTION,液劑,,inclusion,"MR-C01: Candidate form/name exists, but TFDA structured dosage form and approved use do not confirm oral liquid use.",Keep unresolved; do not include in formal data or statistics without stronger official structured evidence.,tfda_open_data_info37_cached_20260711,2026-07-14T00:00:00+08:00
review_04276,衛署藥製字第003598號,解嗽根液,CHIEH CON KEN SOLUTION,液劑,,inclusion,"MR-C01: Candidate form/name exists, but TFDA structured dosage form and approved use do not confirm oral liquid use.",Keep unresolved; do not include in formal data or statistics without stronger official structured evidence.,tfda_open_data_info37_cached_20260711,2026-07-14T00:00:00+08:00
review_04401,衛署藥製字第032548號,"""艾力特""麗膚沐浴乳10公絲/公撮（克羅希西汀）",LEEFUEMULSION 10MG/ML“ELT” (CHLORHEXIDINE),乳劑,,inclusion,"MR-C01: Candidate form/name exists, but TFDA structured dosage form and approved use do not confirm oral liquid use.",Keep unresolved; do not include in formal data or statistics without stronger official structured evidence.,tfda_open_data_info37_cached_20260711,2026-07-14T00:00:00+08:00
review_04435,衛署藥製字第036041號,潰康友懸液用顆粒１公克/１．０２公克（斯克拉非）,SUCA GRANULE FOR SUSPENSION 1GM/1.02GM(SUCRALFATE),懸液用顆粒劑,,inclusion,"MR-C01: Candidate form/name exists, but TFDA structured dosage form and approved use do not confirm oral liquid use.",Keep unresolved; do not include in formal data or statistics without stronger official structured evidence.,tfda_open_data_info37_cached_20260711,2026-07-14T00:00:00+08:00
review_04450,衛署藥製字第036183號,敵蝨乳劑250毫克/毫升（苯甲酸苄酯）,DICE EMULSION 250MG/ML (BENZYL BENZOATE),乳劑,,inclusion,"MR-C01: Candidate form/name exists, but TFDA structured dosage form and approved use do not confirm oral liquid use.",Keep unresolved; do not include in formal data or statistics without stronger official structured evidence.,tfda_open_data_info37_cached_20260711,2026-07-14T00:00:00+08:00
review_04481,衛署藥製字第036496號,紅嬰液,HONEN SOLUTION,液劑,,inclusion,"MR-C01: Candidate form/name exists, but TFDA structured dosage form and approved use do not confirm oral liquid use.",Keep unresolved; do not include in formal data or statistics without stronger official structured evidence.,tfda_open_data_info37_cached_20260711,2026-07-14T00:00:00+08:00
review_04482,衛署藥製字第036501號,天仙感冒液,TIEN HSIEN ANTICOLD SOLUTION,液劑,一日3次。成人每次10ml，12歲以上適用成人劑量；6歲以上未滿12歲，每次5ml；3歲以上未滿6歲，每次2.5ml；3歲以下之嬰幼兒，請洽醫師診治，不宜自行使用。,inclusion,"MR-C01: Candidate form/name exists, but TFDA structured dosage form and approved use do not confirm oral liquid use.",Keep unresolved; do not include in formal data or statistics without stronger official structured evidence.,tfda_open_data_info37_cached_20260711,2026-07-14T00:00:00+08:00
review_04485,衛署藥製字第036574號,"""信東"" 賜福糖漿用顆粒５０公絲/公撮（西華克樂）","CERO GRANULES FOR SYRUP 50MG/ML ""S.T."" (CEFACLOR)",懸液用顆粒劑,,inclusion,"MR-C01: Candidate form/name exists, but TFDA structured dosage form and approved use do not confirm oral liquid use.",Keep unresolved; do not include in formal data or statistics without stronger official structured evidence.,tfda_open_data_info37_cached_20260711,2026-07-14T00:00:00+08:00
review_04486,衛署藥製字第036575號,"""信東"" 賜福糖漿用顆粒２５公絲/公撮（西華克樂）","CERO GRANULES FOR SYRUP 25MG/ML ""S.T."" (CEFACLOR)",懸液用顆粒劑,,inclusion,"MR-C01: Candidate form/name exists, but TFDA structured dosage form and approved use do not confirm oral liquid use.",Keep unresolved; do not include in formal data or statistics without stronger official structured evidence.,tfda_open_data_info37_cached_20260711,2026-07-14T00:00:00+08:00
review_04493,衛署藥製字第037668號,"""應元""血利通滴劑９．６毫克（銀杏葉類黃酮配醣體）","CIRLITON DROPS 9.6MG(GINKGOFLAVONGLYCOSIDES)""Y.Y.""",滴劑,,inclusion,"MR-C01: Candidate form/name exists, but TFDA structured dosage form and approved use do not confirm oral liquid use.",Keep unresolved; do not include in formal data or statistics without stronger official structured evidence.,tfda_open_data_info37_cached_20260711,2026-07-14T00:00:00+08:00
review_04567,衛署藥製字第044321號,〝晟德〞沙法克寧懸液劑,"SULFACOTRIM SUSPENSION ""CENTER""",懸液劑,,inclusion,"MR-C01: Candidate form/name exists, but TFDA structured dosage form and approved use do not confirm oral liquid use.",Keep unresolved; do not include in formal data or statistics without stronger official structured evidence.,tfda_open_data_info37_cached_20260711,2026-07-14T00:00:00+08:00
review_04639,衛署藥製字第049331號,“晟德”樂可痢液,Lacoly Solution“Center”,液劑,詳見仿單。,inclusion,"MR-C01: Candidate form/name exists, but TFDA structured dosage form and approved use do not confirm oral liquid use.",Keep unresolved; do not include in formal data or statistics without stronger official structured evidence.,tfda_open_data_info37_cached_20260711,2026-07-14T00:00:00+08:00
review_04701,衛署藥輸字第021084號,必順寧滴劑,BILOKAN DROPS,滴劑,,inclusion,"MR-C01: Candidate form/name exists, but TFDA structured dosage form and approved use do not confirm oral liquid use.",Keep unresolved; do not include in formal data or statistics without stronger official structured evidence.,tfda_open_data_info37_cached_20260711,2026-07-14T00:00:00+08:00
review_04817,衛署藥製字第033974號,達益寧—米液,DAELIN-B LIQUID,液劑,"通常成人每次30~40c.c.,一日三次",inclusion,"MR-C01: Candidate form/name exists, but TFDA structured dosage form and approved use do not confirm oral liquid use.",Keep unresolved; do not include in formal data or statistics without stronger official structured evidence.,tfda_open_data_info37_cached_20260711,2026-07-14T00:00:00+08:00
review_04911,衛署藥輸字第017161號,熱威樂素懸液劑,ZOVIRAX SUSPENSION,懸液劑,,inclusion,"MR-C01: Candidate form/name exists, but TFDA structured dosage form and approved use do not confirm oral liquid use.",Keep unresolved; do not include in formal data or statistics without stronger official structured evidence.,tfda_open_data_info37_cached_20260711,2026-07-14T00:00:00+08:00
review_04933,衛署藥輸字第022014號,立妥威溶液劑,RETROVIR SYRUP,溶液劑,,inclusion,"MR-C01: Candidate form/name exists, but TFDA structured dosage form and approved use do not confirm oral liquid use.",Keep unresolved; do not include in formal data or statistics without stronger official structured evidence.,tfda_open_data_info37_cached_20260711,2026-07-14T00:00:00+08:00
review_04994,衛署藥製字第039003號,“松裕”泰胃寧懸液２０毫克/毫升,"TAGANINE SUSPENSION 20MG/ML (CIMETIDINE) ""S.Y.""",懸液劑,,inclusion,"MR-C01: Candidate form/name exists, but TFDA structured dosage form and approved use do not confirm oral liquid use.",Keep unresolved; do not include in formal data or statistics without stronger official structured evidence.,tfda_open_data_info37_cached_20260711,2026-07-14T00:00:00+08:00
review_04995,衛署藥製字第039038號,"""華盛頓"" 淘蝨乳劑２５％（苯甲酸苄酯）","B. B. 25% EMULSION (BENZYL BENZOATE)""W.P.""",乳劑,,inclusion,"MR-C01: Candidate form/name exists, but TFDA structured dosage form and approved use do not confirm oral liquid use.",Keep unresolved; do not include in formal data or statistics without stronger official structured evidence.,tfda_open_data_info37_cached_20260711,2026-07-14T00:00:00+08:00
review_05297,衛署藥製字第038233號,達康胃懸液２０公絲/公撮（希每得定）,"DA CON WEI SUSPENSION 20MG/ML (CIMETIDINE) ""C.M.""",懸液劑,,inclusion,"MR-C01: Candidate form/name exists, but TFDA structured dosage form and approved use do not confirm oral liquid use.",Keep unresolved; do not include in formal data or statistics without stronger official structured evidence.,tfda_open_data_info37_cached_20260711,2026-07-14T00:00:00+08:00
review_05300,衛署藥製字第038472號,"""生達"" 雅露佳懸浮液","ALUZAINE SUSPENSION ""STANDARD""",懸液劑,,inclusion,"MR-C01: Candidate form/name exists, but TFDA structured dosage form and approved use do not confirm oral liquid use.",Keep unresolved; do not include in formal data or statistics without stronger official structured evidence.,tfda_open_data_info37_cached_20260711,2026-07-14T00:00:00+08:00
review_05423,衛署藥製字第028606號,"""健康""複方甘草止咳劑","COMPOUND GLYCYRRHIZA ANTI-COUGH MIXTURE ""HEALTH""",液劑,,inclusion,"MR-C01: Candidate form/name exists, but TFDA structured dosage form and approved use do not confirm oral liquid use.",Keep unresolved; do not include in formal data or statistics without stronger official structured evidence.,tfda_open_data_info37_cached_20260711,2026-07-14T00:00:00+08:00
review_05446,衛署藥製字第044930號,"""晟德"" 樂黴素懸濁液用顆粒",Leucomycin Granules for Suspension “Center”,懸液用顆粒劑,,inclusion,"MR-C01: Candidate form/name exists, but TFDA structured dosage form and approved use do not confirm oral liquid use.",Keep unresolved; do not include in formal data or statistics without stronger official structured evidence.,tfda_open_data_info37_cached_20260711,2026-07-14T00:00:00+08:00
review_05560,衛署藥製字第050124號,顧胃懸液劑 20 毫克/毫升,Guwei Suspension 20mg/ml,懸液劑,詳見仿單。,inclusion,"MR-C01: Candidate form/name exists, but TFDA structured dosage form and approved use do not confirm oral liquid use.",Keep unresolved; do not include in formal data or statistics without stronger official structured evidence.,tfda_open_data_info37_cached_20260711,2026-07-14T00:00:00+08:00
review_05714,衛署藥製字第033575號,袪潰懸液２０公絲/公撮（希每得定）,DEFENSE SUSPENSION 20MG/ML (CIMETIDINE),懸液劑,,inclusion,"MR-C01: Candidate form/name exists, but TFDA structured dosage form and approved use do not confirm oral liquid use.",Keep unresolved; do not include in formal data or statistics without stronger official structured evidence.,tfda_open_data_info37_cached_20260711,2026-07-14T00:00:00+08:00
