license_no,chinese_name,english_name,dosage_form_raw,candidate_keyword,exclusion_reason,source_url,review_status,notes
衛署藥製字第005720號,"""新喜""卡比達糖衣錠","CARBETA S.C. TABLETS ""N.C.P.""",糖衣錠,TAPE,候選關鍵字命中但劑型非貼布或貼片製劑,https://data.fda.gov.tw/opendata/exportDataList.do?method=ExportData&InfoId=36&logType=5,EXCLUDED_BY_DOSAGE,
衛署藥製字第005742號,安其嗽糖衣錠,"ANTITASS S.C. TABLETS ""N.W.""",糖衣錠,TAPE,候選關鍵字命中但劑型非貼布或貼片製劑,https://data.fda.gov.tw/opendata/exportDataList.do?method=ExportData&InfoId=36&logType=5,EXCLUDED_BY_DOSAGE,
衛署藥製字第023524號,"""華興""咳舒坦錠（咳貝坦）","COSTENE TABLETS ""H.S.""(CARBETAPENTANE)",錠劑,TAPE,僅英文品名含貼片關鍵字片段，實際非貼附皮膚製劑,https://data.fda.gov.tw/opendata/exportDataList.do?method=ExportData&InfoId=36&logType=5,EXCLUDED_FALSE_POSITIVE,
衛署藥製字第028284號,"""大豐""克咳必達膜衣錠３０毫克","COCOBITA F.C. TABLETS 30MG ""T.F.""(CARBETAPENTANE)",膜衣錠,TAPE,僅英文品名含貼片關鍵字片段，實際非貼附皮膚製劑,https://data.fda.gov.tw/opendata/exportDataList.do?method=ExportData&InfoId=36&logType=5,EXCLUDED_FALSE_POSITIVE,
衛署藥輸字第003274號,檸檬酸（二乙氨乙氧）乙基苯/環戊烷羧醯,"CARBETAPENTANE CITRATE ""DAIWA""",（粉）,TAPE,僅英文品名含貼片關鍵字片段，實際非貼附皮膚製劑,https://data.fda.gov.tw/opendata/exportDataList.do?method=ExportData&InfoId=36&logType=5,EXCLUDED_FALSE_POSITIVE,
衛署藥輸字第007609號,嗽免談錠１５公絲,"CARBETAPENTANE CITRATE TABLETS 15 ""HANKYU""",錠劑,TAPE,僅英文品名含貼片關鍵字片段，實際非貼附皮膚製劑,https://data.fda.gov.tw/opendata/exportDataList.do?method=ExportData&InfoId=36&logType=5,EXCLUDED_FALSE_POSITIVE,
衛署藥輸字第010150號,波益黴素軟膏,PREMYCIN OINTMENT,軟膏劑,經皮,候選關鍵字命中但劑型非貼布或貼片製劑,https://data.fda.gov.tw/opendata/exportDataList.do?method=ExportData&InfoId=36&logType=5,EXCLUDED_BY_DOSAGE,
衛署藥輸字第015963號,咳貝坦,"CARBETAPENTANE CITRATE ""RAVENSBERG""",（粉）,TAPE,僅英文品名含貼片關鍵字片段，實際非貼附皮膚製劑,https://data.fda.gov.tw/opendata/exportDataList.do?method=ExportData&InfoId=36&logType=5,EXCLUDED_FALSE_POSITIVE,
衛署藥輸字第019350號,卡苯它片丹,CARBETAPENTANE CITRATE,（粉）,TAPE,僅英文品名含貼片關鍵字片段，實際非貼附皮膚製劑,https://data.fda.gov.tw/opendata/exportDataList.do?method=ExportData&InfoId=36&logType=5,EXCLUDED_FALSE_POSITIVE,
內衛藥輸字第001913號,檸檬酸戊氧基凡林,PENTOXYVERINE CITRATE,（粉）,TAPE,候選關鍵字命中但劑型非貼布或貼片製劑,https://data.fda.gov.tw/opendata/exportDataList.do?method=ExportData&InfoId=36&logType=5,EXCLUDED_BY_DOSAGE,
衛署藥製字第008191號,“合誠”斯咳片朗錠,CARPENTANE TABLETS“H.C.”,錠劑,TAPE,候選關鍵字命中但劑型非貼布或貼片製劑,https://data.fda.gov.tw/opendata/exportDataList.do?method=ExportData&InfoId=36&logType=5,EXCLUDED_BY_DOSAGE,
衛署藥製字第049967號,栓暢膜衣錠 75 毫克,Clofix F.C. Tablets 75mg,膜衣錠,經皮,候選關鍵字命中但劑型非貼布或貼片製劑,https://data.fda.gov.tw/opendata/exportDataList.do?method=ExportData&InfoId=36&logType=5,EXCLUDED_BY_DOSAGE,
衛署藥輸字第006107號,信樂耐石膏繃帶,CELLONA PLASTER OF PARIS BANDAGES,衛生材料,PLASTER,醫療器材或衛生材料,https://data.fda.gov.tw/opendata/exportDataList.do?method=ExportData&InfoId=36&logType=5,EXCLUDED_BY_DOSAGE,
衛署藥輸字第010749號,咳安立止持續性膠囊１５公絲,CALDAN RICH 15MG,持續性藥效膠囊劑,TAPE,候選關鍵字命中但劑型非貼布或貼片製劑,https://data.fda.gov.tw/opendata/exportDataList.do?method=ExportData&InfoId=36&logType=5,EXCLUDED_BY_DOSAGE,
衛署藥輸字第016497號,咳貝坦,"CARBETAPENTANE CITRATE ""DAIWA""",（粉）,TAPE,僅英文品名含貼片關鍵字片段，實際非貼附皮膚製劑,https://data.fda.gov.tw/opendata/exportDataList.do?method=ExportData&InfoId=36&logType=5,EXCLUDED_FALSE_POSITIVE,
衛署藥輸字第023749號,益滿治 注射劑１公克,INVANZ 1G INJECTION,凍晶注射劑,TAPE,候選關鍵字命中但劑型非貼布或貼片製劑,https://data.fda.gov.tw/opendata/exportDataList.do?method=ExportData&InfoId=36&logType=5,EXCLUDED_BY_DOSAGE,
衛署藥輸字第025873號,樂栓通膜衣錠,Clopistad,膜衣錠,經皮,候選關鍵字命中但劑型非貼布或貼片製劑,https://data.fda.gov.tw/opendata/exportDataList.do?method=ExportData&InfoId=36&logType=5,EXCLUDED_BY_DOSAGE,
衛部藥製字第058304號,"""信東"" 99.5%酒精注射劑",99.5% Alcohol Injection,注射劑,經皮,候選關鍵字命中但劑型非貼布或貼片製劑,https://data.fda.gov.tw/opendata/exportDataList.do?method=ExportData&InfoId=36&logType=5,EXCLUDED_BY_DOSAGE,
衛部藥製字第058383號,"""展旺""厄他培南","Ertapenem Sodium ""SLC""",（粉）,TAPE,僅英文品名含貼片關鍵字片段，實際非貼附皮膚製劑,https://data.fda.gov.tw/opendata/exportDataList.do?method=ExportData&InfoId=36&logType=5,EXCLUDED_FALSE_POSITIVE,
衛署藥製字第026167號,欣普列錠４毫克（甲基培尼皮質醇）,Shinpre Tablets 4mg (Methylprednisolone),錠劑,經皮,候選關鍵字命中但劑型非貼布或貼片製劑,https://data.fda.gov.tw/opendata/exportDataList.do?method=ExportData&InfoId=36&logType=5,EXCLUDED_BY_DOSAGE,
衛署藥製字第035935號,"""得生""剋痛藥布（可多普洛菲）","KETO PAP  ""TEH SENG"" (KETOPROFEN)",水性藥膠布,藥膠布;膠布,候選關鍵字命中但劑型非貼布或貼片製劑,https://data.fda.gov.tw/opendata/exportDataList.do?method=ExportData&InfoId=36&logType=5,EXCLUDED_BY_DOSAGE,
衛署藥輸字第002000號,檸檬酸２－（二乙氨乙氧）－乙基－１－苯－１－環戊烷羧醯,"CARBETAPENTANE CITRATE ""TOHO""",原料藥結晶性粉末,TAPE,僅英文品名含貼片關鍵字片段，實際非貼附皮膚製劑,https://data.fda.gov.tw/opendata/exportDataList.do?method=ExportData&InfoId=36&logType=5,EXCLUDED_FALSE_POSITIVE,
衛署藥輸字第013379號,得克嗽糖衣錠,TOCLASE SUGAR-COATED TABLETS,糖衣錠,TAPE,候選關鍵字命中但劑型非貼布或貼片製劑,https://data.fda.gov.tw/opendata/exportDataList.do?method=ExportData&InfoId=36&logType=5,EXCLUDED_BY_DOSAGE,
衛署藥輸字第015245號,恩咳明糖衣錠,ATOMIN S TABLETS,錠劑,TAPE,候選關鍵字命中但劑型非貼布或貼片製劑,https://data.fda.gov.tw/opendata/exportDataList.do?method=ExportData&InfoId=36&logType=5,EXCLUDED_BY_DOSAGE,
衛署藥輸字第018881號,萊特黴素膠囊５００公絲,RATTAPEN CAPSULES,膠囊劑,TAPE,僅英文品名含貼片關鍵字片段，實際非貼附皮膚製劑,https://data.fda.gov.tw/opendata/exportDataList.do?method=ExportData&InfoId=36&logType=5,EXCLUDED_FALSE_POSITIVE,
衛署藥輸字第021198號,益脂可膠囊20毫克,LESCOL CAPSULES 20MG,膠囊劑,穿皮,候選關鍵字命中但劑型非貼布或貼片製劑,https://data.fda.gov.tw/opendata/exportDataList.do?method=ExportData&InfoId=36&logType=5,EXCLUDED_BY_DOSAGE,
衛署藥輸字第021199號,益脂可膠囊40毫克,LESCOL CAPSULES 40MG,膠囊劑,穿皮,候選關鍵字命中但劑型非貼布或貼片製劑,https://data.fda.gov.tw/opendata/exportDataList.do?method=ExportData&InfoId=36&logType=5,EXCLUDED_BY_DOSAGE,
內衛藥製字第016753號,"""新喜""諾克片",NOCOU TABLETS,錠劑,TAPE,候選關鍵字命中但劑型非貼布或貼片製劑,https://data.fda.gov.tw/opendata/exportDataList.do?method=ExportData&InfoId=36&logType=5,EXCLUDED_BY_DOSAGE,
內衛藥輸字第003548號,安咳聖,ANTASSINE S/C TABLETS,糖衣錠,TAPE,候選關鍵字命中但劑型非貼布或貼片製劑,https://data.fda.gov.tw/opendata/exportDataList.do?method=ExportData&InfoId=36&logType=5,EXCLUDED_BY_DOSAGE,
衛部藥輸字第026190號,可通栓膜衣錠75毫克,Clopidogrel-Teva 75mg Film-coated Tablets,膜衣錠,經皮,候選關鍵字命中但劑型非貼布或貼片製劑,https://data.fda.gov.tw/opendata/exportDataList.do?method=ExportData&InfoId=36&logType=5,EXCLUDED_BY_DOSAGE,
衛部藥輸字第027145號,百無凝膜衣錠60毫克,BRILINTA Film-coated Tablets 60 mg,膜衣錠,經皮,候選關鍵字命中但劑型非貼布或貼片製劑,https://data.fda.gov.tw/opendata/exportDataList.do?method=ExportData&InfoId=36&logType=5,EXCLUDED_BY_DOSAGE,
衛署藥製字第012484號,"""培力""力鬆錠","LISON TABLETS ""P.L.""",錠劑,TAPE,候選關鍵字命中但劑型非貼布或貼片製劑,https://data.fda.gov.tw/opendata/exportDataList.do?method=ExportData&InfoId=36&logType=5,EXCLUDED_BY_DOSAGE,
衛署藥製字第041635號,國嘉可倍芬錠３０公絲（咳貝坦）,"KOBEFEN TABLETS 30MG ""KOJAR"" (CARBETAPENTANE CITRATE)",錠劑,TAPE,僅英文品名含貼片關鍵字片段，實際非貼附皮膚製劑,https://data.fda.gov.tw/opendata/exportDataList.do?method=ExportData&InfoId=36&logType=5,EXCLUDED_FALSE_POSITIVE,
衛署藥輸字第007089號,鎮咳糖衣錠,CARBETAPENTANE CITRATE TABLETS,糖衣錠,TAPE,僅英文品名含貼片關鍵字片段，實際非貼附皮膚製劑,https://data.fda.gov.tw/opendata/exportDataList.do?method=ExportData&InfoId=36&logType=5,EXCLUDED_FALSE_POSITIVE,
衛署藥輸字第011764號,膚必蒙乳膏,VIMON CREAM,乳膏劑,經皮,候選關鍵字命中但劑型非貼布或貼片製劑,https://data.fda.gov.tw/opendata/exportDataList.do?method=ExportData&InfoId=36&logType=5,EXCLUDED_BY_DOSAGE,
衛署藥輸字第025034號,安保通安膜衣錠 75 毫克,APO-CLOPIDOGREL 75mg FILM-COATED TABLET,膜衣錠,經皮,候選關鍵字命中但劑型非貼布或貼片製劑,https://data.fda.gov.tw/opendata/exportDataList.do?method=ExportData&InfoId=36&logType=5,EXCLUDED_BY_DOSAGE,
衛部藥製字第060118號,"""松瑞""厄他培南注射用凍晶乾粉原料藥 (Sterile Bulk)","Ertapenem for Injection ""SLC"" (Sterile Bulk)",注射用凍晶粉末,TAPE,僅英文品名含貼片關鍵字片段，實際非貼附皮膚製劑,https://data.fda.gov.tw/opendata/exportDataList.do?method=ExportData&InfoId=36&logType=5,EXCLUDED_FALSE_POSITIVE,
衛署藥製字第005160號,化咳錠,"CARBECAL TABLETS ""CURIE""",錠劑,TAPE,候選關鍵字命中但劑型非貼布或貼片製劑,https://data.fda.gov.tw/opendata/exportDataList.do?method=ExportData&InfoId=36&logType=5,EXCLUDED_BY_DOSAGE,
衛署藥製字第023053號,立樂能糖衣錠３０公絲（咳貝坦）,"RINORU S.C. TABLETS 30MG ""TUNG DAH""",糖衣錠,TAPE,候選關鍵字命中但劑型非貼布或貼片製劑,https://data.fda.gov.tw/opendata/exportDataList.do?method=ExportData&InfoId=36&logType=5,EXCLUDED_BY_DOSAGE,
衛署藥製字第032598號,咳依思糖衣錠３０公絲（咳貝坦）,"COUGH-USE S.C. TABLET 30MG (CARBETA@ENTANE) ""T.C.Y.""",糖衣錠,TAPE,候選關鍵字命中但劑型非貼布或貼片製劑,https://data.fda.gov.tw/opendata/exportDataList.do?method=ExportData&InfoId=36&logType=5,EXCLUDED_BY_DOSAGE,
衛署藥製字第037033號,"""優生""咳鬆糖衣錠25毫克(咳貝坦)","CASON S.C. TABLETS 25MG ""YU SHENG""(CARBETAPENTANE)",糖衣錠,TAPE,僅英文品名含貼片關鍵字片段，實際非貼附皮膚製劑,https://data.fda.gov.tw/opendata/exportDataList.do?method=ExportData&InfoId=36&logType=5,EXCLUDED_FALSE_POSITIVE,
衛署藥製字第042121號,咳畢坦糖衣錠１１公絲（咳貝坦）,CARBETANE S.C. TABLETS 11MG(CARBETAPENTANE CITRATE),糖衣錠,TAPE,僅英文品名含貼片關鍵字片段，實際非貼附皮膚製劑,https://data.fda.gov.tw/opendata/exportDataList.do?method=ExportData&InfoId=36&logType=5,EXCLUDED_FALSE_POSITIVE,
衛署藥製字第042371號,咳順內服液,COSUL SOLUTION,內服液劑,TAPE,候選關鍵字命中但劑型非貼布或貼片製劑,https://data.fda.gov.tw/opendata/exportDataList.do?method=ExportData&InfoId=36&logType=5,EXCLUDED_BY_DOSAGE,
衛署藥輸字第007337號,咳別膜衣錠１１公絲,CARBETAPENTANE CITRATE TABLETS,膜衣錠,TAPE,僅英文品名含貼片關鍵字片段，實際非貼附皮膚製劑,https://data.fda.gov.tw/opendata/exportDataList.do?method=ExportData&InfoId=36&logType=5,EXCLUDED_FALSE_POSITIVE,
衛署藥輸字第007339號,咳別膜衣錠３０公絲,CARBETAPENTANE CITRATE TABLETS 30,膜衣錠,TAPE,僅英文品名含貼片關鍵字片段，實際非貼附皮膚製劑,https://data.fda.gov.tw/opendata/exportDataList.do?method=ExportData&InfoId=36&logType=5,EXCLUDED_FALSE_POSITIVE,
衛署藥輸字第025114號,舒栓寧 “山德士” 膜衣錠75毫克,Clopidogrel Sandoz 75 mg Film-coated Tablets,膜衣錠,經皮,候選關鍵字命中但劑型非貼布或貼片製劑,https://data.fda.gov.tw/opendata/exportDataList.do?method=ExportData&InfoId=36&logType=5,EXCLUDED_BY_DOSAGE,
內衛藥輸字第005110號,克利斯妥盼２０萬單位注射劑,"CRYSTAPEN 200,000 UNITS INJECTION",凍晶注射劑,TAPE,僅英文品名含貼片關鍵字片段，實際非貼附皮膚製劑,https://data.fda.gov.tw/opendata/exportDataList.do?method=ExportData&InfoId=36&logType=5,EXCLUDED_FALSE_POSITIVE,
內衛藥輸字第005111號,克利斯妥盼１００萬單位注射劑,"CRYSTAPEN 1,000,000 UNITS INJECTION",凍晶注射劑,TAPE,僅英文品名含貼片關鍵字片段，實際非貼附皮膚製劑,https://data.fda.gov.tw/opendata/exportDataList.do?method=ExportData&InfoId=36&logType=5,EXCLUDED_FALSE_POSITIVE,
內衛藥輸字第005399號,晶青素,CRYSTAPEN,凍晶注射劑,TAPE,僅英文品名含貼片關鍵字片段，實際非貼附皮膚製劑,https://data.fda.gov.tw/opendata/exportDataList.do?method=ExportData&InfoId=36&logType=5,EXCLUDED_FALSE_POSITIVE,
內衛藥輸字第005400號,可利斯得盼,CRYSTAPEN,錠劑,TAPE,僅英文品名含貼片關鍵字片段，實際非貼附皮膚製劑,https://data.fda.gov.tw/opendata/exportDataList.do?method=ExportData&InfoId=36&logType=5,EXCLUDED_FALSE_POSITIVE,
內衛藥輸字第005404號,可利斯得盼,CRYSTAPEN,錠劑,TAPE,僅英文品名含貼片關鍵字片段，實際非貼附皮膚製劑,https://data.fda.gov.tw/opendata/exportDataList.do?method=ExportData&InfoId=36&logType=5,EXCLUDED_FALSE_POSITIVE,
衛署藥製字第006318號,先德拉禮錠,CENTRARIN TABLETS,錠劑,TAPE,候選關鍵字命中但劑型非貼布或貼片製劑,https://data.fda.gov.tw/opendata/exportDataList.do?method=ExportData&InfoId=36&logType=5,EXCLUDED_BY_DOSAGE,
衛署藥製字第006660號,"""長安""適皮安軟膏",SUPEAN OINTMENT,軟膏劑,經皮,候選關鍵字命中但劑型非貼布或貼片製劑,https://data.fda.gov.tw/opendata/exportDataList.do?method=ExportData&InfoId=36&logType=5,EXCLUDED_BY_DOSAGE,
衛署藥製字第049224號,〝永勝〞可樂爾膜衣錠 75 毫克,"Cotol F.C. Tablets 75mg ""EVEREST""",膜衣錠,經皮,候選關鍵字命中但劑型非貼布或貼片製劑,https://data.fda.gov.tw/opendata/exportDataList.do?method=ExportData&InfoId=36&logType=5,EXCLUDED_BY_DOSAGE,
衛署藥輸字第005666號,檸檬酸（２乙胺乙氧）乙基苯１環戊烷羧醯,"CARBETAPENTANE CITRATE ""ALPS""",（粉）,TAPE,僅英文品名含貼片關鍵字片段，實際非貼附皮膚製劑,https://data.fda.gov.tw/opendata/exportDataList.do?method=ExportData&InfoId=36&logType=5,EXCLUDED_FALSE_POSITIVE,
衛署藥輸字第014237號,克利斯得盼注射劑６公克,CRYSTAPEN 6GM INJECTION,凍晶注射劑,TAPE,僅英文品名含貼片關鍵字片段，實際非貼附皮膚製劑,https://data.fda.gov.tw/opendata/exportDataList.do?method=ExportData&InfoId=36&logType=5,EXCLUDED_FALSE_POSITIVE,
衛署藥輸字第025748號,保止栓膜衣錠75毫克,Clopidogrel-Teva 75mg Film-coated Tablets,膜衣錠,經皮,候選關鍵字命中但劑型非貼布或貼片製劑,https://data.fda.gov.tw/opendata/exportDataList.do?method=ExportData&InfoId=36&logType=5,EXCLUDED_BY_DOSAGE,
衛部藥輸字第026583號,"""紐申達""緩釋錠 50毫克",Nucynta Extended Release Tablets 50 mg,膜衣錠,TAPE,候選關鍵字命中但劑型非貼布或貼片製劑,https://data.fda.gov.tw/opendata/exportDataList.do?method=ExportData&InfoId=36&logType=5,EXCLUDED_BY_DOSAGE,
衛部藥輸字第026584號,"""紐申達""緩釋錠 100毫克",Nucynta Extended Release Tablets 100 mg,膜衣錠,TAPE,候選關鍵字命中但劑型非貼布或貼片製劑,https://data.fda.gov.tw/opendata/exportDataList.do?method=ExportData&InfoId=36&logType=5,EXCLUDED_BY_DOSAGE,
衛署藥陸輸字第000406號,咳貝坦,Carbetapentane citrate,（粉）,TAPE,僅英文品名含貼片關鍵字片段，實際非貼附皮膚製劑,https://data.fda.gov.tw/opendata/exportDataList.do?method=ExportData&InfoId=36&logType=5,EXCLUDED_FALSE_POSITIVE,
衛署藥製字第007158號,咳衣思糖衣錠３０公絲,COUGH USE S.C. TABLETS 30MG,糖衣錠,TAPE,候選關鍵字命中但劑型非貼布或貼片製劑,https://data.fda.gov.tw/opendata/exportDataList.do?method=ExportData&InfoId=36&logType=5,EXCLUDED_BY_DOSAGE,
衛署藥製字第014980號,咳貝坦糖衣錠,"CARPETAPENTANE S.C. TABLETS ""Y.S.""",糖衣錠,TAPE,候選關鍵字命中但劑型非貼布或貼片製劑,https://data.fda.gov.tw/opendata/exportDataList.do?method=ExportData&InfoId=36&logType=5,EXCLUDED_BY_DOSAGE,
衛署藥製字第018571號,咳貝坦糖衣錠,"CARBETAPENTANE CITRATE S.C. TABLETS ""MEIDER""",糖衣錠,TAPE,僅英文品名含貼片關鍵字片段，實際非貼附皮膚製劑,https://data.fda.gov.tw/opendata/exportDataList.do?method=ExportData&InfoId=36&logType=5,EXCLUDED_FALSE_POSITIVE,
衛署藥製字第018809號,咳離錠３０公絲（咳貝坦）,"CARU TABLETS 30MG (CARBETAPENTANE) ""GOLDEN HORSE""",錠劑,TAPE,僅英文品名含貼片關鍵字片段，實際非貼附皮膚製劑,https://data.fda.gov.tw/opendata/exportDataList.do?method=ExportData&InfoId=36&logType=5,EXCLUDED_FALSE_POSITIVE,
衛署藥製字第024236號,"""井田"" 咳必坦膜衣錠３０毫克（咳貝坦）","CARBETAN F.C. TABLETS 30MG ""CHINTENG""",膜衣錠,TAPE,候選關鍵字命中但劑型非貼布或貼片製劑,https://data.fda.gov.tw/opendata/exportDataList.do?method=ExportData&InfoId=36&logType=5,EXCLUDED_BY_DOSAGE,
衛署藥製字第033527號,"""杏輝""卡喀安膠囊３０公絲（咳貝坦）","CARBETAPENTANE CAPSULES 30MG ""SINPHAR""",膠囊劑,TAPE,僅英文品名含貼片關鍵字片段，實際非貼附皮膚製劑,https://data.fda.gov.tw/opendata/exportDataList.do?method=ExportData&InfoId=36&logType=5,EXCLUDED_FALSE_POSITIVE,
衛署藥製字第043493號,"""德山""菲比藥膠布","FLURBI PAP ""D.S.""",水性藥膠布,藥膠布;膠布,候選關鍵字命中但劑型非貼布或貼片製劑,https://data.fda.gov.tw/opendata/exportDataList.do?method=ExportData&InfoId=36&logType=5,EXCLUDED_BY_DOSAGE,
衛署藥製字第049344號,固栓宜膜衣錠 75 毫克,Carvetone F.C. Tablets 75 mg,膜衣錠,經皮,候選關鍵字命中但劑型非貼布或貼片製劑,https://data.fda.gov.tw/opendata/exportDataList.do?method=ExportData&InfoId=36&logType=5,EXCLUDED_BY_DOSAGE,
衛署藥輸字第007889號,嗽免談膠囊３０公絲,CARBETAPENTANE CITRATE CAPSULES 30,膠囊劑,TAPE,僅英文品名含貼片關鍵字片段，實際非貼附皮膚製劑,https://data.fda.gov.tw/opendata/exportDataList.do?method=ExportData&InfoId=36&logType=5,EXCLUDED_FALSE_POSITIVE,
衛署藥輸字第012496號,檸檬酸乙基苯－環戊烷羥醯,CARBETAPENTANE CITRATE,（粉）,TAPE,僅英文品名含貼片關鍵字片段，實際非貼附皮膚製劑,https://data.fda.gov.tw/opendata/exportDataList.do?method=ExportData&InfoId=36&logType=5,EXCLUDED_FALSE_POSITIVE,
衛署菌疫輸字第000489號,瑞博注射液,REOPRO(ABCIXIMAB 2MG/ML),注射劑,經皮,候選關鍵字命中但劑型非貼布或貼片製劑,https://data.fda.gov.tw/opendata/exportDataList.do?method=ExportData&InfoId=36&logType=5,EXCLUDED_BY_DOSAGE,
衛署藥製字第009022號,束咳達錠,LITUCOUGH TABLETS,錠劑,TAPE,候選關鍵字命中但劑型非貼布或貼片製劑,https://data.fda.gov.tw/opendata/exportDataList.do?method=ExportData&InfoId=36&logType=5,EXCLUDED_BY_DOSAGE,
衛署藥製字第039641號,"""人人""咳淨錠１５公絲（咳貝坦）","CARBETANE TABLETS 15MG (CARBETAPENTANE) ""GCPC""",錠劑,TAPE,僅英文品名含貼片關鍵字片段，實際非貼附皮膚製劑,https://data.fda.gov.tw/opendata/exportDataList.do?method=ExportData&InfoId=36&logType=5,EXCLUDED_FALSE_POSITIVE,
衛署藥製字第050093號,“永日”科諾彼多硫酸氫鹽,Clopidogrel Bisulfate“Yung-Zip”,（粉）,經皮,候選關鍵字命中但劑型非貼布或貼片製劑,https://data.fda.gov.tw/opendata/exportDataList.do?method=ExportData&InfoId=36&logType=5,EXCLUDED_BY_DOSAGE,
衛署藥輸字第001171號,檸檬酸（二乙氨乙氧）乙基苯一戊烷羧醯,"CARBETAPENTANE CITRATE ""LEPHARMA""",（粉）,TAPE,僅英文品名含貼片關鍵字片段，實際非貼附皮膚製劑,https://data.fda.gov.tw/opendata/exportDataList.do?method=ExportData&InfoId=36&logType=5,EXCLUDED_FALSE_POSITIVE,
衛署藥輸字第008443號,檸檬酸乙基苯－環戊烷羧醯,"CARBETAPENTANE CITRATE ""TROPONWERKE""",（粉）,TAPE,僅英文品名含貼片關鍵字片段，實際非貼附皮膚製劑,https://data.fda.gov.tw/opendata/exportDataList.do?method=ExportData&InfoId=36&logType=5,EXCLUDED_FALSE_POSITIVE,
衛署藥輸字第012935號,萊特黴素膠囊５００公絲,RATTAPEN 500/CAPSULES,膠囊劑,TAPE,僅英文品名含貼片關鍵字片段，實際非貼附皮膚製劑,https://data.fda.gov.tw/opendata/exportDataList.do?method=ExportData&InfoId=36&logType=5,EXCLUDED_FALSE_POSITIVE,
衛署藥輸字第016558號,得克嗽糖衣錠,TOCLASE SUGAR-COATED TABLETS,糖衣錠,TAPE,候選關鍵字命中但劑型非貼布或貼片製劑,https://data.fda.gov.tw/opendata/exportDataList.do?method=ExportData&InfoId=36&logType=5,EXCLUDED_BY_DOSAGE,
衛署藥製字第000776號,蕃椒膏貼藥布,"CAPSICUM PLASTER ""K.T.""",衛生材料,PLASTER,醫療器材或衛生材料,https://data.fda.gov.tw/opendata/exportDataList.do?method=ExportData&InfoId=36&logType=5,EXCLUDED_BY_DOSAGE,
衛署藥製字第001208號,咳喜糖衣錠,"COUSY S.C. TABLETS ""KINGDOM""",糖衣錠,TAPE,候選關鍵字命中但劑型非貼布或貼片製劑,https://data.fda.gov.tw/opendata/exportDataList.do?method=ExportData&InfoId=36&logType=5,EXCLUDED_BY_DOSAGE,
衛署藥製字第020250號,止咳平糖衣錠（咳貝坦）,"TOCOLIN S.C. TABLET CARBETAPENTANE) ""EVEREST""",糖衣錠,TAPE,僅英文品名含貼片關鍵字片段，實際非貼附皮膚製劑,https://data.fda.gov.tw/opendata/exportDataList.do?method=ExportData&InfoId=36&logType=5,EXCLUDED_FALSE_POSITIVE,
衛署藥製字第025376號,"""崇瑞""恩咳明糖衣錠30毫克(咳貝坦)","Atomin S.Tablets 30mg ""C.R."" (carbetapentane)",糖衣錠,TAPE,僅英文品名含貼片關鍵字片段，實際非貼附皮膚製劑,https://data.fda.gov.tw/opendata/exportDataList.do?method=ExportData&InfoId=36&logType=5,EXCLUDED_FALSE_POSITIVE,
衛署藥輸字第008693號,醫療用膠帶,YUTOKU ACETAPE,衛生材料,TAPE,醫療器材或衛生材料,https://data.fda.gov.tw/opendata/exportDataList.do?method=ExportData&InfoId=36&logType=5,EXCLUDED_BY_DOSAGE,
衛署藥輸字第023468號,應治凝注射液 0.75 公絲/公撮,INTEGRILIN INJECTION 0.75MG/ML,注射劑,經皮,候選關鍵字命中但劑型非貼布或貼片製劑,https://data.fda.gov.tw/opendata/exportDataList.do?method=ExportData&InfoId=36&logType=5,EXCLUDED_BY_DOSAGE,
衛署藥輸字第024863號,抗栓通膜衣錠,Clopidogrel Winthrop Film-coated Tablets,膜衣錠,經皮,候選關鍵字命中但劑型非貼布或貼片製劑,https://data.fda.gov.tw/opendata/exportDataList.do?method=ExportData&InfoId=36&logType=5,EXCLUDED_BY_DOSAGE,
衛署藥輸字第025326號,可保栓通膜衣錠75毫克/100毫克,CoPlavix film coated tablets 75mg/100mg,膜衣錠,經皮,候選關鍵字命中但劑型非貼布或貼片製劑,https://data.fda.gov.tw/opendata/exportDataList.do?method=ExportData&InfoId=36&logType=5,EXCLUDED_BY_DOSAGE,
衛部藥製字第058093號,栓易通膜衣錠75毫克,Pidogrel Film Coated Tablets 75mg,膜衣錠,經皮,候選關鍵字命中但劑型非貼布或貼片製劑,https://data.fda.gov.tw/opendata/exportDataList.do?method=ExportData&InfoId=36&logType=5,EXCLUDED_BY_DOSAGE,
衛署藥製字第001782號,咳必坦糖衣錠,CABETAN S.C. TABLETS,糖衣錠,TAPE,候選關鍵字命中但劑型非貼布或貼片製劑,https://data.fda.gov.tw/opendata/exportDataList.do?method=ExportData&InfoId=36&logType=5,EXCLUDED_BY_DOSAGE,
衛署藥製字第001953號,檸檬酸卡維他戊烷,"CARBETAPENTANE CITRATE ""C.C.S.I.""",（粉）,TAPE,僅英文品名含貼片關鍵字片段，實際非貼附皮膚製劑,https://data.fda.gov.tw/opendata/exportDataList.do?method=ExportData&InfoId=36&logType=5,EXCLUDED_FALSE_POSITIVE,
衛署藥製字第002133號,克嗽鎮糖衣片,"COUSOTIN S.C. TABLETS ""C.C.P.""",糖衣錠,TAPE,候選關鍵字命中但劑型非貼布或貼片製劑,https://data.fda.gov.tw/opendata/exportDataList.do?method=ExportData&InfoId=36&logType=5,EXCLUDED_BY_DOSAGE,
衛署藥製字第055428號,保絡得膜衣錠 75 毫克,Progrel F.C. Tablets 75 mg,膜衣錠,經皮,候選關鍵字命中但劑型非貼布或貼片製劑,https://data.fda.gov.tw/opendata/exportDataList.do?method=ExportData&InfoId=36&logType=5,EXCLUDED_BY_DOSAGE,
衛署藥輸字第024959號,保栓通膜衣錠 300 毫克,PLAVIX film-coated tablets 300mg,膜衣錠,經皮,候選關鍵字命中但劑型非貼布或貼片製劑,https://data.fda.gov.tw/opendata/exportDataList.do?method=ExportData&InfoId=36&logType=5,EXCLUDED_BY_DOSAGE,
衛部藥製字第061990號,“松瑞”扼達碳盤尼鈉鹽,Ertapenem Sodium“SLC”,（粉）,TAPE,僅英文品名含貼片關鍵字片段，實際非貼附皮膚製劑,https://data.fda.gov.tw/opendata/exportDataList.do?method=ExportData&InfoId=36&logType=5,EXCLUDED_FALSE_POSITIVE,
衛署藥輸字第004531號,檸檬酸（二乙氨乙氧）二基苯－環戊烷羧醯,"CARBETAPENTANE CITRATE ""BONAPACE""",（粉）,TAPE,僅英文品名含貼片關鍵字片段，實際非貼附皮膚製劑,https://data.fda.gov.tw/opendata/exportDataList.do?method=ExportData&InfoId=36&logType=5,EXCLUDED_FALSE_POSITIVE,
衛署藥輸字第022932號,保栓通膜衣錠75毫克,PLAVIX FILM-COATED TABLETS 75MG,錠劑,經皮,候選關鍵字命中但劑型非貼布或貼片製劑,https://data.fda.gov.tw/opendata/exportDataList.do?method=ExportData&InfoId=36&logType=5,EXCLUDED_BY_DOSAGE,
衛署藥輸字第023556號,益脂可長效緩釋膜衣錠80毫克,LESCOL XL FILM-COATED TABLETS 80MG,緩釋膜衣錠,穿皮,候選關鍵字命中但劑型非貼布或貼片製劑,https://data.fda.gov.tw/opendata/exportDataList.do?method=ExportData&InfoId=36&logType=5,EXCLUDED_BY_DOSAGE,
衛部藥輸字第026252號,適克通膜衣錠75毫克,NOKLOT 75 (CLOPIDOGREL TABLETS USP 75MG),膜衣錠,經皮,候選關鍵字命中但劑型非貼布或貼片製劑,https://data.fda.gov.tw/opendata/exportDataList.do?method=ExportData&InfoId=36&logType=5,EXCLUDED_BY_DOSAGE,
衛部藥輸字第027182號,雅吉通 膜衣錠75毫克,Clopidogrel EGIS,膜衣錠,經皮,候選關鍵字命中但劑型非貼布或貼片製劑,https://data.fda.gov.tw/opendata/exportDataList.do?method=ExportData&InfoId=36&logType=5,EXCLUDED_BY_DOSAGE,
衛署藥製字第027413號,"""衛達""咳必坦錠３０公絲（咳貝坦）","CAPETAN TABLETS 30MG ""WEIDAR""(CARBETAPENTANE)",錠劑,TAPE,僅英文品名含貼片關鍵字片段，實際非貼附皮膚製劑,https://data.fda.gov.tw/opendata/exportDataList.do?method=ExportData&InfoId=36&logType=5,EXCLUDED_FALSE_POSITIVE,
衛署藥製字第032475號,咳能滅糖衣錠２５公絲（咳貝坦）,CARBEDANE S.C. TABLETS 25MG (CARBETAPENTANE),糖衣錠,TAPE,僅英文品名含貼片關鍵字片段，實際非貼附皮膚製劑,https://data.fda.gov.tw/opendata/exportDataList.do?method=ExportData&InfoId=36&logType=5,EXCLUDED_FALSE_POSITIVE,
衛署藥製字第048062號,普健通膜衣錠 75 毫克,Platon Film-Coated Tablets 75mg,膜衣錠,經皮,候選關鍵字命中但劑型非貼布或貼片製劑,https://data.fda.gov.tw/opendata/exportDataList.do?method=ExportData&InfoId=36&logType=5,EXCLUDED_BY_DOSAGE,
衛署藥製字第057819號,可諾通膜衣錠75毫克,Colton Film-Coated Tablets 75mg,膜衣錠,經皮,候選關鍵字命中但劑型非貼布或貼片製劑,https://data.fda.gov.tw/opendata/exportDataList.do?method=ExportData&InfoId=36&logType=5,EXCLUDED_BY_DOSAGE,
衛署藥輸字第002725號,檸檬酸（二乙氨乙氧）乙基苯－環戊烷羧醯,"CARBETAPENTANE CITRATE ""HUTH""",（粉）,TAPE,僅英文品名含貼片關鍵字片段，實際非貼附皮膚製劑,https://data.fda.gov.tw/opendata/exportDataList.do?method=ExportData&InfoId=36&logType=5,EXCLUDED_FALSE_POSITIVE,
衛署藥輸字第009640號,治咳爽糖衣錠,COUGHCOD TABLETS,糖衣錠,TAPE,候選關鍵字命中但劑型非貼布或貼片製劑,https://data.fda.gov.tw/opendata/exportDataList.do?method=ExportData&InfoId=36&logType=5,EXCLUDED_BY_DOSAGE,
衛署藥輸字第013752號,克利斯妥盼１００萬單位注射劑,"CRYSTAPEN 1,000,000 UNITS INJECTION",凍晶注射劑,TAPE,僅英文品名含貼片關鍵字片段，實際非貼附皮膚製劑,https://data.fda.gov.tw/opendata/exportDataList.do?method=ExportData&InfoId=36&logType=5,EXCLUDED_FALSE_POSITIVE,
衛署藥輸字第017507號,克利斯得盼注射劑６公克,CRYSTAPEN 6GM INJECTION,凍晶注射劑,TAPE,僅英文品名含貼片關鍵字片段，實際非貼附皮膚製劑,https://data.fda.gov.tw/opendata/exportDataList.do?method=ExportData&InfoId=36&logType=5,EXCLUDED_FALSE_POSITIVE,
衛署藥輸字第017508號,克利斯妥盼１００萬單位注射劑,"CRYSTAPEN 1,000,000 UNITS INJECTION",凍晶注射劑,TAPE,僅英文品名含貼片關鍵字片段，實際非貼附皮膚製劑,https://data.fda.gov.tw/opendata/exportDataList.do?method=ExportData&InfoId=36&logType=5,EXCLUDED_FALSE_POSITIVE,
衛部藥輸字第026585號,"""紐申達""緩釋錠 150毫克",Nucynta Extended Release Tablets 150 mg,膜衣錠,TAPE,候選關鍵字命中但劑型非貼布或貼片製劑,https://data.fda.gov.tw/opendata/exportDataList.do?method=ExportData&InfoId=36&logType=5,EXCLUDED_BY_DOSAGE,
衛部藥輸字第026586號,"""紐申達""緩釋錠 200毫克",Nucynta Extended Release Tablets 200 mg,膜衣錠,TAPE,候選關鍵字命中但劑型非貼布或貼片製劑,https://data.fda.gov.tw/opendata/exportDataList.do?method=ExportData&InfoId=36&logType=5,EXCLUDED_BY_DOSAGE,
衛部藥輸字第026587號,"""紐申達""緩釋錠 250毫克",Nucynta Extended Release Tablets 250 mg,膜衣錠,TAPE,候選關鍵字命中但劑型非貼布或貼片製劑,https://data.fda.gov.tw/opendata/exportDataList.do?method=ExportData&InfoId=36&logType=5,EXCLUDED_BY_DOSAGE,
衛部藥輸字第026588號,"""紐申達""膜衣錠 50毫克",Nucynta Tablets 50mg,膜衣錠,TAPE,候選關鍵字命中但劑型非貼布或貼片製劑,https://data.fda.gov.tw/opendata/exportDataList.do?method=ExportData&InfoId=36&logType=5,EXCLUDED_BY_DOSAGE,
衛部藥輸字第026589號,"""紐申達""膜衣錠 75毫克",Nucynta Tablets 75mg,膜衣錠,TAPE,候選關鍵字命中但劑型非貼布或貼片製劑,https://data.fda.gov.tw/opendata/exportDataList.do?method=ExportData&InfoId=36&logType=5,EXCLUDED_BY_DOSAGE,
衛部藥輸字第026590號,"""紐申達""膜衣錠 100毫克",Nucynta Tablets 100mg,膜衣錠,TAPE,候選關鍵字命中但劑型非貼布或貼片製劑,https://data.fda.gov.tw/opendata/exportDataList.do?method=ExportData&InfoId=36&logType=5,EXCLUDED_BY_DOSAGE,
衛署藥製字第018946號,"""應元"" 得能速注射液（的剎美剎松）","DEXAMETHASONE INJECTION ""Y.Y.""",注射劑,經皮,候選關鍵字命中但劑型非貼布或貼片製劑,https://data.fda.gov.tw/opendata/exportDataList.do?method=ExportData&InfoId=36&logType=5,EXCLUDED_BY_DOSAGE,
衛署藥製字第049719號,“培力”宜栓清膜衣錠 75 毫克,Clopid F.C. Tablets 75 mg“P.L.”,膜衣錠,經皮,候選關鍵字命中但劑型非貼布或貼片製劑,https://data.fda.gov.tw/opendata/exportDataList.do?method=ExportData&InfoId=36&logType=5,EXCLUDED_BY_DOSAGE,
衛署藥輸字第018216號,咳別膜衣錠１１公絲,CARBETAPENTANE CITRATE TABLETS 11MG,膜衣錠,TAPE,僅英文品名含貼片關鍵字片段，實際非貼附皮膚製劑,https://data.fda.gov.tw/opendata/exportDataList.do?method=ExportData&InfoId=36&logType=5,EXCLUDED_FALSE_POSITIVE,
衛署藥輸字第018217號,咳別膜衣錠３０公絲,CARBETAPENTANE CITRATE TABLETS 30MG,膜衣錠,TAPE,僅英文品名含貼片關鍵字片段，實際非貼附皮膚製劑,https://data.fda.gov.tw/opendata/exportDataList.do?method=ExportData&InfoId=36&logType=5,EXCLUDED_FALSE_POSITIVE,
衛署藥輸字第022606號,雅瑞濃縮輸注液,AGGRASTAT CONCENTRATE FOR INFUSION,注射劑,經皮,候選關鍵字命中但劑型非貼布或貼片製劑,https://data.fda.gov.tw/opendata/exportDataList.do?method=ExportData&InfoId=36&logType=5,EXCLUDED_BY_DOSAGE,
衛署藥輸字第023686號,鹽酸巴布妥,BAMBUTEROL HCL,（粉）,巴布,候選關鍵字命中但劑型非貼布或貼片製劑,https://data.fda.gov.tw/opendata/exportDataList.do?method=ExportData&InfoId=36&logType=5,EXCLUDED_BY_DOSAGE,
衛署藥輸字第024703號,達爾爽乳膏,DERXAM Cream,乳膏劑,貼布,候選關鍵字命中但劑型非貼布或貼片製劑,https://data.fda.gov.tw/opendata/exportDataList.do?method=ExportData&InfoId=36&logType=5,EXCLUDED_BY_DOSAGE,
衛部藥輸字第028841號,除凝樂膜衣錠90毫克,Ticagrelor Sandoz Film Coated Tablets 90mg,膜衣錠,經皮,候選關鍵字命中但劑型非貼布或貼片製劑,https://data.fda.gov.tw/opendata/exportDataList.do?method=ExportData&InfoId=36&logType=5,EXCLUDED_BY_DOSAGE,
衛署藥製字第009984號,服舒化咳膠囊,"FUSUWAKO CAPSULES ""CURIE""",膠囊劑,TAPE,候選關鍵字命中但劑型非貼布或貼片製劑,https://data.fda.gov.tw/opendata/exportDataList.do?method=ExportData&InfoId=36&logType=5,EXCLUDED_BY_DOSAGE,
衛署藥製字第010079號,嘉貝津錠,CARBETIN TABLETS,錠劑,TAPE,候選關鍵字命中但劑型非貼布或貼片製劑,https://data.fda.gov.tw/opendata/exportDataList.do?method=ExportData&InfoId=36&logType=5,EXCLUDED_BY_DOSAGE,
衛署藥製字第010116號,"""景岳""咳必定膠囊30毫克","CARBETAPENTANE CAPSULES 30MG ""GENMONT""",膠囊劑,TAPE,僅英文品名含貼片關鍵字片段，實際非貼附皮膚製劑,https://data.fda.gov.tw/opendata/exportDataList.do?method=ExportData&InfoId=36&logType=5,EXCLUDED_FALSE_POSITIVE,
衛署藥製字第020874號,咳平達膜衣錠（咳貝坦）,"CARBETA F.C. TABLETS (CARBETAPENTANE) ""ROYAL""",膜衣錠,TAPE,僅英文品名含貼片關鍵字片段，實際非貼附皮膚製劑,https://data.fda.gov.tw/opendata/exportDataList.do?method=ExportData&InfoId=36&logType=5,EXCLUDED_FALSE_POSITIVE,
衛署藥製字第030709號,平咳錠（咳貝坦）,"PINCOU TABLETS (CARBETAPENTANE) ""TON SIN""",錠劑,TAPE,僅英文品名含貼片關鍵字片段，實際非貼附皮膚製劑,https://data.fda.gov.tw/opendata/exportDataList.do?method=ExportData&InfoId=36&logType=5,EXCLUDED_FALSE_POSITIVE,
衛署藥製字第035156號,咳貝坦膠囊３０公絲,"CARBETAN CAPSULES 30MG (CARBETAPENTANE) ""J.A.""",膠囊劑,TAPE,僅英文品名含貼片關鍵字片段，實際非貼附皮膚製劑,https://data.fda.gov.tw/opendata/exportDataList.do?method=ExportData&InfoId=36&logType=5,EXCLUDED_FALSE_POSITIVE,
衛署藥製字第040116號,"""瑞安"" 增骨密注射液１００國際單位/毫升（鮭魚抑鈣激素）","CALCININ INJECTION 100IU/ML (SALMON CALCITONIN) ""PURZER""",注射劑,經皮,候選關鍵字命中但劑型非貼布或貼片製劑,https://data.fda.gov.tw/opendata/exportDataList.do?method=ExportData&InfoId=36&logType=5,EXCLUDED_BY_DOSAGE,
衛署藥製字第052522號,〝元宙〞康達通膜衣錠,Canafi F.C. Tablets“Y.C.”,膜衣錠,經皮,候選關鍵字命中但劑型非貼布或貼片製劑,https://data.fda.gov.tw/opendata/exportDataList.do?method=ExportData&InfoId=36&logType=5,EXCLUDED_BY_DOSAGE,
衛署藥輸字第008696號,通氣性透明膠帶,YUTOKU TAPEPORE,衛生材料,TAPE,醫療器材或衛生材料,https://data.fda.gov.tw/opendata/exportDataList.do?method=ExportData&InfoId=36&logType=5,EXCLUDED_BY_DOSAGE,
衛署藥輸字第013146號,萊特黴素注射劑５００公絲,RATTAPEN INJECTIONS,乾粉注射劑,TAPE,僅英文品名含貼片關鍵字片段，實際非貼附皮膚製劑,https://data.fda.gov.tw/opendata/exportDataList.do?method=ExportData&InfoId=36&logType=5,EXCLUDED_FALSE_POSITIVE,
衛部藥輸字第026132號,福脂寧長效緩釋膜衣錠80毫克,Fluvastatin XL Prolonged Release Film-Coated Tablets 80mg,緩釋膜衣錠,穿皮,候選關鍵字命中但劑型非貼布或貼片製劑,https://data.fda.gov.tw/opendata/exportDataList.do?method=ExportData&InfoId=36&logType=5,EXCLUDED_BY_DOSAGE,
衛部藥輸字第026147號,希靈脂緩釋錠80毫克,Fluvastatin XL Film-coated Tablets 80mg,緩釋膜衣錠,穿皮,候選關鍵字命中但劑型非貼布或貼片製劑,https://data.fda.gov.tw/opendata/exportDataList.do?method=ExportData&InfoId=36&logType=5,EXCLUDED_BY_DOSAGE,
衛署藥製字第003954號,力卡因注射液,"LIDOCAINE HCL INJECTION ""PANBIOTIC""",注射劑,經皮,候選關鍵字命中但劑型非貼布或貼片製劑,https://data.fda.gov.tw/opendata/exportDataList.do?method=ExportData&InfoId=36&logType=5,EXCLUDED_BY_DOSAGE,
衛署藥製字第022032號,"""人生""咳安平糖衣錠","CAR-ANINE S.C. TABLETS ""JEN SHENG""",糖衣錠,TAPE,候選關鍵字命中但劑型非貼布或貼片製劑,https://data.fda.gov.tw/opendata/exportDataList.do?method=ExportData&InfoId=36&logType=5,EXCLUDED_BY_DOSAGE,
衛署藥製字第036312號,"""永勝"" 止咳平膜衣錠30公絲(咳貝坦)","TOCOLIN F.C.T. 30MG (CARBETAPENTANE CITRATE) ""EVEREST""",膜衣錠,TAPE,僅英文品名含貼片關鍵字片段，實際非貼附皮膚製劑,https://data.fda.gov.tw/opendata/exportDataList.do?method=ExportData&InfoId=36&logType=5,EXCLUDED_FALSE_POSITIVE,
衛署藥製字第041382號,皮定軟膏０．５％（培尼皮質醇）,"PE DEN OINTMENT 0.5% ""J.C.S"" (PREDNISOLONE)",軟膏劑,經皮,候選關鍵字命中但劑型非貼布或貼片製劑,https://data.fda.gov.tw/opendata/exportDataList.do?method=ExportData&InfoId=36&logType=5,EXCLUDED_BY_DOSAGE,
衛署藥製字第057123號,"""聯邦""血優通膜衣錠75毫克","Sedogrel F.C. Tablets 75mg ""Union""",膜衣錠,經皮,候選關鍵字命中但劑型非貼布或貼片製劑,https://data.fda.gov.tw/opendata/exportDataList.do?method=ExportData&InfoId=36&logType=5,EXCLUDED_BY_DOSAGE,
衛署藥輸字第006930號,鎮咳散,CARBETAPENTANE CITRATE POWDER,散劑,TAPE,僅英文品名含貼片關鍵字片段，實際非貼附皮膚製劑,https://data.fda.gov.tw/opendata/exportDataList.do?method=ExportData&InfoId=36&logType=5,EXCLUDED_FALSE_POSITIVE,
衛署藥輸字第007007號,呼吸妥平定膠囊,HUSTOPENTANE CAPSULES,膠囊劑,TAPE,候選關鍵字命中但劑型非貼布或貼片製劑,https://data.fda.gov.tw/opendata/exportDataList.do?method=ExportData&InfoId=36&logType=5,EXCLUDED_BY_DOSAGE,
衛署藥輸字第019114號,史帝黴新溶液,STIEMYCIN SOLUTION,外用液劑,經皮,候選關鍵字命中但劑型非貼布或貼片製劑,https://data.fda.gov.tw/opendata/exportDataList.do?method=ExportData&InfoId=36&logType=5,EXCLUDED_BY_DOSAGE,
內衛藥輸字第000947號,必乃膚通－Ｎ藥膏,BETNOVATE-N OINTMENT,軟膏劑,經皮,候選關鍵字命中但劑型非貼布或貼片製劑,https://data.fda.gov.tw/opendata/exportDataList.do?method=ExportData&InfoId=36&logType=5,EXCLUDED_BY_DOSAGE,
內衛藥輸字第000948號,必乃膚通－Ｎ藥霜,BETNOVATE-N CREAM,乳膏劑,經皮,候選關鍵字命中但劑型非貼布或貼片製劑,https://data.fda.gov.tw/opendata/exportDataList.do?method=ExportData&InfoId=36&logType=5,EXCLUDED_BY_DOSAGE,
衛部藥輸字第026335號,克栓寧膜衣錠,Torpido Film Coated Tablets 75mg,膜衣錠,經皮,候選關鍵字命中但劑型非貼布或貼片製劑,https://data.fda.gov.tw/opendata/exportDataList.do?method=ExportData&InfoId=36&logType=5,EXCLUDED_BY_DOSAGE,
衛署藥製字第005316號,何必咳糖衣錠,"HOBICONGH S.C. TABLETS ""CURIE""",糖衣錠,TAPE,候選關鍵字命中但劑型非貼布或貼片製劑,https://data.fda.gov.tw/opendata/exportDataList.do?method=ExportData&InfoId=36&logType=5,EXCLUDED_BY_DOSAGE,
衛署藥製字第005427號,鎮嗽糖衣錠１５公絲（咳貝坦）,"TIN SOU S.C. TABLETS 15MG(CARBETAPENTANE)""H.C.""",糖衣錠,TAPE,僅英文品名含貼片關鍵字片段，實際非貼附皮膚製劑,https://data.fda.gov.tw/opendata/exportDataList.do?method=ExportData&InfoId=36&logType=5,EXCLUDED_FALSE_POSITIVE,
衛署藥輸字第007484號,恩咳明糖衣錠３０公絲,ATOMIN S TABLETS,糖衣錠,TAPE,候選關鍵字命中但劑型非貼布或貼片製劑,https://data.fda.gov.tw/opendata/exportDataList.do?method=ExportData&InfoId=36&logType=5,EXCLUDED_BY_DOSAGE,
衛署藥輸字第007537號,最利爽藥膠布,DRENISON TAPE,衛生材料,藥膠布;膠布;TAPE,醫療器材或衛生材料,https://data.fda.gov.tw/opendata/exportDataList.do?method=ExportData&InfoId=36&logType=5,EXCLUDED_BY_DOSAGE,
衛署藥輸字第009994號,膚瘡隱膠帶,FLUZON TAPE,衛生材料,TAPE,醫療器材或衛生材料,https://data.fda.gov.tw/opendata/exportDataList.do?method=ExportData&InfoId=36&logType=5,EXCLUDED_BY_DOSAGE,
衛署藥輸字第020133號,得克嗽糖衣錠,TOCLASE SUGAR COATED TABLETS,糖衣錠,TAPE,候選關鍵字命中但劑型非貼布或貼片製劑,https://data.fda.gov.tw/opendata/exportDataList.do?method=ExportData&InfoId=36&logType=5,EXCLUDED_BY_DOSAGE,
衛署藥輸字第025222號,可諾比樂膜衣錠,Clopilet,膜衣錠,經皮,候選關鍵字命中但劑型非貼布或貼片製劑,https://data.fda.gov.tw/opendata/exportDataList.do?method=ExportData&InfoId=36&logType=5,EXCLUDED_BY_DOSAGE,
衛署藥輸字第025691號,百無凝膜衣錠 90 毫克,BRILINTA Film-coated Tablets 90 mg,膜衣錠,經皮,候選關鍵字命中但劑型非貼布或貼片製劑,https://data.fda.gov.tw/opendata/exportDataList.do?method=ExportData&InfoId=36&logType=5,EXCLUDED_BY_DOSAGE,
衛署藥輸字第025694號,鹽酸巴布妥,Bambuterol HCl,（粉）,巴布,候選關鍵字命中但劑型非貼布或貼片製劑,https://data.fda.gov.tw/opendata/exportDataList.do?method=ExportData&InfoId=36&logType=5,EXCLUDED_BY_DOSAGE,
衛署菌疫輸字第000889號,服樂維靈流感疫苗,Fluvirin Suspension for injection,懸浮注射劑,TTS,候選關鍵字命中但劑型非貼布或貼片製劑,https://data.fda.gov.tw/opendata/exportDataList.do?method=ExportData&InfoId=36&logType=5,EXCLUDED_BY_DOSAGE,
衛署藥製字第026723號,"""長安""康咳糖漿",COTAHAN SYRUP,糖漿劑,TAPE,候選關鍵字命中但劑型非貼布或貼片製劑,https://data.fda.gov.tw/opendata/exportDataList.do?method=ExportData&InfoId=36&logType=5,EXCLUDED_BY_DOSAGE,
衛署藥製字第012690號,感咳效糖漿,KANKERSHIAW SYRUP,糖漿劑,TAPE,候選關鍵字命中但劑型非貼布或貼片製劑,https://data.fda.gov.tw/opendata/exportDataList.do?method=ExportData&InfoId=36&logType=5,EXCLUDED_BY_DOSAGE,
衛署藥製字第035787號,利感冒液,LEE COLD SOLUTION,內服液劑,TAPE,候選關鍵字命中但劑型非貼布或貼片製劑,https://data.fda.gov.tw/opendata/exportDataList.do?method=ExportData&InfoId=36&logType=5,EXCLUDED_BY_DOSAGE,
衛署藥製字第035949號,治感冒液,CHIN COMMON COLD SOLUTION,內服液劑,TAPE,候選關鍵字命中但劑型非貼布或貼片製劑,https://data.fda.gov.tw/opendata/exportDataList.do?method=ExportData&InfoId=36&logType=5,EXCLUDED_BY_DOSAGE,
衛署藥製字第050192號,“長安”咳通糖漿,Catong Syrup“C.A.”,糖漿劑,TAPE,候選關鍵字命中但劑型非貼布或貼片製劑,https://data.fda.gov.tw/opendata/exportDataList.do?method=ExportData&InfoId=36&logType=5,EXCLUDED_BY_DOSAGE,
衛署藥製字第013445號,八仙感百安感冒液,BA SHIAN GAAN BAE AN COLD SOLUTION,內服液劑,TAPE,候選關鍵字命中但劑型非貼布或貼片製劑,https://data.fda.gov.tw/opendata/exportDataList.do?method=ExportData&InfoId=36&logType=5,EXCLUDED_BY_DOSAGE,
衛署藥製字第013494號,"""恆安""康樂美健液","COLDBIGEN SOLUTION  ""HENG AN""",內服液劑,TAPE,候選關鍵字命中但劑型非貼布或貼片製劑,https://data.fda.gov.tw/opendata/exportDataList.do?method=ExportData&InfoId=36&logType=5,EXCLUDED_BY_DOSAGE,
衛署藥製字第013924號,遠志感冒糖漿,"SENEGA COLD SYRUP ""MEIDER""",糖漿劑,TAPE,候選關鍵字命中但劑型非貼布或貼片製劑,https://data.fda.gov.tw/opendata/exportDataList.do?method=ExportData&InfoId=36&logType=5,EXCLUDED_BY_DOSAGE,
衛署藥製字第020670號,敏諾注射液,"MINOGEN INJECTION ""YUNG SHIN""",注射劑,經皮,候選關鍵字命中但劑型非貼布或貼片製劑,https://data.fda.gov.tw/opendata/exportDataList.do?method=ExportData&InfoId=36&logType=5,EXCLUDED_BY_DOSAGE,
衛署藥製字第028980號,"""大豐"" 感咳效液",KANKERSHIAW SOLUTION,內服液劑,TAPE,候選關鍵字命中但劑型非貼布或貼片製劑,https://data.fda.gov.tw/opendata/exportDataList.do?method=ExportData&InfoId=36&logType=5,EXCLUDED_BY_DOSAGE,
衛署藥製字第028997號,"""福元""健咳糖漿","GEACOU SYRUP""F.Y.""",糖漿劑,TAPE,候選關鍵字命中但劑型非貼布或貼片製劑,https://data.fda.gov.tw/opendata/exportDataList.do?method=ExportData&InfoId=36&logType=5,EXCLUDED_BY_DOSAGE,
衛署藥製字第037040號,咳得停糖漿〝中美〞,"CODETINE SOLUTION ""C.M.""",糖漿劑,TAPE,候選關鍵字命中但劑型非貼布或貼片製劑,https://data.fda.gov.tw/opendata/exportDataList.do?method=ExportData&InfoId=36&logType=5,EXCLUDED_BY_DOSAGE,
內衛藥製字第012196號,袪痰汀Ｓ內服液,CHITANCIN-S,內服液劑,TAPE,候選關鍵字命中但劑型非貼布或貼片製劑,https://data.fda.gov.tw/opendata/exportDataList.do?method=ExportData&InfoId=36&logType=5,EXCLUDED_BY_DOSAGE,
衛署藥製字第015012號,風引糖漿,FONING SYRUP,糖漿劑,TAPE,候選關鍵字命中但劑型非貼布或貼片製劑,https://data.fda.gov.tw/opendata/exportDataList.do?method=ExportData&InfoId=36&logType=5,EXCLUDED_BY_DOSAGE,
衛署藥製字第029916號,佳生鎮傷風顆粒,GLISTIN GRANULES,內服顆粒劑,TAPE,候選關鍵字命中但劑型非貼布或貼片製劑,https://data.fda.gov.tw/opendata/exportDataList.do?method=ExportData&InfoId=36&logType=5,EXCLUDED_BY_DOSAGE,
內衛藥製字第013765號,咳能滅糖衣錠２５公絲（咳貝坦）,CARBEDANE S.C. TABLETS,糖衣錠,TAPE,候選關鍵字命中但劑型非貼布或貼片製劑,https://data.fda.gov.tw/opendata/exportDataList.do?method=ExportData&InfoId=36&logType=5,EXCLUDED_BY_DOSAGE,
衛署成製字第001773號,炎痛平軟膏,"ENTAPEN OINTMENT ""S.P.""",軟膏劑,TAPE,候選關鍵字命中但劑型非貼布或貼片製劑,https://data.fda.gov.tw/opendata/exportDataList.do?method=ExportData&InfoId=36&logType=5,EXCLUDED_BY_DOSAGE,
衛署藥製字第022311號,克冒平糖衣錠,"COLDPIN SUGAR COATED TABLETS ""SHITEH""",糖衣錠,TAPE,候選關鍵字命中但劑型非貼布或貼片製劑,https://data.fda.gov.tw/opendata/exportDataList.do?method=ExportData&InfoId=36&logType=5,EXCLUDED_BY_DOSAGE,
衛署藥製字第022327號,"""利達""麥克掃液","MAKASA SOLUTION ""LITA""",內服液劑,TAPE,候選關鍵字命中但劑型非貼布或貼片製劑,https://data.fda.gov.tw/opendata/exportDataList.do?method=ExportData&InfoId=36&logType=5,EXCLUDED_BY_DOSAGE,
衛署藥製字第038952號,"""美西""驅嗽安糖漿","KU SOU AN SYRUP ""M.S""",糖漿劑,TAPE,候選關鍵字命中但劑型非貼布或貼片製劑,https://data.fda.gov.tw/opendata/exportDataList.do?method=ExportData&InfoId=36&logType=5,EXCLUDED_BY_DOSAGE,
衛署藥製字第039336號,"""中美""咳達樂糖漿","COTAL SYRUP ""C.M.""",糖漿劑,TAPE,候選關鍵字命中但劑型非貼布或貼片製劑,https://data.fda.gov.tw/opendata/exportDataList.do?method=ExportData&InfoId=36&logType=5,EXCLUDED_BY_DOSAGE,
衛署藥輸字第004255號,擦而康水溶性軟膏,CALMURID HC CREAM,乳膏劑,經皮,候選關鍵字命中但劑型非貼布或貼片製劑,https://data.fda.gov.tw/opendata/exportDataList.do?method=ExportData&InfoId=36&logType=5,EXCLUDED_BY_DOSAGE,
衛署藥製字第015213號,幫咳利糖漿,PENDRINE SYRUP,糖漿劑,TAPE,候選關鍵字命中但劑型非貼布或貼片製劑,https://data.fda.gov.tw/opendata/exportDataList.do?method=ExportData&InfoId=36&logType=5,EXCLUDED_BY_DOSAGE,
衛署藥製字第023024號,益汝膚注射液,"ILUFU INJECTION ""WINSTON""",注射劑,經皮,候選關鍵字命中但劑型非貼布或貼片製劑,https://data.fda.gov.tw/opendata/exportDataList.do?method=ExportData&InfoId=36&logType=5,EXCLUDED_BY_DOSAGE,
衛署藥製字第031049號,咳佳捷糖漿,"COUGEL SYRUP ""H.S.""",糖漿劑,TAPE,候選關鍵字命中但劑型非貼布或貼片製劑,https://data.fda.gov.tw/opendata/exportDataList.do?method=ExportData&InfoId=36&logType=5,EXCLUDED_BY_DOSAGE,
衛署藥製字第031076號,鎮傷風顆粒,GLISTIN GRANULES,內服顆粒劑,TAPE,候選關鍵字命中但劑型非貼布或貼片製劑,https://data.fda.gov.tw/opendata/exportDataList.do?method=ExportData&InfoId=36&logType=5,EXCLUDED_BY_DOSAGE,
衛署藥製字第031124號,全多祿大可感冒液,ZENTORU COLD SOLUTION,內服液劑,TAPE,候選關鍵字命中但劑型非貼布或貼片製劑,https://data.fda.gov.tw/opendata/exportDataList.do?method=ExportData&InfoId=36&logType=5,EXCLUDED_BY_DOSAGE,
衛署藥製字第031251號,宜康佳糖漿,YI KANG JIA SYRUP,糖漿劑,TAPE,候選關鍵字命中但劑型非貼布或貼片製劑,https://data.fda.gov.tw/opendata/exportDataList.do?method=ExportData&InfoId=36&logType=5,EXCLUDED_BY_DOSAGE,
衛署藥輸字第023240號,嘉佑感冒膠囊,SANZAMIN A CAPSULE,膠囊劑,TAPE,候選關鍵字命中但劑型非貼布或貼片製劑,https://data.fda.gov.tw/opendata/exportDataList.do?method=ExportData&InfoId=36&logType=5,EXCLUDED_BY_DOSAGE,
衛署藥製字第005484號,咳畢坦糖衣錠,CARBETANE S.C. TABLETS,糖衣錠,TAPE,候選關鍵字命中但劑型非貼布或貼片製劑,https://data.fda.gov.tw/opendata/exportDataList.do?method=ExportData&InfoId=36&logType=5,EXCLUDED_BY_DOSAGE,
衛署藥製字第023498號,咳貝坦膠囊,"CARBETAN CAPSULES (CARBETAPENTANE) ""J.A.""",膠囊劑,TAPE,僅英文品名含貼片關鍵字片段，實際非貼附皮膚製劑,https://data.fda.gov.tw/opendata/exportDataList.do?method=ExportData&InfoId=36&logType=5,EXCLUDED_FALSE_POSITIVE,
衛署藥製字第023778號,醫嗽兒感冒顆粒（小兒用）,ECOUGHER GRANULES (FOR CHILDREN),內服顆粒劑,TAPE,候選關鍵字命中但劑型非貼布或貼片製劑,https://data.fda.gov.tw/opendata/exportDataList.do?method=ExportData&InfoId=36&logType=5,EXCLUDED_BY_DOSAGE,
衛署藥製字第023798號,利感冒液,LI COMMON COLD SOLUTION,內服液劑,TAPE,候選關鍵字命中但劑型非貼布或貼片製劑,https://data.fda.gov.tw/opendata/exportDataList.do?method=ExportData&InfoId=36&logType=5,EXCLUDED_BY_DOSAGE,
衛部藥製字第059385號,久生感冒液,"Kanmao Solution ""K.S.""",內服液劑,TAPE,候選關鍵字命中但劑型非貼布或貼片製劑,https://data.fda.gov.tw/opendata/exportDataList.do?method=ExportData&InfoId=36&logType=5,EXCLUDED_BY_DOSAGE,
衛署藥製字第032521號,咳寧液,QUANIN SOLUTION,內服液劑,TAPE,候選關鍵字命中但劑型非貼布或貼片製劑,https://data.fda.gov.tw/opendata/exportDataList.do?method=ExportData&InfoId=36&logType=5,EXCLUDED_BY_DOSAGE,
衛署藥製字第041469號,傷得風友液,Suntephenyu Solution,內服液劑,TAPE,候選關鍵字命中但劑型非貼布或貼片製劑,https://data.fda.gov.tw/opendata/exportDataList.do?method=ExportData&InfoId=36&logType=5,EXCLUDED_BY_DOSAGE,
衛署藥製字第041792號,泰克感冒膠囊〝黃氏〞,"TAKE COMMON CAPSULES ""H.S.""",膠囊劑,TAPE,候選關鍵字命中但劑型非貼布或貼片製劑,https://data.fda.gov.tw/opendata/exportDataList.do?method=ExportData&InfoId=36&logType=5,EXCLUDED_BY_DOSAGE,
衛署藥輸字第011673號,斯巴百吉麗眼藥水,SUPER PATCHIRI EYE LOTION,點眼液劑,PATCH,僅英文品名含貼片關鍵字片段，實際非貼附皮膚製劑,https://data.fda.gov.tw/opendata/exportDataList.do?method=ExportData&InfoId=36&logType=5,EXCLUDED_FALSE_POSITIVE,
衛署藥輸字第011694號,斯巴百睛麗眼藥水,SUPER PATCHIRI D EYE LOTION,眼用洗劑,PATCH,僅英文品名含貼片關鍵字片段，實際非貼附皮膚製劑,https://data.fda.gov.tw/opendata/exportDataList.do?method=ExportData&InfoId=36&logType=5,EXCLUDED_FALSE_POSITIVE,
衛署藥製字第009282號,痛熱速達液,"COLDGEN SOLUTION ""C.M.""",內服液劑,TAPE,候選關鍵字命中但劑型非貼布或貼片製劑,https://data.fda.gov.tw/opendata/exportDataList.do?method=ExportData&InfoId=36&logType=5,EXCLUDED_BY_DOSAGE,
衛署藥製字第024391號,感冒能顆粒,COLDENIN GRANULES,內服顆粒劑,TAPE,候選關鍵字命中但劑型非貼布或貼片製劑,https://data.fda.gov.tw/opendata/exportDataList.do?method=ExportData&InfoId=36&logType=5,EXCLUDED_BY_DOSAGE,
衛署藥製字第024690號,治感冒液,CHIN COMMON COLD SOLUTION,內服液劑,TAPE,候選關鍵字命中但劑型非貼布或貼片製劑,https://data.fda.gov.tw/opendata/exportDataList.do?method=ExportData&InfoId=36&logType=5,EXCLUDED_BY_DOSAGE,
衛署藥製字第033026號,賜通感冒液,Tsz Tung Cold Solution,內服液劑,TAPE,候選關鍵字命中但劑型非貼布或貼片製劑,https://data.fda.gov.tw/opendata/exportDataList.do?method=ExportData&InfoId=36&logType=5,EXCLUDED_BY_DOSAGE,
衛署藥製字第018263號,"""中美""咳立定液","Ke Li Ding Solution ""C.M.""",內服液劑,TAPE,候選關鍵字命中但劑型非貼布或貼片製劑,https://data.fda.gov.tw/opendata/exportDataList.do?method=ExportData&InfoId=36&logType=5,EXCLUDED_BY_DOSAGE,
衛署藥製字第025173號,感嗽顆粒,"KANSOU GRANULES ""S.H.""",內服顆粒劑,TAPE,候選關鍵字命中但劑型非貼布或貼片製劑,https://data.fda.gov.tw/opendata/exportDataList.do?method=ExportData&InfoId=36&logType=5,EXCLUDED_BY_DOSAGE,
衛署藥製字第043333號,舒舒口含錠,S.S TABLETS,口含錠,TAPE,候選關鍵字命中但劑型非貼布或貼片製劑,https://data.fda.gov.tw/opendata/exportDataList.do?method=ExportData&InfoId=36&logType=5,EXCLUDED_BY_DOSAGE,
衛署藥製字第011094號,掃熱咳糖漿”政行”　　　　　　　　　　　　　　　　　　　　　 S,"W GO COLD SYRUP ""C.S.""",糖漿劑,TAPE,候選關鍵字命中但劑型非貼布或貼片製劑,https://data.fda.gov.tw/opendata/exportDataList.do?method=ExportData&InfoId=36&logType=5,EXCLUDED_BY_DOSAGE,
衛署藥製字第019163號,咳嗽風必克糖漿,"HOBIT COUGH SYRUP ""CHIPHAR""",糖漿劑,TAPE,候選關鍵字命中但劑型非貼布或貼片製劑,https://data.fda.gov.tw/opendata/exportDataList.do?method=ExportData&InfoId=36&logType=5,EXCLUDED_BY_DOSAGE,
衛署藥製字第034102號,傷得風友感冒液,"SUNTEPHENYU LIQUID ""C.A.""",內服液劑,TAPE,候選關鍵字命中但劑型非貼布或貼片製劑,https://data.fda.gov.tw/opendata/exportDataList.do?method=ExportData&InfoId=36&logType=5,EXCLUDED_BY_DOSAGE,
衛署藥製字第011880號,感冒感克寧液,"KANCORLINE SOLUTION ""T.W.""",內服液劑,TAPE,候選關鍵字命中但劑型非貼布或貼片製劑,https://data.fda.gov.tw/opendata/exportDataList.do?method=ExportData&InfoId=36&logType=5,EXCLUDED_BY_DOSAGE,
衛署藥製字第019542號,卡喀安膠囊（咳貝坦）,"CARBETAPENTANE CAPSULES ""TUNG FUA""",膠囊劑,TAPE,僅英文品名含貼片關鍵字片段，實際非貼附皮膚製劑,https://data.fda.gov.tw/opendata/exportDataList.do?method=ExportData&InfoId=36&logType=5,EXCLUDED_FALSE_POSITIVE,
衛署藥製字第027152號,咳友糖漿,CO-IO SYRUPS,糖漿劑,TAPE,候選關鍵字命中但劑型非貼布或貼片製劑,https://data.fda.gov.tw/opendata/exportDataList.do?method=ExportData&InfoId=36&logType=5,EXCLUDED_BY_DOSAGE,
衛署藥製字第035089號,宜康佳感冒液,YI KANG JIA COLD SOLUTION,內服液劑,TAPE,候選關鍵字命中但劑型非貼布或貼片製劑,https://data.fda.gov.tw/opendata/exportDataList.do?method=ExportData&InfoId=36&logType=5,EXCLUDED_BY_DOSAGE,
衛署藥製字第035360號,福安感冒液,"FUAN COLD LIQUID ""MEIDER""",內服液劑,TAPE,候選關鍵字命中但劑型非貼布或貼片製劑,https://data.fda.gov.tw/opendata/exportDataList.do?method=ExportData&InfoId=36&logType=5,EXCLUDED_BY_DOSAGE,
衛署藥製字第012873號,感冒城液,GAAN MAW CHERNG SOLUTION,內服液劑,TAPE,候選關鍵字命中但劑型非貼布或貼片製劑,https://data.fda.gov.tw/opendata/exportDataList.do?method=ExportData&InfoId=36&logType=5,EXCLUDED_BY_DOSAGE,
衛署藥製字第013134號,"""救人""救嗽感冒液","COLD SOLUTION ""C.J.""",內服液劑,TAPE,候選關鍵字命中但劑型非貼布或貼片製劑,https://data.fda.gov.tw/opendata/exportDataList.do?method=ExportData&InfoId=36&logType=5,EXCLUDED_BY_DOSAGE,
衛署藥製字第013215號,感冒液,"KANMAO SOLUTION ""K.S.""",內服液劑,TAPE,候選關鍵字命中但劑型非貼布或貼片製劑,https://data.fda.gov.tw/opendata/exportDataList.do?method=ExportData&InfoId=36&logType=5,EXCLUDED_BY_DOSAGE,
衛署藥製字第013234號,理風寧感冒糖漿,"LII HON NING COMMON COLD SYRUP ""Y.S.""",糖漿劑,TAPE,候選關鍵字命中但劑型非貼布或貼片製劑,https://data.fda.gov.tw/opendata/exportDataList.do?method=ExportData&InfoId=36&logType=5,EXCLUDED_BY_DOSAGE,
衛署藥製字第028469號,"""長安""捷康感冒液","JAICON COLD SOLUTION ""C.A.""",內服液劑,TAPE,候選關鍵字命中但劑型非貼布或貼片製劑,https://data.fda.gov.tw/opendata/exportDataList.do?method=ExportData&InfoId=36&logType=5,EXCLUDED_BY_DOSAGE,
衛署藥製字第028509號,"""長安""癒咳舒糖漿",EUCOSU SYRUP,糖漿劑,TAPE,候選關鍵字命中但劑型非貼布或貼片製劑,https://data.fda.gov.tw/opendata/exportDataList.do?method=ExportData&InfoId=36&logType=5,EXCLUDED_BY_DOSAGE,
衛署藥製字第036463號,傷風克感冒液,GRIPPETIN COLD SOLUTION,內服液劑,TAPE,候選關鍵字命中但劑型非貼布或貼片製劑,https://data.fda.gov.tw/opendata/exportDataList.do?method=ExportData&InfoId=36&logType=5,EXCLUDED_BY_DOSAGE,
衛部藥製字第061040號,清栓定膜衣錠90毫克,Ticagrel Film-Coated Tablets 90mg,膜衣錠,經皮,候選關鍵字命中但劑型非貼布或貼片製劑,https://data.fda.gov.tw/opendata/exportDataList.do?method=ExportData&InfoId=36&logType=5,EXCLUDED_BY_DOSAGE,
衛署藥製字第009441號,特咳拉斯糖衣錠,"TOCLAS S.C. TABLETS ""YU SHENG""",糖衣錠,TAPE,候選關鍵字命中但劑型非貼布或貼片製劑,https://data.fda.gov.tw/opendata/exportDataList.do?method=ExportData&InfoId=36&logType=5,EXCLUDED_BY_DOSAGE,
衛署藥製字第018619號,咳淨錠（咳貝坦）,"CARBETANE TABLETS (CARBETAPENTANE) ""WILSON""",錠劑,TAPE,僅英文品名含貼片關鍵字片段，實際非貼附皮膚製劑,https://data.fda.gov.tw/opendata/exportDataList.do?method=ExportData&InfoId=36&logType=5,EXCLUDED_FALSE_POSITIVE,
衛署藥製字第018757號,滅傷風膠囊,MISSION CAPSULES,膠囊劑,TAPE,候選關鍵字命中但劑型非貼布或貼片製劑,https://data.fda.gov.tw/opendata/exportDataList.do?method=ExportData&InfoId=36&logType=5,EXCLUDED_BY_DOSAGE,
衛署藥製字第018933號,癒爾咳糖漿,"ANTITUSSIN SYRUP ""WILSON""",糖漿劑,TAPE,候選關鍵字命中但劑型非貼布或貼片製劑,https://data.fda.gov.tw/opendata/exportDataList.do?method=ExportData&InfoId=36&logType=5,EXCLUDED_BY_DOSAGE,
衛署藥製字第018965號,嗽治優糖漿,"SOU CHIH YU SYRUP""S.H.""",糖漿劑,TAPE,候選關鍵字命中但劑型非貼布或貼片製劑,https://data.fda.gov.tw/opendata/exportDataList.do?method=ExportData&InfoId=36&logType=5,EXCLUDED_BY_DOSAGE,
衛署藥製字第029610號,感冒能顆粒,COLDENIN GRANULES,內服顆粒劑,TAPE,候選關鍵字命中但劑型非貼布或貼片製劑,https://data.fda.gov.tw/opendata/exportDataList.do?method=ExportData&InfoId=36&logType=5,EXCLUDED_BY_DOSAGE,
衛署藥製字第029756號,佳生感冒糖漿,"ANTICOLD SYRUP ""C.S.""",糖漿劑,TAPE,候選關鍵字命中但劑型非貼布或貼片製劑,https://data.fda.gov.tw/opendata/exportDataList.do?method=ExportData&InfoId=36&logType=5,EXCLUDED_BY_DOSAGE,
衛署藥製字第037589號,麥克感冒膠囊,MIKE ANTICOLD CAPSULES,膠囊劑,TAPE,候選關鍵字命中但劑型非貼布或貼片製劑,https://data.fda.gov.tw/opendata/exportDataList.do?method=ExportData&InfoId=36&logType=5,EXCLUDED_BY_DOSAGE,
衛部藥輸字第028368號,益他培南凍晶注射劑1公克,Ertapenem Fresenius Kabi 1g lyophilized powder for concentrate for solution for infusion,凍晶注射劑,TAPE,僅英文品名含貼片關鍵字片段，實際非貼附皮膚製劑,https://data.fda.gov.tw/opendata/exportDataList.do?method=ExportData&InfoId=36&logType=5,EXCLUDED_FALSE_POSITIVE,
衛署藥製字第050126號,“信東”絡柔奎膜衣錠 75 毫克,Clogrel Film Coated Tablets 75mg (Clopidogrel),膜衣錠,經皮,候選關鍵字命中但劑型非貼布或貼片製劑,https://data.fda.gov.tw/opendata/exportDataList.do?method=ExportData&InfoId=36&logType=5,EXCLUDED_BY_DOSAGE,
衛署藥輸字第018984號,萊特黴素注射劑５００公絲,RATTAPEN INJECTION,注射劑,TAPE,僅英文品名含貼片關鍵字片段，實際非貼附皮膚製劑,https://data.fda.gov.tw/opendata/exportDataList.do?method=ExportData&InfoId=36&logType=5,EXCLUDED_FALSE_POSITIVE,
衛部菌疫輸字第001126號,輔流威適流感疫苗,FLUCELVAX QUAD,懸浮注射劑,TTS,候選關鍵字命中但劑型非貼布或貼片製劑,https://data.fda.gov.tw/opendata/exportDataList.do?method=ExportData&InfoId=36&logType=5,EXCLUDED_BY_DOSAGE,
衛署藥製字第038015號,麥克嗽錠３０公絲（咳貝坦）,"MAKASA TABLETS 30MG ""KINK"" (CARBETAPENTANE)",錠劑,TAPE,僅英文品名含貼片關鍵字片段，實際非貼附皮膚製劑,https://data.fda.gov.tw/opendata/exportDataList.do?method=ExportData&InfoId=36&logType=5,EXCLUDED_FALSE_POSITIVE,
衛署藥製字第055026號,固宜通膜衣錠 75 毫克,Clopidogrel F.C. Tablets 75 mg“C.Y.H.”,膜衣錠,經皮,候選關鍵字命中但劑型非貼布或貼片製劑,https://data.fda.gov.tw/opendata/exportDataList.do?method=ExportData&InfoId=36&logType=5,EXCLUDED_BY_DOSAGE,
衛署藥製字第055044號,“榮民”栓除膜衣錠 75 毫克,Platout Film Coated Tablets 75mg,膜衣錠,經皮,候選關鍵字命中但劑型非貼布或貼片製劑,https://data.fda.gov.tw/opendata/exportDataList.do?method=ExportData&InfoId=36&logType=5,EXCLUDED_BY_DOSAGE,
衛署菌疫輸字第000836號,艾非特基因工程第八凝血因子製劑 500國際單位,Advate 500 IU Powder And Solvent For Injection,凍晶注射劑,貼布,候選關鍵字命中但劑型非貼布或貼片製劑,https://data.fda.gov.tw/opendata/exportDataList.do?method=ExportData&InfoId=36&logType=5,EXCLUDED_BY_DOSAGE,
衛署藥製字第013360號,咳貝坦膠囊３０公絲,"CARBETAPENTANE CAPSULES 30MG ""S.T.""",膠囊劑,TAPE,僅英文品名含貼片關鍵字片段，實際非貼附皮膚製劑,https://data.fda.gov.tw/opendata/exportDataList.do?method=ExportData&InfoId=36&logType=5,EXCLUDED_FALSE_POSITIVE,
衛署藥製字第057140號,"""優生""栓化膜衣錠75毫克","Clofree F.C. Tablets 75mg ""Yu Sheng""",膜衣錠,經皮,候選關鍵字命中但劑型非貼布或貼片製劑,https://data.fda.gov.tw/opendata/exportDataList.do?method=ExportData&InfoId=36&logType=5,EXCLUDED_BY_DOSAGE,
衛署菌疫輸字第000837號,艾非特基因工程第八凝血因子製劑250國際單位,Advate 250 IU Powder And Solvent For Injection,凍晶注射劑,貼布,候選關鍵字命中但劑型非貼布或貼片製劑,https://data.fda.gov.tw/opendata/exportDataList.do?method=ExportData&InfoId=36&logType=5,EXCLUDED_BY_DOSAGE,
衛署藥製字第039894號,"""瑞安"" 增骨密注射液５０國際單位/毫升（鮭魚抑鈣激素）","CALCININ INJECTION 50I.U./ML (SALMON CALCITONIN) ""PURZER""",注射劑,經皮,候選關鍵字命中但劑型非貼布或貼片製劑,https://data.fda.gov.tw/opendata/exportDataList.do?method=ExportData&InfoId=36&logType=5,EXCLUDED_BY_DOSAGE,
衛部藥製字第059078號,"""松瑞""厄他培南注射劑1公克","Ertapenem for injection ""SLC"" 1g",凍晶乾粉注射劑,TAPE,僅英文品名含貼片關鍵字片段，實際非貼附皮膚製劑,https://data.fda.gov.tw/opendata/exportDataList.do?method=ExportData&InfoId=36&logType=5,EXCLUDED_FALSE_POSITIVE,
衛署藥製字第040512號,鎮嗽糖漿,TUSSIN SYRUP,糖漿劑,TAPE,候選關鍵字命中但劑型非貼布或貼片製劑,https://data.fda.gov.tw/opendata/exportDataList.do?method=ExportData&InfoId=36&logType=5,EXCLUDED_BY_DOSAGE,
衛署藥輸字第023459號,應治凝注射液2公絲/公撮,INTEGRILIN INJECTION 2MG/ML,注射劑,經皮,候選關鍵字命中但劑型非貼布或貼片製劑,https://data.fda.gov.tw/opendata/exportDataList.do?method=ExportData&InfoId=36&logType=5,EXCLUDED_BY_DOSAGE,
衛署藥製字第024082號,小兒熱之80綜合感冒顆粒,Children's Aceta 80 Cold & Flu Granules,內服顆粒劑,TAPE,候選關鍵字命中但劑型非貼布或貼片製劑,https://data.fda.gov.tw/opendata/exportDataList.do?method=ExportData&InfoId=36&logType=5,EXCLUDED_BY_DOSAGE,
衛署藥製字第024093號,小兒咳熱散,"CHILDREN K'O LO SAN ""T.T.""",散劑,TAPE,候選關鍵字命中但劑型非貼布或貼片製劑,https://data.fda.gov.tw/opendata/exportDataList.do?method=ExportData&InfoId=36&logType=5,EXCLUDED_BY_DOSAGE,
衛署藥輸字第007628號,咳服比當錠,COFBETAN TABLETS,錠劑,TAPE,候選關鍵字命中但劑型非貼布或貼片製劑,https://data.fda.gov.tw/opendata/exportDataList.do?method=ExportData&InfoId=36&logType=5,EXCLUDED_BY_DOSAGE,
衛署藥製字第026446號,傷風安治寧顆粒,ANCHININ COLD GRANULES,內服顆粒劑,TAPE,候選關鍵字命中但劑型非貼布或貼片製劑,https://data.fda.gov.tw/opendata/exportDataList.do?method=ExportData&InfoId=36&logType=5,EXCLUDED_BY_DOSAGE,
衛署藥製字第048649號,"""生達"" 適風妥膜衣錠75毫克","Cloflow F.C. tablets 75mg ""Standard"" (Clopidogrel)",膜衣錠,經皮,候選關鍵字命中但劑型非貼布或貼片製劑,https://data.fda.gov.tw/opendata/exportDataList.do?method=ExportData&InfoId=36&logType=5,EXCLUDED_BY_DOSAGE,
衛署藥製字第048730號,健克栓膜衣錠 75 毫克,Thrombifree F.C. Tablets 75 mg,膜衣錠,經皮,候選關鍵字命中但劑型非貼布或貼片製劑,https://data.fda.gov.tw/opendata/exportDataList.do?method=ExportData&InfoId=36&logType=5,EXCLUDED_BY_DOSAGE,
衛部藥製字第062346號,”松瑞” 厄他可乾粉注射劑1公克,Ertacure “SLC” Injection 1g,凍晶乾粉注射劑,TAPE,候選關鍵字命中但劑型非貼布或貼片製劑,https://data.fda.gov.tw/opendata/exportDataList.do?method=ExportData&InfoId=36&logType=5,EXCLUDED_BY_DOSAGE,
衛署藥製字第007997號,潔喉治咳膠囊,"CARBETANE CAPSULES ""M.S.""",膠囊劑,TAPE,候選關鍵字命中但劑型非貼布或貼片製劑,https://data.fda.gov.tw/opendata/exportDataList.do?method=ExportData&InfoId=36&logType=5,EXCLUDED_BY_DOSAGE,
衛署藥製字第036728號,"""聯邦"" 風引液","FONING SOLUTION ""UNION""",內服液劑,TAPE,候選關鍵字命中但劑型非貼布或貼片製劑,https://data.fda.gov.tw/opendata/exportDataList.do?method=ExportData&InfoId=36&logType=5,EXCLUDED_BY_DOSAGE,
衛署藥製字第042727號,診嗽糖漿,JUNSO SYRUP,糖漿劑,TAPE,候選關鍵字命中但劑型非貼布或貼片製劑,https://data.fda.gov.tw/opendata/exportDataList.do?method=ExportData&InfoId=36&logType=5,EXCLUDED_BY_DOSAGE,
衛署藥製字第010059號,敷康軟膏,"FOO-FORT OINTMENT ""GED""",軟膏劑,經皮,候選關鍵字命中但劑型非貼布或貼片製劑,https://data.fda.gov.tw/opendata/exportDataList.do?method=ExportData&InfoId=36&logType=5,EXCLUDED_BY_DOSAGE,
衛署藥製字第050241號,克免栓膜衣錠75毫克,Clotinil F.C. Tablets 75mg,膜衣錠,經皮,候選關鍵字命中但劑型非貼布或貼片製劑,https://data.fda.gov.tw/opendata/exportDataList.do?method=ExportData&InfoId=36&logType=5,EXCLUDED_BY_DOSAGE,
衛署藥製字第021398號,優利爽乳膏　〝久保〞,"URESON CREAM ""CHIUPO""",乳膏劑,經皮,候選關鍵字命中但劑型非貼布或貼片製劑,https://data.fda.gov.tw/opendata/exportDataList.do?method=ExportData&InfoId=36&logType=5,EXCLUDED_BY_DOSAGE,
衛署藥製字第031077號,感風錠,KANFON TABLETS,錠劑,TAPE,候選關鍵字命中但劑型非貼布或貼片製劑,https://data.fda.gov.tw/opendata/exportDataList.do?method=ExportData&InfoId=36&logType=5,EXCLUDED_BY_DOSAGE,
衛署藥製字第056629號,樂脂妥長效緩釋膜衣錠80毫克,Lecitol XL Film-coated Tablets 80mg,緩釋膜衣錠,穿皮,候選關鍵字命中但劑型非貼布或貼片製劑,https://data.fda.gov.tw/opendata/exportDataList.do?method=ExportData&InfoId=36&logType=5,EXCLUDED_BY_DOSAGE,
衛署藥製字第041575號,治咳安液,"ZCON SOLUTION ""H.S.""",內服液劑,TAPE,候選關鍵字命中但劑型非貼布或貼片製劑,https://data.fda.gov.tw/opendata/exportDataList.do?method=ExportData&InfoId=36&logType=5,EXCLUDED_BY_DOSAGE,
